,season,week,home_team,away_team,home_rest,away_rest,home_avg_points,home_passing_avg,home_rushing_avg,home_avg_turnovers,home_avg_points_allowed,home_penalties_avg,home_avg_passing_yards_allowed,home_avg_rushing_yards_allowed,home_def_sacks_per_game,home_def_int_per_game,home_fg_pct,away_avg_points,away_passing_avg,away_rushing_avg,away_avg_turnovers,away_avg_points_allowed,away_penalties_avg,away_avg_passing_yards_allowed,away_avg_rushing_yards_allowed,away_def_sacks_per_game,away_def_int_per_game,away_fg_pct,home_win
0,2015,2,KC,DEN,4,4,27.0,243.0,97.0,0.0,20.0,2.0,334.0,98.0,5.0,1.0,0.67,19.0,175.0,69.0,1.0,13.0,8.0,117.0,73.0,2.0,2.0,1.0,0
1,2015,2,BUF,NE,7,10,27.0,195.0,147.0,0.0,14.0,11.0,243.0,64.0,2.0,2.0,1.0,28.0,288.0,80.0,0.0,21.0,7.0,351.0,134.0,3.0,1.0,0.0,0
2,2015,2,CAR,HOU,7,7,20.0,175.0,105.0,1.0,9.0,3.0,183.0,96.0,5.0,2.0,0.5,20.0,334.0,98.0,2.0,27.0,6.0,243.0,97.0,2.0,0.0,1.0,1
3,2015,2,CHI,ARI,7,7,23.0,225.0,189.0,1.0,31.0,6.0,189.0,133.0,0.0,0.0,1.0,31.0,307.0,120.0,1.0,19.0,5.0,355.0,54.0,2.0,1.0,1.0,0
4,2015,2,CIN,SD,7,7,33.0,269.0,127.0,0.0,13.0,6.0,203.0,63.0,2.0,1.0,1.0,0.0,0.0,0.0,0.0,0.0,0.0,0.0,0.0,0.0,0.0,0.0,1
5,2015,2,CLE,TEN,7,7,10.0,231.0,104.0,4.0,31.0,12.0,179.0,154.0,0.0,1.0,1.0,42.0,209.0,124.0,1.0,14.0,8.0,210.0,92.0,4.0,2.0,0.0,1
6,2015,2,MIN,DET,6,7,3.0,231.0,71.0,1.0,20.0,5.0,165.0,230.0,1.0,0.0,0.5,28.0,246.0,69.0,2.0,33.0,4.0,403.0,96.0,2.0,2.0,0.0,1
7,2015,2,NO,TB,7,7,19.0,355.0,54.0,1.0,31.0,7.0,307.0,120.0,0.0,0.0,1.0,14.0,210.0,92.0,2.0,42.0,12.0,209.0,124.0,2.0,0.0,0.0,0
8,2015,2,NYG,ATL,7,6,26.0,189.0,99.0,0.0,27.0,5.0,356.0,80.0,0.0,2.0,1.0,26.0,298.0,105.0,2.0,24.0,7.0,336.0,63.0,0.0,2.0,1.0,0
9,2015,2,PIT,SF,10,6,21.0,351.0,134.0,1.0,28.0,8.0,288.0,80.0,2.0,0.0,0.5,20.0,165.0,230.0,0.0,3.0,8.0,231.0,71.0,5.0,1.0,0.67,1
10,2015,2,WAS,STL,7,7,10.0,196.0,161.0,2.0,17.0,11.0,226.0,74.0,3.0,0.0,0.5,0.0,0.0,0.0,0.0,0.0,0.0,0.0,0.0,0.0,0.0,0.0,1
11,2015,2,JAX,MIA,7,7,9.0,183.0,96.0,3.0,20.0,3.0,175.0,105.0,2.0,1.0,0.5,17.0,226.0,74.0,1.0,10.0,6.0,196.0,161.0,1.0,2.0,1.0,1
12,2015,2,OAK,BAL,7,7,0.0,0.0,0.0,0.0,0.0,0.0,0.0,0.0,0.0,0.0,0.0,13.0,117.0,73.0,2.0,19.0,3.0,175.0,69.0,4.0,1.0,1.0,1
13,2015,2,PHI,DAL,6,7,24.0,336.0,63.0,2.0,26.0,10.0,298.0,105.0,1.0,2.0,0.5,27.0,356.0,80.0,3.0,26.0,3.0,189.0,99.0,1.0,0.0,1.0,0
14,2015,2,GB,SEA,7,7,31.0,189.0,133.0,0.0,23.0,10.0,225.0,189.0,2.0,1.0,1.0,31.0,251.0,124.0,1.0,34.0,7.0,297.0,76.0,2.0,0.0,1.0,1
15,2015,2,IND,NYJ,8,8,14.0,243.0,64.0,2.0,27.0,5.0,195.0,147.0,0.0,0.0,0.0,31.0,179.0,154.0,1.0,10.0,4.0,231.0,104.0,3.0,1.0,1.0,0
16,2015,3,NYG,WAS,4,4,23.0,240.5,98.0,0.5,25.5,5.5,359.5,68.0,1.0,1.0,1.0,17.0,199.5,171.5,1.5,13.5,9.0,188.0,70.5,1.5,0.0,0.67,1
17,2015,3,BAL,CIN,7,7,23.0,250.5,91.0,2.0,28.0,6.5,263.0,83.0,2.5,1.0,1.0,28.5,241.5,151.0,1.0,16.0,7.5,222.0,97.0,3.0,1.0,0.75,0
18,2015,3,CAR,NO,7,7,22.0,185.0,138.5,1.0,13.0,6.5,213.5,78.5,3.0,1.5,0.5,19.0,305.0,79.0,2.0,28.5,8.5,257.0,129.5,1.5,0.0,0.8,1
19,2015,3,CLE,OAK,7,7,19.0,201.5,110.0,2.0,22.5,8.0,218.0,160.0,3.5,0.5,1.0,0.0,0.0,0.0,0.0,0.0,0.0,0.0,0.0,0.0,0.0,0.0,0
20,2015,3,DAL,ATL,7,7,23.5,312.0,94.5,2.5,18.0,10.5,206.5,53.0,1.0,1.0,1.0,25.0,330.5,80.5,1.0,22.0,6.5,314.0,80.0,1.0,1.0,1.0,0
21,2015,3,HOU,TB,7,7,18.5,289.0,79.5,1.5,25.5,8.0,219.0,134.5,2.0,0.5,1.0,20.0,208.5,115.5,2.0,30.5,11.5,232.0,114.0,3.0,0.5,0.8,1
22,2015,3,MIN,SD,7,7,14.5,192.0,135.0,1.0,18.0,7.5,225.5,134.0,1.0,0.5,0.75,0.0,0.0,0.0,0.0,0.0,0.0,0.0,0.0,0.0,0.0,0.0,1
23,2015,3,NE,JAX,7,7,34.0,377.0,68.0,1.0,26.5,9.0,296.5,147.0,5.5,2.0,1.0,16.0,228.0,109.5,1.5,20.0,6.0,267.0,73.5,2.0,0.5,0.8,1
24,2015,3,NYJ,PHI,6,7,25.5,211.5,127.5,1.0,8.5,6.0,240.5,98.5,1.5,2.0,0.75,17.0,280.0,35.0,2.5,23.0,9.0,283.0,107.0,2.0,1.0,0.67,0
25,2015,3,STL,PIT,7,7,0.0,0.0,0.0,0.0,0.0,0.0,0.0,0.0,0.0,0.0,0.0,32.0,360.0,109.0,0.5,23.0,7.5,311.5,95.5,3.5,0.0,0.5,0
26,2015,3,TEN,IND,7,6,28.0,233.0,145.0,2.0,21.0,8.5,191.0,104.0,3.0,1.0,0.0,10.5,246.5,78.5,3.5,23.5,8.0,219.5,124.0,0.5,0.5,0.0,0
27,2015,3,ARI,SF,7,7,39.5,246.0,117.5,1.0,21.0,6.5,298.0,81.5,2.0,1.5,1.0,19.0,250.0,170.5,0.5,23.0,7.5,300.0,77.5,2.5,0.5,0.75,1
28,2015,3,MIA,BUF,7,7,18.5,292.5,58.0,0.5,16.5,9.5,234.5,142.0,0.5,1.0,0.75,29.5,218.5,153.5,1.5,27.0,12.5,354.5,60.0,2.0,1.0,1.0,0
29,2015,3,SEA,CHI,7,7,24.0,228.5,121.5,1.5,30.5,6.5,273.0,101.5,2.0,0.0,1.0,23.0,233.0,149.0,1.5,39.5,10.0,187.0,124.0,0.0,0.5,1.0,1
30,2015,3,DET,DEN,7,10,22.0,266.0,53.5,2.5,29.5,5.0,278.0,147.5,1.5,1.0,1.0,25.0,215.5,65.0,1.0,18.5,8.0,154.0,110.0,3.5,2.0,1.0,0
31,2015,3,GB,KC,8,11,29.0,219.0,130.0,0.5,20.0,8.0,215.5,154.0,2.0,1.0,1.0,25.5,217.0,122.0,2.0,25.5,5.5,295.0,79.5,4.0,1.0,0.75,1
32,2015,4,PIT,BAL,4,4,25.33,316.67,93.33,0.67,17.33,6.33,273.33,87.33,3.0,0.33,0.67,23.33,287.67,72.67,1.67,28.0,8.67,303.0,84.0,2.33,1.0,0.88,0
33,2015,4,MIA,NYJ,7,7,17.0,294.0,72.67,1.33,24.67,8.33,248.67,145.0,0.33,0.67,0.75,22.67,235.33,100.67,2.0,13.67,6.0,199.67,106.67,1.33,1.33,0.8,0
34,2015,4,ATL,HOU,7,7,29.67,315.33,106.33,0.67,24.0,6.33,286.67,95.67,1.33,1.0,1.0,18.67,268.67,115.0,1.33,20.0,7.33,233.0,108.67,1.33,0.67,0.83,1
35,2015,4,BUF,NYG,7,10,33.33,238.0,152.67,1.0,22.67,10.0,335.33,74.0,2.0,1.67,0.8,26.0,253.33,93.33,0.33,24.0,6.33,345.0,74.67,1.0,1.33,1.0,0
36,2015,4,CHI,OAK,7,7,15.33,176.33,132.0,1.0,35.0,8.67,203.0,135.67,1.33,0.33,1.0,0.0,0.0,0.0,0.0,0.0,0.0,0.0,0.0,0.0,0.0,0.0,1
37,2015,4,CIN,KC,7,6,28.33,288.67,129.33,1.33,18.67,8.0,268.67,76.67,2.0,1.0,0.75,26.33,241.33,106.33,1.67,29.67,6.0,307.67,94.0,3.0,0.67,0.75,1
38,2015,4,IND,JAX,7,7,18.67,251.0,96.67,3.0,26.67,9.0,268.67,112.0,1.33,1.0,0.0,16.33,232.67,92.0,1.33,30.33,6.33,297.33,90.67,2.0,0.33,0.83,1
39,2015,4,TB,CAR,7,7,16.33,226.0,96.0,1.67,26.67,11.0,230.67,138.0,2.33,0.67,0.56,23.67,228.33,132.0,0.67,16.0,7.67,245.67,75.67,2.33,1.33,0.62,0
40,2015,4,WAS,PHI,10,7,18.33,238.33,143.67,2.0,19.67,8.33,218.33,75.0,1.0,0.0,0.8,19.33,226.0,64.33,2.0,21.0,7.67,283.0,87.0,1.67,1.67,0.75,1
41,2015,4,SD,CLE,7,7,0.0,0.0,0.0,0.0,0.0,0.0,0.0,0.0,0.0,0.0,0.0,19.33,248.0,86.33,1.67,24.0,7.33,250.0,158.33,2.33,0.33,1.0,1
42,2015,4,ARI,STL,7,7,42.0,267.67,124.67,1.0,16.33,5.67,221.0,88.67,2.0,2.33,1.0,0.0,0.0,0.0,0.0,0.0,0.0,0.0,0.0,0.0,0.0,0.0,0
43,2015,4,DEN,MIN,7,7,24.67,251.67,57.0,1.33,16.33,8.33,196.67,82.67,3.67,2.0,1.0,20.0,168.33,144.33,1.0,16.67,6.0,253.33,119.33,2.0,0.67,0.8,1
44,2015,4,SF,GB,7,6,15.0,189.0,148.0,1.67,31.0,7.0,303.67,98.0,2.0,0.67,0.75,32.0,257.0,127.67,0.33,22.67,9.33,240.33,127.67,3.67,1.0,1.0,0
45,2015,4,NO,DAL,7,7,20.0,306.67,76.0,2.0,28.0,8.33,276.33,126.0,1.33,0.0,0.83,25.0,285.33,105.33,2.0,25.0,8.67,232.67,88.0,1.0,0.67,1.0,1
46,2015,4,SEA,DET,8,8,24.67,230.67,134.0,1.0,20.33,6.0,203.0,100.33,2.0,0.0,1.0,18.67,271.33,45.0,2.67,27.67,6.33,293.33,112.0,1.33,1.0,1.0,1
47,2015,5,HOU,IND,4,4,19.25,297.0,99.75,2.0,27.0,6.75,238.75,115.25,1.5,0.5,0.71,18.0,258.75,87.5,2.75,23.25,7.75,276.0,119.5,1.25,0.75,0.6,0
48,2015,5,ATL,WAS,7,7,34.25,300.5,113.5,0.5,23.25,7.25,310.5,85.25,1.25,1.0,1.0,19.5,251.25,139.5,1.75,19.75,8.75,231.25,78.0,2.0,0.0,0.88,1
49,2015,5,BAL,CLE,10,7,23.25,262.25,102.25,1.75,26.0,7.5,258.25,104.75,2.75,0.75,0.91,21.25,275.0,89.75,1.5,25.5,8.5,277.0,141.5,2.25,0.25,1.0,0
50,2015,5,CIN,SEA,7,6,30.25,296.75,128.0,1.0,19.25,8.75,298.0,85.75,2.75,0.75,0.6,21.75,244.75,128.0,1.25,17.75,5.75,203.0,88.5,1.5,0.0,1.0,1
51,2015,5,GB,STL,7,7,28.25,248.75,136.25,0.25,17.75,9.0,220.25,115.0,4.25,1.0,0.88,0.0,0.0,0.0,0.0,0.0,0.0,0.0,0.0,0.0,0.0,0.0,1
52,2015,5,KC,CHI,7,7,25.0,277.5,108.0,1.5,31.25,6.25,311.0,101.5,2.25,0.5,0.91,17.0,202.5,123.5,1.25,31.25,8.25,201.25,119.25,1.5,0.5,1.0,0
53,2015,5,PHI,NO,7,7,19.5,237.0,70.0,1.75,21.5,7.75,284.75,97.0,1.5,1.25,0.6,21.5,319.75,82.75,1.5,26.0,8.25,268.75,123.25,1.75,0.0,0.78,1
54,2015,5,TB,JAX,7,7,18.0,241.25,107.25,2.25,29.25,9.5,204.0,136.75,2.25,0.5,0.5,15.5,249.0,104.5,1.0,26.75,8.0,293.5,83.0,2.25,0.25,0.7,1
55,2015,5,TEN,BUF,14,7,29.67,277.67,126.0,2.0,25.67,7.67,214.0,113.67,3.0,1.33,1.0,27.5,247.0,128.25,1.25,23.0,11.75,304.5,78.5,1.75,1.5,0.71,0
56,2015,5,DET,ARI,6,7,16.5,254.25,47.0,2.25,24.0,5.75,291.75,111.5,2.5,0.75,1.0,37.0,288.75,121.75,1.25,18.25,5.0,208.5,107.5,1.75,1.75,1.0,0
57,2015,5,DAL,NE,7,14,23.75,275.5,107.75,1.5,25.25,8.0,264.25,91.75,1.5,0.5,1.0,39.67,370.67,87.0,0.67,23.33,7.33,278.33,117.0,4.33,1.67,1.0,0
58,2015,5,OAK,DEN,7,7,0.0,0.0,0.0,0.0,0.0,0.0,0.0,0.0,0.0,0.0,0.0,24.25,242.0,78.75,1.5,17.25,8.25,214.75,90.25,4.5,1.5,1.0,0
59,2015,5,NYG,SF,7,7,25.5,243.0,93.0,0.5,20.5,7.5,327.25,69.75,1.25,1.25,1.0,12.0,181.75,130.25,1.5,27.5,6.25,283.75,114.0,2.25,0.5,0.8,1
60,2015,5,SD,PIT,8,11,0.0,0.0,0.0,0.0,0.0,0.0,0.0,0.0,0.0,0.0,0.0,24.0,268.5,111.75,0.5,18.75,5.75,251.5,113.25,3.5,0.5,0.6,0
61,2015,6,NO,ATL,4,4,20.6,322.8,85.4,2.0,28.6,8.0,281.6,135.8,1.4,0.4,0.8,32.4,291.2,126.0,1.0,22.4,6.6,292.2,78.4,1.2,1.2,0.8,1
62,2015,6,BUF,CIN,7,7,24.8,220.2,128.0,1.0,21.0,10.8,281.0,82.2,1.8,1.4,0.71,29.6,303.6,124.2,1.2,20.2,8.4,281.0,108.6,3.0,0.8,0.71,0
63,2015,6,CLE,DEN,7,7,23.6,311.4,88.4,1.2,26.4,8.6,263.6,149.4,2.0,0.2,1.0,22.6,246.8,71.6,1.6,15.8,7.8,221.6,85.2,4.4,1.4,1.0,0
64,2015,6,DET,CHI,7,7,16.6,279.2,48.8,3.0,27.6,6.4,267.6,126.6,2.4,0.6,1.0,17.2,212.4,116.2,1.2,28.4,7.8,197.2,118.8,1.8,0.4,1.0,1
65,2015,6,JAX,HOU,7,10,18.6,259.8,94.6,1.2,29.0,7.0,276.6,103.0,2.2,0.2,0.73,19.4,310.0,96.2,2.0,27.0,8.0,233.6,114.2,1.2,0.4,0.78,0
66,2015,6,MIN,KC,14,7,20.0,193.5,136.5,1.0,18.25,6.75,243.25,125.5,2.0,1.0,0.75,23.4,258.2,109.8,1.2,28.6,5.6,299.2,98.6,2.2,0.4,0.79,1
67,2015,6,NYJ,WAS,14,7,23.75,231.0,127.25,1.75,13.75,8.0,199.25,94.75,1.75,1.5,0.75,19.4,244.8,121.8,1.8,20.8,8.0,235.8,97.6,2.2,0.4,0.82,1
68,2015,6,PIT,ARI,6,7,24.0,255.4,120.4,0.6,19.0,6.2,274.2,101.0,3.2,0.6,0.64,38.0,265.2,134.8,1.0,18.0,5.8,242.6,97.2,1.6,2.2,1.0,1
69,2015,6,TEN,MIA,7,14,25.5,255.0,118.75,1.75,22.75,8.0,188.75,117.0,3.25,1.0,1.0,16.25,270.0,69.25,1.5,25.25,8.5,241.0,160.5,0.25,0.75,0.75,0
70,2015,6,SEA,CAR,7,14,22.2,238.4,142.4,1.2,19.6,6.6,228.6,92.6,2.0,0.2,1.0,27.0,202.25,132.25,0.75,17.75,7.0,256.0,92.0,2.25,2.0,0.73,0
71,2015,6,GB,SD,7,6,27.4,247.2,126.2,0.8,16.2,8.6,208.4,130.2,4.0,1.6,0.89,0.0,0.0,0.0,0.0,0.0,0.0,0.0,0.0,0.0,0.0,0.0,1
72,2015,6,SF,BAL,7,7,15.0,197.8,129.0,1.2,28.0,5.8,315.2,108.0,1.8,0.6,0.86,24.6,251.8,118.0,1.4,27.4,8.4,298.0,100.4,3.0,0.6,0.85,1
73,2015,6,IND,NE,10,7,19.8,249.6,92.0,2.2,22.6,7.6,293.2,112.0,1.2,1.0,0.71,37.25,346.75,92.5,0.5,19.0,7.75,255.5,113.25,4.0,1.5,1.0,0
74,2015,6,PHI,NYG,8,8,23.4,256.2,93.2,1.8,20.6,7.0,294.8,96.8,2.2,1.2,0.78,26.4,282.6,91.2,0.6,21.8,7.2,314.2,80.6,1.4,1.0,1.0,1
75,2015,7,SF,SEA,4,4,16.67,221.5,118.33,1.0,26.67,5.5,319.83,102.83,1.5,0.83,0.91,22.33,238.83,137.83,1.0,20.83,6.67,235.33,99.67,2.17,0.5,1.0,0
76,2015,7,JAX,BUF,7,7,18.83,271.67,92.67,1.5,29.33,7.0,279.33,101.67,2.0,0.17,0.73,24.17,227.33,125.33,1.0,23.17,10.33,274.67,87.17,1.5,1.17,0.71,1
77,2015,7,DET,MIN,7,7,20.0,300.17,66.5,2.67,28.67,7.0,281.83,120.67,2.17,0.67,1.0,19.2,204.6,126.0,1.2,16.6,6.4,251.0,111.8,2.0,0.8,0.82,0
78,2015,7,IND,NO,7,10,21.0,260.0,96.67,1.83,24.5,8.17,296.33,112.67,1.33,1.0,0.71,22.33,321.0,84.67,1.67,27.33,7.17,283.83,138.17,2.0,0.33,0.69,0
79,2015,7,KC,PIT,7,7,21.17,262.17,101.0,1.17,26.5,6.0,290.83,96.17,2.17,0.67,0.8,24.17,241.83,123.83,0.5,18.0,6.17,298.67,93.33,2.83,0.83,0.73,1
80,2015,7,MIA,HOU,7,7,20.6,269.2,91.4,1.6,22.2,8.6,249.2,141.0,1.4,1.0,0.8,21.33,307.17,96.0,1.67,25.83,8.33,249.83,109.0,1.5,0.83,0.8,1
81,2015,7,NE,NYJ,7,7,36.6,339.8,97.2,0.6,20.6,7.8,266.8,114.6,3.8,1.2,1.0,25.8,235.4,146.0,2.0,15.0,6.6,198.6,82.6,1.6,1.6,0.73,1
82,2015,7,STL,CLE,14,7,0.0,0.0,0.0,0.0,0.0,0.0,0.0,0.0,0.0,0.0,0.0,23.5,295.0,91.83,1.5,26.33,8.17,268.0,149.83,1.67,0.67,1.0,1
83,2015,7,TEN,ATL,7,10,22.4,260.4,107.6,2.2,25.8,7.8,204.2,129.6,3.0,1.2,1.0,30.5,291.83,130.0,1.17,23.83,6.67,295.5,78.83,1.17,1.0,0.8,0
84,2015,7,WAS,TB,7,14,19.5,236.67,107.17,1.83,23.0,7.17,238.67,118.17,1.83,0.5,0.85,22.0,234.8,122.4,1.8,29.6,9.6,223.8,120.4,3.0,0.6,0.6,1
85,2015,7,SD,OAK,7,14,0.0,0.0,0.0,0.0,0.0,0.0,0.0,0.0,0.0,0.0,0.0,0.0,0.0,0.0,0.0,0.0,0.0,0.0,0.0,0.0,0.0,0.0,0
86,2015,7,NYG,DAL,6,14,23.17,267.0,89.5,1.0,22.67,8.0,308.5,93.5,1.33,1.33,1.0,20.2,257.8,106.6,1.6,26.2,7.8,266.4,95.2,2.2,0.4,1.0,1
87,2015,7,CAR,PHI,7,6,27.0,215.6,132.8,1.0,18.8,6.6,253.0,96.6,2.6,1.6,0.73,24.0,260.17,104.0,2.17,18.33,7.33,277.17,94.17,2.33,1.33,0.82,1
88,2015,7,ARI,BAL,8,8,33.83,291.17,121.5,1.33,19.17,6.33,231.17,104.5,1.5,1.83,0.9,23.83,267.0,111.17,1.5,27.0,7.5,305.0,94.5,3.0,0.5,0.81,1
89,2015,8,NE,MIA,4,4,35.5,342.33,83.67,0.5,21.0,7.17,271.5,110.33,3.5,1.0,1.0,24.5,273.67,117.5,1.5,22.83,8.5,253.17,129.33,1.83,1.0,0.83,1
90,2015,8,KC,DET,7,7,21.43,260.57,106.29,1.0,24.57,6.0,279.14,103.43,2.14,0.86,0.79,19.86,293.86,68.0,2.29,28.57,6.71,286.71,123.43,2.43,0.57,1.0,1
91,2015,8,ATL,TB,7,7,27.57,286.0,129.57,1.29,21.43,6.57,280.0,78.57,1.14,1.14,0.75,23.33,245.17,133.67,1.67,29.83,10.67,239.33,108.67,2.67,0.5,0.67,0
92,2015,8,BAL,SD,6,7,23.0,264.86,103.14,1.43,26.86,7.71,300.71,102.43,2.86,0.43,0.82,0.0,0.0,0.0,0.0,0.0,0.0,0.0,0.0,0.0,0.0,0.0,1
93,2015,8,CHI,MIN,14,7,20.0,235.83,112.0,1.17,29.83,8.0,231.83,124.83,1.83,0.5,1.0,20.67,223.17,128.33,1.17,17.0,5.83,251.83,106.0,2.83,0.67,0.88,0
94,2015,8,CLE,ARI,7,6,21.0,295.29,90.43,1.86,26.0,8.57,253.0,151.0,1.71,0.57,1.0,32.71,288.86,125.57,1.14,19.0,6.0,234.14,97.43,1.71,1.71,0.85,0
95,2015,8,HOU,TEN,7,7,22.0,302.29,92.43,1.57,28.43,7.57,256.43,128.86,1.86,0.71,0.8,19.83,248.17,102.5,2.17,23.17,7.33,212.0,129.17,2.5,1.33,1.0,1
96,2015,8,NO,NYG,7,7,23.0,315.14,98.71,1.57,26.43,7.86,290.86,129.14,2.29,0.57,0.69,23.71,253.14,95.57,0.86,22.29,7.29,296.86,113.43,1.29,1.57,1.0,1
97,2015,8,PIT,CIN,7,14,22.57,237.14,127.14,0.86,18.71,5.43,291.86,99.71,2.71,0.71,0.76,30.33,293.5,122.17,1.0,20.33,7.5,278.0,109.17,2.83,0.83,0.78,0
98,2015,8,STL,SF,7,10,0.0,0.0,0.0,0.0,0.0,0.0,0.0,0.0,0.0,0.0,0.0,14.71,207.57,110.14,0.86,25.71,5.29,307.71,113.29,2.0,1.0,0.92,1
99,2015,8,OAK,NYJ,7,7,0.0,0.0,0.0,0.0,0.0,0.0,0.0,0.0,0.0,0.0,0.0,25.33,245.33,136.5,1.83,17.5,6.17,224.67,71.5,1.83,1.33,0.79,1
100,2015,8,DAL,SEA,7,10,20.17,252.67,127.67,1.83,26.33,7.67,250.33,101.33,2.17,0.33,1.0,22.0,238.29,143.29,1.14,18.29,6.57,219.43,94.14,2.71,0.43,1.0,0
101,2015,8,DEN,GB,14,14,23.17,254.0,85.0,1.83,17.0,7.83,220.17,89.17,4.33,1.5,0.94,27.33,248.5,127.33,0.67,16.83,8.17,257.5,118.5,3.83,1.33,0.91,1
102,2015,8,CAR,IND,8,8,27.0,212.5,144.67,1.33,18.33,6.33,245.0,110.0,3.0,1.5,0.77,21.0,270.43,93.57,1.86,24.86,8.0,294.0,122.71,1.43,1.0,0.71,1
103,2015,9,CIN,CLE,4,4,28.29,284.57,115.86,1.14,18.86,7.86,275.71,110.14,2.86,1.14,0.77,20.88,286.25,84.0,1.88,27.0,8.38,268.12,147.0,1.62,0.62,1.0,1
104,2015,9,BUF,MIA,14,10,25.14,237.43,123.86,1.43,24.71,10.29,261.43,91.86,1.57,1.14,0.8,22.0,277.43,102.86,1.57,24.71,8.29,267.86,124.43,1.86,0.86,0.71,1
105,2015,9,CAR,GB,6,7,27.29,217.57,144.0,1.57,19.43,6.29,243.0,113.71,2.86,1.71,0.81,24.86,224.0,122.0,0.57,18.57,7.29,269.29,124.43,3.29,1.29,0.92,1
106,2015,9,MIN,STL,7,7,21.0,218.0,131.0,1.14,17.43,5.57,246.0,104.71,2.57,0.57,0.89,0.0,0.0,0.0,0.0,0.0,0.0,0.0,0.0,0.0,0.0,0.0,1
107,2015,9,NE,WAS,10,14,35.57,344.29,85.29,0.43,19.0,7.29,275.57,96.71,3.71,1.14,1.0,21.14,248.14,99.0,1.71,24.0,6.71,247.0,128.43,1.71,0.43,0.86,1
108,2015,9,NO,TEN,7,7,26.62,338.88,99.25,1.62,29.25,8.38,298.25,123.88,2.25,0.5,0.71,17.86,237.14,100.14,2.14,22.71,7.14,215.29,118.71,2.57,1.14,1.0,0
109,2015,9,NYJ,JAX,7,14,24.57,254.71,127.57,1.71,19.86,6.14,240.14,78.14,1.57,1.14,0.81,21.0,258.86,96.57,1.43,29.57,7.43,282.0,103.57,2.29,0.43,0.73,1
110,2015,9,PIT,OAK,7,7,21.0,240.25,125.75,1.12,18.38,6.0,284.25,97.0,2.75,0.88,0.78,0.0,0.0,0.0,0.0,0.0,0.0,0.0,0.0,0.0,0.0,0.0,1
111,2015,9,SF,ATL,7,7,13.62,201.88,101.12,0.75,25.88,6.25,293.12,123.75,1.75,0.88,0.93,26.62,299.88,126.0,1.5,21.62,7.12,267.12,83.38,1.25,1.0,0.79,1
112,2015,9,TB,NYG,7,7,23.29,235.43,131.29,1.43,28.43,10.29,261.86,107.57,2.43,0.57,0.71,26.88,265.25,94.5,0.88,26.0,7.12,322.88,112.12,1.12,1.62,1.0,0
113,2015,9,IND,DEN,6,7,21.62,265.5,98.88,2.0,25.38,7.25,288.25,124.88,1.5,1.0,0.82,24.0,266.29,95.71,1.71,16.0,8.29,199.71,89.29,4.14,1.29,0.95,1
114,2015,9,DAL,PHI,7,14,19.0,230.43,127.86,1.57,24.43,7.29,244.57,103.0,1.86,0.43,1.0,22.86,252.29,114.43,2.0,19.57,7.29,265.71,109.86,2.14,1.57,0.8,0
115,2015,9,SD,CHI,8,8,0.0,0.0,0.0,0.0,0.0,0.0,0.0,0.0,0.0,0.0,0.0,20.0,232.29,109.86,1.0,28.86,7.43,225.43,128.0,1.71,0.57,0.94,0
116,2015,10,NYJ,BUF,4,4,25.0,256.88,115.25,1.5,20.25,6.12,257.75,80.62,2.0,1.25,0.81,26.12,230.38,141.62,1.25,23.75,10.62,268.25,93.88,1.62,1.0,0.82,0
117,2015,10,BAL,JAX,14,7,23.75,271.62,99.25,1.25,26.75,7.38,300.75,99.75,2.62,0.38,0.86,21.25,274.12,96.75,1.62,29.38,7.0,280.75,94.25,2.25,0.38,0.79,0
118,2015,10,GB,DET,7,14,25.38,242.12,115.62,0.75,20.88,7.25,272.75,125.12,2.88,1.25,0.92,18.62,285.5,69.62,2.25,30.62,6.88,269.5,133.75,2.5,0.5,1.0,0
119,2015,10,PHI,MIA,7,7,24.12,257.62,121.62,1.75,20.5,7.62,269.88,112.88,2.38,1.5,0.82,21.38,282.25,103.5,1.5,25.75,8.25,257.0,142.12,2.0,0.75,0.75,0
120,2015,10,PIT,CLE,7,10,22.89,259.44,133.44,1.11,20.22,5.89,286.11,101.67,2.44,0.89,0.77,19.67,273.11,82.33,1.67,27.44,7.89,264.33,147.56,1.67,0.56,1.0,1
121,2015,10,STL,CHI,7,6,0.0,0.0,0.0,0.0,0.0,0.0,0.0,0.0,0.0,0.0,0.0,20.25,246.38,109.75,1.12,27.62,7.25,232.25,121.62,1.75,0.5,0.85,0
122,2015,10,TB,DAL,7,7,22.62,236.88,131.88,1.5,28.88,10.12,255.75,108.38,2.12,0.75,0.73,20.0,239.0,128.62,1.5,25.5,7.38,250.88,111.62,1.75,0.38,1.0,1
123,2015,10,TEN,CAR,7,7,19.88,253.88,101.62,2.0,23.38,7.38,236.75,111.5,2.75,1.12,0.9,28.5,227.5,142.25,1.5,20.62,6.25,258.75,108.38,3.12,1.62,0.8,0
124,2015,10,WAS,NO,7,7,19.75,244.25,91.25,1.75,24.38,6.38,253.5,132.5,1.5,0.5,0.87,26.78,344.22,95.0,1.56,29.78,8.33,306.33,122.56,2.0,0.44,0.67,1
125,2015,10,OAK,MIN,7,7,0.0,0.0,0.0,0.0,0.0,0.0,0.0,0.0,0.0,0.0,0.0,21.0,210.62,132.75,1.12,17.5,5.62,236.25,111.62,2.38,0.5,0.9,0
126,2015,10,DEN,KC,7,14,24.0,268.12,88.12,1.75,17.38,8.25,206.25,93.12,3.75,1.12,0.95,24.38,246.62,118.75,0.88,22.75,5.62,272.62,100.62,2.62,1.0,0.8,0
127,2015,10,NYG,NE,7,7,27.44,259.44,96.67,1.0,25.11,7.0,314.44,114.78,1.0,1.44,1.0,34.5,338.62,94.75,0.62,17.88,7.12,268.25,89.25,3.38,1.12,1.0,0
128,2015,10,SEA,ARI,14,14,20.88,234.75,139.5,1.12,17.5,6.38,204.12,98.5,2.5,0.38,0.95,32.88,299.5,124.75,1.5,19.12,5.88,232.75,90.12,1.62,1.62,0.87,0
129,2015,10,CIN,HOU,11,15,28.62,278.25,120.38,1.0,17.75,7.12,262.25,105.0,2.88,1.0,0.79,21.75,293.88,87.88,1.38,25.62,7.5,245.75,123.5,2.5,0.75,0.83,0
130,2015,11,JAX,TEN,4,4,21.33,264.56,96.0,1.56,28.33,6.67,284.67,93.67,2.11,0.56,0.78,18.78,246.22,97.44,2.0,23.78,7.0,234.56,112.33,3.0,1.0,0.91,1
131,2015,11,ATL,IND,14,14,25.44,300.22,113.89,1.33,21.11,7.0,258.0,88.89,1.11,1.11,0.82,22.22,264.0,101.22,1.78,25.22,6.89,287.44,114.89,1.44,1.11,0.85,0
132,2015,11,BAL,STL,7,7,23.33,276.56,98.11,1.44,26.22,7.56,288.22,98.67,2.67,0.44,0.83,0.0,0.0,0.0,0.0,0.0,0.0,0.0,0.0,0.0,0.0,0.0,1
133,2015,11,CAR,WAS,7,7,28.33,226.33,139.67,1.33,19.44,6.11,250.56,103.44,2.89,1.56,0.82,22.78,253.11,104.33,1.56,23.22,6.22,248.56,135.33,1.56,0.67,0.89,1
134,2015,11,CHI,DEN,7,7,22.11,247.67,114.56,1.11,26.0,6.89,228.67,118.56,1.67,0.56,0.87,22.78,258.44,86.0,2.11,18.67,7.89,206.0,94.56,3.56,1.0,0.95,0
135,2015,11,DET,OAK,7,7,18.56,280.67,66.89,2.11,29.0,6.44,276.56,124.11,2.56,0.44,1.0,0.0,0.0,0.0,0.0,0.0,0.0,0.0,0.0,0.0,0.0,0.0,1
136,2015,11,HOU,NYJ,6,10,20.44,282.56,87.22,1.33,23.44,7.22,240.33,118.0,2.67,0.78,0.85,24.11,249.78,116.67,1.67,20.44,5.78,246.67,88.11,2.22,1.11,0.82,1
137,2015,11,MIA,DAL,7,7,21.22,275.0,103.0,1.33,25.0,8.22,272.0,135.56,2.22,0.78,0.8,18.44,233.11,119.0,1.44,23.78,7.22,252.33,108.56,1.78,0.56,0.95,0
138,2015,11,PHI,TB,7,7,23.56,272.56,117.33,1.67,20.44,7.56,264.0,111.33,2.56,1.33,0.79,21.22,239.89,126.56,1.56,26.33,9.78,248.0,101.0,2.22,0.78,0.71,0
139,2015,11,SD,KC,13,7,0.0,0.0,0.0,0.0,0.0,0.0,0.0,0.0,0.0,0.0,0.0,24.89,241.89,117.33,0.78,21.67,6.22,262.44,97.11,2.89,1.44,0.81,0
140,2015,11,MIN,GB,7,7,22.0,202.78,147.22,1.0,17.11,5.33,243.56,108.56,2.33,0.67,0.85,24.33,252.22,108.0,0.67,20.56,7.0,269.33,116.22,2.56,1.22,0.86,0
141,2015,11,SEA,SF,7,14,22.11,235.33,136.78,1.11,19.89,7.22,221.78,100.56,2.56,0.44,0.95,14.0,200.0,104.67,0.89,24.78,6.11,294.22,111.89,1.78,0.78,0.93,1
142,2015,11,ARI,CIN,7,6,33.56,306.56,123.89,1.67,20.56,6.22,233.56,92.89,1.56,1.56,0.89,26.11,269.22,115.22,1.11,16.89,7.33,254.44,102.44,2.89,1.0,0.81,1
143,2015,11,NE,BUF,8,11,33.67,338.11,92.78,0.78,18.78,7.11,278.56,88.22,3.33,1.0,1.0,25.67,222.33,142.33,1.11,23.0,10.0,259.89,97.67,1.56,1.11,0.86,1
144,2015,12,DET,PHI,4,4,18.5,280.8,71.1,1.9,27.4,6.5,265.8,116.9,2.4,0.4,1.0,22.9,271.4,119.2,1.9,22.9,7.3,262.2,128.5,2.4,1.2,0.8,1
145,2015,12,DAL,CAR,4,4,19.0,232.5,123.7,1.5,22.8,7.5,245.9,104.7,1.9,0.6,0.95,29.9,228.3,139.9,1.2,19.1,6.3,246.2,94.5,3.1,1.5,0.84,0
146,2015,12,GB,CHI,4,4,24.9,248.2,109.6,0.6,19.8,6.7,272.0,114.0,2.9,1.1,0.89,21.4,249.4,111.7,1.2,25.1,6.2,230.8,123.7,2.0,0.5,0.88,0
147,2015,12,ATL,MIN,7,7,25.0,298.2,112.5,1.6,21.4,6.9,253.5,87.4,1.2,1.2,0.78,21.1,212.1,141.9,1.0,18.4,5.6,240.4,110.1,2.3,0.6,0.85,0
148,2015,12,CIN,STL,7,7,26.6,273.8,113.6,1.1,18.6,7.6,260.7,100.4,2.8,1.1,0.82,0.0,0.0,0.0,0.0,0.0,0.0,0.0,0.0,0.0,0.0,0.0,1
149,2015,12,HOU,NO,7,14,20.8,279.3,90.8,1.3,22.8,6.8,237.9,113.2,2.7,0.9,0.86,25.5,330.7,101.3,1.6,31.5,8.2,308.1,131.2,2.1,0.4,0.67,1
150,2015,12,IND,TB,7,7,22.4,258.9,98.5,1.9,24.8,6.9,286.7,113.4,1.4,1.3,0.86,23.6,240.5,142.2,1.4,25.4,9.7,249.3,104.5,2.3,1.0,0.72,1
151,2015,12,JAX,SD,10,7,21.1,262.3,95.4,1.6,26.8,6.8,279.3,94.7,2.3,0.5,0.82,0.0,0.0,0.0,0.0,0.0,0.0,0.0,0.0,0.0,0.0,0.0,0
152,2015,12,KC,BUF,7,6,25.7,243.0,120.9,0.7,19.8,6.1,254.0,92.6,2.9,1.4,0.82,24.4,223.4,137.5,1.0,22.7,9.5,261.6,96.4,1.5,1.1,0.82,1
153,2015,12,NYJ,MIA,7,7,23.4,246.4,112.0,1.7,20.8,5.9,247.0,91.6,2.1,1.0,0.83,20.5,266.3,99.7,1.3,24.9,8.3,267.5,138.6,2.2,0.9,0.8,1
154,2015,12,TEN,OAK,10,7,18.2,244.7,98.1,1.9,23.3,6.9,235.3,110.1,3.1,1.0,0.86,0.0,0.0,0.0,0.0,0.0,0.0,0.0,0.0,0.0,0.0,0.0,0
155,2015,12,WAS,NYG,7,14,22.1,248.5,95.3,1.9,25.3,6.5,248.3,136.0,1.6,0.6,0.89,27.3,269.6,95.0,1.0,25.3,7.1,316.4,111.0,1.2,1.4,1.0,1
156,2015,12,SF,ARI,7,7,13.9,206.4,100.1,0.8,25.2,6.0,290.8,126.2,1.8,0.7,0.94,33.6,307.6,119.7,1.7,21.6,6.3,241.7,93.5,1.8,1.4,0.9,0
157,2015,12,SEA,PIT,7,14,22.8,237.8,148.6,1.0,19.2,7.3,226.0,96.4,2.5,0.4,0.95,23.6,273.7,126.1,1.2,19.1,5.8,294.7,93.0,2.7,0.9,0.8,1
158,2015,12,DEN,NE,7,6,22.2,257.6,94.4,1.9,18.3,7.9,211.9,93.7,3.4,1.0,0.95,32.3,332.0,92.0,0.8,18.2,6.9,274.0,88.8,3.2,0.9,0.96,1
159,2015,12,CLE,BAL,15,8,18.6,283.0,75.6,1.8,27.7,8.3,278.1,138.8,1.6,0.6,1.0,22.6,278.8,97.9,1.5,24.9,7.8,273.0,97.0,2.5,0.4,0.79,0
160,2015,13,DET,GB,7,7,20.91,285.91,74.45,1.73,26.18,6.27,259.73,112.45,2.73,0.36,1.0,23.82,244.0,115.73,0.73,19.55,6.36,265.45,112.82,2.73,1.0,0.9,0
161,2015,13,BUF,HOU,7,7,24.18,229.55,136.73,1.09,23.36,9.45,261.0,102.0,1.45,1.0,0.83,21.09,272.55,97.73,1.27,21.27,6.73,237.0,107.45,2.64,0.91,0.87,1
162,2015,13,CHI,SF,10,7,21.0,244.91,110.73,1.09,24.0,6.73,228.18,128.55,2.0,0.55,0.89,13.82,216.55,97.09,0.82,24.64,6.64,289.0,121.09,1.73,0.64,0.95,0
163,2015,13,CLE,CIN,6,7,19.36,283.55,74.45,1.64,28.18,7.73,273.91,135.64,1.45,0.73,0.95,27.0,270.36,116.0,1.09,17.55,7.18,260.55,99.82,2.64,1.27,0.83,0
164,2015,13,MIA,BAL,7,6,20.45,274.0,91.73,1.36,26.09,8.09,268.36,138.45,2.09,0.82,0.8,23.55,274.55,98.45,1.55,25.09,7.73,274.45,93.91,2.45,0.36,0.8,1
165,2015,13,MIN,SEA,7,7,21.0,208.64,146.36,1.0,17.64,5.91,239.45,110.64,2.27,0.73,0.83,24.27,247.55,144.18,0.91,20.18,7.36,250.0,92.91,2.45,0.73,0.95,0
166,2015,13,NYG,NYJ,7,7,26.09,274.27,89.36,1.18,24.82,6.82,315.09,110.45,1.09,1.27,1.0,24.73,249.18,114.27,1.55,20.73,5.91,256.45,84.36,2.18,1.0,0.84,0
167,2015,13,STL,ARI,7,7,0.0,0.0,0.0,0.0,0.0,0.0,0.0,0.0,0.0,0.0,0.0,32.27,304.27,115.18,1.55,20.82,6.36,248.64,91.09,1.82,1.36,0.91,0
168,2015,13,TB,ATL,7,7,22.55,240.91,141.27,1.36,25.36,9.91,255.27,97.45,2.36,0.91,0.72,23.64,292.0,112.82,1.73,21.27,6.82,246.27,96.82,1.09,1.18,0.79,1
169,2015,13,TEN,JAX,7,7,18.45,242.27,93.18,1.91,23.36,6.64,243.91,107.73,2.91,0.91,0.86,21.45,268.36,96.0,1.55,27.18,6.73,281.18,93.27,2.27,0.45,0.85,1
170,2015,13,OAK,KC,7,7,0.0,0.0,0.0,0.0,0.0,0.0,0.0,0.0,0.0,0.0,0.0,26.09,244.09,124.27,0.64,20.0,6.27,257.36,95.91,2.73,1.27,0.81,0
171,2015,13,SD,DEN,7,7,0.0,0.0,0.0,0.0,0.0,0.0,0.0,0.0,0.0,0.0,0.0,22.91,258.73,102.09,1.82,18.82,7.73,218.09,88.73,3.36,0.91,0.91,0
172,2015,13,NE,PHI,7,10,31.55,327.27,87.18,0.73,19.27,6.73,273.64,97.0,3.18,0.91,0.96,22.09,264.82,114.55,1.82,24.91,6.82,269.0,126.64,2.36,1.09,0.76,0
173,2015,13,NO,CAR,7,10,23.73,321.36,96.64,1.55,30.82,8.36,298.73,134.45,2.0,0.45,0.71,30.18,224.18,138.91,1.09,18.64,6.45,241.91,88.73,3.0,1.64,0.83,0
174,2015,13,PIT,IND,7,7,24.18,293.36,119.91,1.45,20.91,5.82,299.27,93.64,2.64,0.82,0.82,22.64,264.0,92.0,1.73,23.64,6.82,282.91,115.09,1.73,1.27,0.89,1
175,2015,13,WAS,DAL,8,11,21.91,253.36,96.18,1.73,24.27,6.55,254.91,126.64,1.73,0.82,0.86,18.55,229.45,115.27,1.64,23.73,7.27,240.18,106.91,1.82,0.55,0.95,0
176,2015,14,ARI,MIN,4,4,31.83,309.08,120.17,1.42,19.33,6.08,240.08,89.0,1.67,1.33,0.92,19.83,201.08,136.75,1.0,19.33,6.17,242.33,115.83,2.25,0.67,0.83,1
177,2015,14,BAL,SEA,7,7,22.67,277.33,98.08,1.58,24.25,7.5,258.75,97.5,2.33,0.33,0.79,25.42,249.75,146.58,0.92,19.08,7.5,239.0,87.75,2.58,0.75,0.96,0
178,2015,14,CAR,ATL,7,7,31.08,233.08,141.92,1.25,20.25,6.58,245.25,87.17,2.92,1.58,0.83,23.25,290.08,108.75,1.67,21.42,6.83,244.67,102.58,1.08,1.17,0.83,1
179,2015,14,CHI,WAS,7,6,20.92,241.33,115.67,1.08,24.17,6.83,225.5,127.92,2.17,0.5,0.84,21.42,250.5,94.25,1.58,23.83,6.75,252.25,124.17,1.67,0.75,0.85,0
180,2015,14,CIN,PIT,7,7,27.83,267.75,118.33,1.0,16.33,7.0,258.0,97.17,2.67,1.25,0.86,25.92,299.25,123.08,1.42,20.0,5.67,292.67,90.33,2.83,0.92,0.81,0
181,2015,14,CLE,SF,7,7,18.0,279.08,73.92,1.67,28.92,7.67,271.0,136.33,1.42,0.67,0.9,14.83,214.83,99.08,0.75,24.25,6.58,281.75,125.17,1.67,0.67,0.95,1
182,2015,14,JAX,IND,7,7,22.92,272.83,94.75,1.42,28.42,6.67,280.08,103.0,2.42,0.5,0.85,21.58,260.33,88.83,1.83,25.42,6.67,289.67,118.67,1.58,1.17,0.89,1
183,2015,14,KC,SD,7,7,26.75,237.25,121.33,0.75,20.0,6.67,259.5,96.17,2.83,1.42,0.81,0.0,0.0,0.0,0.0,0.0,0.0,0.0,0.0,0.0,0.0,0.0,1
184,2015,14,NYJ,TEN,7,7,24.58,260.92,112.25,1.5,20.67,6.08,259.83,83.5,2.25,1.0,0.86,20.42,244.42,102.92,1.92,24.67,6.42,250.42,105.5,2.83,0.83,0.86,1
185,2015,14,PHI,BUF,7,7,23.17,252.75,115.67,1.75,25.17,6.92,275.58,124.67,2.5,1.17,0.76,24.67,228.0,140.92,1.0,23.17,9.08,263.67,104.0,1.5,1.0,0.8,1
186,2015,14,STL,DET,7,10,0.0,0.0,0.0,0.0,0.0,0.0,0.0,0.0,0.0,0.0,0.0,21.08,280.42,76.67,1.67,26.25,6.5,260.83,108.67,2.75,0.42,1.0,1
187,2015,14,TB,NO,7,7,22.58,239.75,143.33,1.42,24.83,9.75,256.42,94.67,2.42,0.92,0.73,24.92,318.08,94.42,1.5,31.67,8.58,301.42,137.83,1.92,0.5,0.67,0
188,2015,14,DEN,OAK,7,7,22.42,251.0,104.75,1.75,17.5,7.33,216.75,89.08,3.42,0.92,0.88,0.0,0.0,0.0,0.0,0.0,0.0,0.0,0.0,0.0,0.0,0.0,0
189,2015,14,GB,DAL,10,6,24.08,246.42,111.67,0.75,19.83,6.42,261.67,111.83,2.75,0.92,0.86,18.58,228.92,113.75,1.75,23.08,7.33,238.42,104.08,1.92,0.5,0.96,1
190,2015,14,HOU,NE,7,7,21.08,274.25,100.08,1.25,22.0,7.0,234.83,114.08,2.5,0.83,0.87,31.25,329.0,88.5,0.83,20.58,6.42,260.83,99.58,3.0,0.83,0.96,0
191,2015,14,MIA,NYG,8,8,20.0,258.33,95.5,1.33,25.0,7.83,271.67,134.75,2.17,0.92,0.8,25.58,276.17,88.08,1.17,24.67,6.92,321.33,108.75,1.25,1.17,0.96,0
192,2015,15,STL,TB,4,4,0.0,0.0,0.0,0.0,0.0,0.0,0.0,0.0,0.0,0.0,0.0,22.15,235.31,141.15,1.31,24.77,9.62,260.69,94.08,2.38,0.85,0.71,1
193,2015,15,DAL,NYJ,6,6,17.69,220.08,118.15,1.69,23.46,7.23,236.85,113.77,1.92,0.46,0.96,25.0,261.08,117.69,1.38,19.69,5.85,264.08,78.92,2.46,1.0,0.85,0
194,2015,15,BAL,KC,7,7,21.38,277.08,92.69,1.62,25.08,7.62,262.0,99.46,2.15,0.31,0.8,25.46,233.69,123.54,0.77,18.69,6.77,259.77,92.15,3.0,1.38,0.79,0
195,2015,15,IND,HOU,7,7,21.15,260.31,89.31,1.85,27.38,6.77,286.62,121.38,1.69,1.08,0.91,19.92,265.38,99.08,1.23,22.38,6.77,234.15,114.23,2.54,0.77,0.88,0
196,2015,15,JAX,ATL,7,7,25.08,271.08,99.31,1.46,27.46,6.54,278.54,102.38,2.46,0.54,0.85,21.46,285.85,104.54,1.85,22.69,6.77,249.0,105.62,1.15,1.08,0.83,0
197,2015,15,MIN,CHI,10,7,19.85,211.38,131.77,1.15,19.62,5.92,247.54,114.38,2.23,0.62,0.84,20.92,247.0,113.46,1.08,24.15,6.85,231.23,125.69,2.23,0.54,0.81,1
198,2015,15,NE,TEN,7,7,30.92,321.08,90.62,0.77,19.46,6.38,253.0,98.62,3.23,0.77,0.96,19.46,249.85,96.85,1.85,25.08,6.15,251.38,111.46,2.69,0.77,0.86,1
199,2015,15,NYG,CAR,6,7,26.0,280.85,88.38,1.15,24.62,6.62,314.77,110.23,1.23,1.08,0.93,31.62,238.31,141.92,1.15,18.69,6.54,244.46,84.62,3.08,1.62,0.84,0
200,2015,15,WAS,BUF,7,7,21.62,254.31,94.62,1.54,23.62,6.85,257.08,121.31,1.77,0.69,0.85,24.31,231.08,141.77,1.0,23.15,9.54,262.38,104.92,1.46,1.0,0.82,1
201,2015,15,OAK,GB,7,7,0.0,0.0,0.0,0.0,0.0,0.0,0.0,0.0,0.0,0.0,0.0,24.38,244.23,120.77,0.69,18.85,6.54,250.31,116.38,2.69,0.92,0.86,0
202,2015,15,SEA,CLE,7,7,26.15,253.69,144.77,0.92,18.08,7.38,241.69,83.15,2.46,0.77,0.96,18.46,278.38,85.92,1.69,27.46,7.69,265.08,131.31,2.0,0.62,0.87,1
203,2015,15,PIT,DEN,7,7,26.46,297.92,120.08,1.38,20.0,5.62,296.23,88.31,2.85,1.08,0.83,21.62,255.38,99.31,1.69,17.31,7.08,210.46,84.31,3.38,0.85,0.87,1
204,2015,15,SD,MIA,7,6,0.0,0.0,0.0,0.0,0.0,0.0,0.0,0.0,0.0,0.0,0.0,20.31,256.62,98.0,1.31,25.46,8.15,276.69,131.46,2.0,0.85,0.82,1
205,2015,15,SF,CIN,7,7,14.46,213.23,96.92,0.69,24.23,6.46,280.85,133.23,1.69,0.69,0.95,27.23,273.23,114.15,1.15,17.62,6.77,259.85,96.15,2.62,1.23,0.83,0
206,2015,15,PHI,ARI,7,10,23.15,252.31,115.69,1.69,24.77,6.77,275.0,126.77,2.38,1.15,0.79,31.15,309.15,118.38,1.31,19.38,5.92,247.38,87.69,1.77,1.23,0.93,0
207,2015,15,NO,DET,8,8,24.85,317.62,93.85,1.38,30.54,8.85,292.23,136.08,1.85,0.46,0.68,20.54,277.69,79.31,1.62,25.85,6.38,250.31,115.92,2.62,0.46,1.0,0
208,2015,16,OAK,SD,4,4,0.0,0.0,0.0,0.0,0.0,0.0,0.0,0.0,0.0,0.0,0.0,0.0,0.0,0.0,0.0,0.0,0.0,0.0,0.0,0.0,0.0,0.0,1
209,2015,16,PHI,WAS,6,6,22.71,260.07,112.71,1.86,25.86,6.64,274.93,134.14,2.36,1.07,0.8,22.57,258.93,96.64,1.43,23.71,6.71,255.5,129.79,2.0,0.64,0.85,0
210,2015,16,ATL,CAR,7,7,21.57,283.0,103.0,1.79,22.29,6.64,252.43,104.14,1.21,1.07,0.85,32.07,245.57,144.0,1.14,19.86,6.57,244.5,90.07,2.86,1.57,0.82,1
211,2015,16,BAL,PIT,7,7,20.86,277.36,92.71,1.71,25.71,7.57,255.5,100.43,2.21,0.29,0.8,27.0,303.79,113.14,1.43,20.5,5.86,296.21,89.43,2.79,1.07,0.84,1
212,2015,16,BUF,DAL,7,8,24.36,231.36,148.79,0.93,24.0,9.43,266.43,106.21,1.43,0.93,0.83,17.57,218.29,119.21,1.86,23.14,7.14,241.29,110.86,1.93,0.5,0.97,1
213,2015,16,DET,SF,6,7,21.57,276.0,84.36,1.57,25.93,6.64,256.79,112.57,2.5,0.43,0.94,14.43,219.07,93.93,0.93,24.21,6.79,274.5,128.57,1.86,0.64,0.9,1
214,2015,16,KC,CLE,7,7,26.07,229.21,122.79,0.71,18.36,6.71,261.29,92.21,2.93,1.43,0.81,18.07,270.0,86.5,1.64,27.64,7.43,263.93,134.93,2.0,0.57,0.88,1
215,2015,16,MIA,IND,7,7,19.86,253.71,94.14,1.21,25.79,8.21,279.14,132.07,1.93,0.93,0.82,20.36,253.14,86.5,1.86,26.57,6.86,278.5,123.79,1.79,1.07,0.91,0
216,2015,16,NYJ,NE,8,7,24.57,263.79,114.5,1.36,19.43,6.0,259.14,82.79,2.43,1.21,0.83,31.07,317.21,90.79,0.71,19.21,6.29,254.5,95.79,3.36,0.86,0.94,1
217,2015,16,TB,CHI,10,7,22.21,244.43,141.5,1.36,25.21,9.57,258.79,94.36,2.36,0.79,0.74,20.64,245.86,112.07,1.14,25.14,6.79,231.21,125.93,2.14,0.5,0.82,0
218,2015,16,TEN,HOU,7,7,19.21,251.57,94.14,1.93,25.64,5.93,252.5,110.14,2.64,0.71,0.87,19.64,258.79,103.07,1.29,21.5,6.71,228.86,109.64,2.57,0.79,0.86,0
219,2015,16,NO,JAX,6,7,25.0,319.29,92.07,1.29,30.86,8.64,289.5,137.07,1.93,0.43,0.71,24.5,272.93,98.29,1.43,27.14,6.43,276.21,101.0,2.36,0.57,0.86,1
220,2015,16,ARI,GB,7,7,31.79,306.64,126.36,1.21,19.21,5.57,255.5,86.71,1.79,1.29,0.93,24.79,241.36,119.5,0.79,18.93,6.5,252.14,116.64,2.71,1.0,0.85,1
221,2015,16,SEA,STL,7,10,26.43,253.36,147.43,0.86,17.71,7.21,235.93,83.93,2.5,0.79,0.96,0.0,0.0,0.0,0.0,0.0,0.0,0.0,0.0,0.0,0.0,0.0,0
222,2015,16,MIN,NYG,7,7,21.14,212.79,131.57,1.07,19.43,5.79,246.36,112.93,2.43,0.64,0.84,26.64,278.29,93.57,1.21,25.57,6.64,316.57,114.57,1.36,1.0,0.93,1
223,2015,16,DEN,CIN,8,8,22.0,258.29,99.64,1.71,18.5,7.43,222.57,79.93,3.36,0.93,0.87,27.0,267.43,110.86,1.14,17.36,6.71,262.36,93.21,2.71,1.36,0.84,1
224,2015,17,ATL,NO,7,7,21.47,284.53,101.27,1.73,21.67,6.4,245.07,107.53,1.27,1.0,0.83,25.87,325.47,94.93,1.2,30.6,8.4,294.73,132.27,1.93,0.53,0.67,0
225,2015,17,BUF,NYJ,7,7,23.8,227.87,154.6,1.0,22.8,9.27,261.07,107.2,1.33,0.93,0.83,24.67,265.93,116.4,1.33,19.47,6.0,257.27,81.47,2.4,1.2,0.84,1
226,2015,17,CHI,DET,7,7,21.0,239.87,116.2,1.07,24.87,6.53,235.47,124.47,2.07,0.53,0.84,22.27,277.67,84.53,1.47,25.33,6.67,254.67,113.13,2.53,0.4,0.95,0
227,2015,17,CIN,BAL,6,7,26.33,262.93,110.67,1.13,17.53,6.67,264.8,94.53,2.73,1.27,0.81,20.8,277.13,94.6,1.6,25.13,7.87,253.13,101.07,2.27,0.4,0.81,1
228,2015,17,CLE,PIT,7,7,17.73,261.07,96.2,1.6,26.93,7.47,254.67,135.0,1.93,0.6,0.86,26.33,298.2,112.93,1.47,20.47,5.67,294.73,91.53,2.67,1.0,0.85,0
229,2015,17,DAL,WAS,7,8,16.8,216.13,119.33,1.8,22.67,7.2,237.13,119.2,2.0,0.53,0.94,23.6,266.0,94.67,1.33,23.73,6.8,263.8,124.13,2.2,0.6,0.86,0
230,2015,17,HOU,JAX,7,7,20.6,255.33,104.73,1.27,20.47,6.53,229.2,104.33,2.47,0.8,0.87,24.67,279.27,96.07,1.47,27.87,6.53,285.27,103.27,2.27,0.53,0.86,1
231,2015,17,IND,TEN,7,7,20.2,248.07,87.4,1.73,25.6,6.8,281.87,121.0,2.07,1.07,0.92,18.33,250.4,89.87,2.0,26.2,5.8,249.47,111.33,2.53,0.67,0.87,1
232,2015,17,MIA,NE,7,7,19.33,258.73,93.33,1.2,25.27,8.27,272.33,129.93,1.93,0.87,0.85,30.33,311.47,88.93,0.73,19.67,5.93,257.27,98.93,3.2,0.8,0.94,1
233,2015,17,NYG,PHI,7,8,26.0,279.87,93.4,1.33,27.13,6.67,306.67,121.47,1.47,0.93,0.93,22.8,268.07,108.2,1.87,26.67,6.73,280.93,129.67,2.33,1.0,0.81,0
234,2015,17,ARI,SEA,7,7,32.2,304.13,126.0,1.27,18.47,5.87,248.8,87.67,2.27,1.27,0.93,25.8,255.73,141.53,1.0,18.07,7.4,227.07,85.13,2.33,0.73,0.96,0
235,2015,17,CAR,TB,7,7,30.8,238.67,144.73,1.13,19.87,6.4,248.6,89.2,2.8,1.47,0.83,22.13,247.8,139.0,1.47,25.27,9.2,251.93,99.67,2.27,0.73,0.72,1
236,2015,17,DEN,SD,6,10,21.87,261.0,100.53,1.67,18.4,7.27,221.07,81.8,3.27,0.87,0.85,0.0,0.0,0.0,0.0,0.0,0.0,0.0,0.0,0.0,0.0,0.0,1
237,2015,17,KC,OAK,7,10,25.47,222.27,123.67,0.73,18.0,6.6,252.93,101.53,2.73,1.4,0.81,0.0,0.0,0.0,0.0,0.0,0.0,0.0,0.0,0.0,0.0,0.0,1
238,2015,17,SF,STL,7,7,14.6,219.47,95.73,0.93,24.73,7.07,276.27,125.8,1.87,0.6,0.87,0.0,0.0,0.0,0.0,0.0,0.0,0.0,0.0,0.0,0.0,0.0,1
239,2015,17,GB,MIN,7,7,23.67,235.6,118.27,1.0,20.2,6.53,253.27,116.93,2.67,1.0,0.85,23.0,209.8,137.33,1.0,19.27,5.53,250.07,111.47,2.53,0.8,0.86,0
240,2016,2,BUF,NYJ,4,4,7.0,111.0,65.0,0.0,13.0,8.0,258.0,83.0,4.0,0.0,0.0,22.0,189.0,152.0,1.0,23.0,7.0,366.0,57.0,7.0,1.0,0.75,0
241,2016,2,ARI,TB,7,7,21.0,271.0,92.0,0.0,23.0,6.0,264.0,106.0,2.0,0.0,0.0,31.0,281.0,90.0,1.0,24.0,6.0,334.0,52.0,3.0,0.0,1.0,1
242,2016,2,CAR,SF,10,6,20.0,194.0,157.0,1.0,21.0,8.0,178.0,148.0,2.0,2.0,0.67,28.0,170.0,150.0,1.0,0.0,2.0,130.0,65.0,2.0,2.0,0.0,1
243,2016,2,CLE,BAL,7,7,10.0,190.0,120.0,1.0,29.0,4.0,278.0,133.0,2.0,0.0,1.0,13.0,258.0,83.0,1.0,7.0,6.0,111.0,65.0,2.0,0.0,1.0,0
244,2016,2,DET,TEN,7,7,39.0,340.0,116.0,0.0,35.0,8.0,385.0,82.0,2.0,0.0,1.0,16.0,271.0,64.0,3.0,25.0,2.0,236.0,65.0,0.0,0.0,1.0,0
245,2016,2,HOU,KC,7,7,23.0,231.0,129.0,1.0,14.0,6.0,216.0,73.0,5.0,1.0,1.0,33.0,363.0,83.0,1.0,27.0,6.0,243.0,155.0,1.0,0.0,1.0,1
246,2016,2,NE,MIA,7,7,23.0,264.0,106.0,2.0,21.0,8.0,271.0,92.0,3.0,0.0,1.0,10.0,186.0,64.0,0.0,12.0,4.0,258.0,112.0,3.0,1.0,0.5,1
247,2016,2,NYG,NO,7,7,20.0,207.0,113.0,1.0,19.0,4.0,227.0,101.0,0.0,0.0,0.0,34.0,423.0,88.0,1.0,35.0,7.0,319.0,167.0,0.0,0.0,0.5,1
248,2016,2,PIT,CIN,6,7,38.0,300.0,147.0,1.0,16.0,4.0,329.0,55.0,0.0,2.0,1.0,23.0,366.0,57.0,1.0,22.0,5.0,189.0,152.0,1.0,1.0,0.75,1
249,2016,2,WAS,DAL,6,7,16.0,329.0,55.0,2.0,38.0,9.0,300.0,147.0,1.0,1.0,1.0,19.0,227.0,101.0,0.0,20.0,6.0,207.0,113.0,2.0,1.0,1.0,0
250,2016,2,LA,SEA,6,7,0.0,130.0,65.0,2.0,28.0,10.0,170.0,150.0,0.0,0.0,0.0,12.0,258.0,112.0,2.0,10.0,8.0,186.0,64.0,5.0,0.0,1.0,1
251,2016,2,DEN,IND,10,7,21.0,178.0,148.0,3.0,20.0,4.0,194.0,157.0,3.0,1.0,0.0,35.0,385.0,82.0,0.0,39.0,5.0,340.0,116.0,1.0,0.0,1.0,1
252,2016,2,OAK,ATL,7,7,0.0,0.0,0.0,0.0,0.0,0.0,0.0,0.0,0.0,0.0,0.0,24.0,334.0,52.0,0.0,31.0,7.0,281.0,90.0,0.0,1.0,1.0,0
253,2016,2,SD,JAX,7,7,0.0,0.0,0.0,0.0,0.0,0.0,0.0,0.0,0.0,0.0,0.0,23.0,320.0,48.0,1.0,27.0,9.0,199.0,95.0,1.0,0.0,1.0,1
254,2016,2,MIN,GB,7,7,25.0,236.0,65.0,0.0,16.0,3.0,271.0,64.0,2.0,1.0,0.67,27.0,199.0,95.0,0.0,23.0,5.0,320.0,48.0,3.0,1.0,1.0,1
255,2016,2,CHI,PHI,8,8,14.0,216.0,73.0,1.0,23.0,4.0,231.0,129.0,2.0,1.0,0.0,29.0,278.0,133.0,0.0,10.0,7.0,190.0,120.0,3.0,1.0,0.67,0
256,2016,3,NE,HOU,4,4,27.0,294.0,133.5,1.5,22.5,7.5,329.0,81.0,1.5,1.0,0.8,21.0,249.5,113.0,1.5,13.0,5.5,201.0,96.0,4.5,0.5,0.88,1
257,2016,3,BUF,ARI,10,7,19.0,209.0,75.5,0.5,25.0,7.0,316.0,103.0,2.5,0.0,0.5,30.5,293.0,98.5,0.0,15.0,4.5,253.5,95.5,2.0,2.0,0.67,1
258,2016,3,CAR,MIN,7,7,33.0,273.5,166.5,2.0,24.0,8.0,210.5,106.5,2.0,2.0,0.86,21.0,261.0,47.5,0.0,15.0,8.0,242.0,73.5,3.5,1.0,0.71,0
259,2016,3,CIN,DEN,7,7,19.5,366.0,51.5,1.5,23.0,5.0,224.0,138.0,1.0,1.5,0.86,27.5,222.0,141.0,2.0,20.0,6.0,195.5,120.0,4.0,1.0,0.8,0
260,2016,3,GB,DET,7,7,20.5,206.0,89.0,1.5,20.0,5.5,303.0,39.0,3.5,0.5,1.0,27.0,300.0,126.5,0.5,25.5,12.5,311.5,110.5,2.5,0.5,1.0,1
261,2016,3,JAX,BAL,7,7,18.5,324.5,58.5,2.0,32.5,11.5,209.5,122.5,2.0,0.0,0.75,19.0,280.0,81.5,1.5,13.5,5.0,185.5,105.0,2.5,1.0,1.0,0
262,2016,3,MIA,CLE,7,7,17.0,286.5,67.0,2.0,21.5,4.5,291.0,136.5,2.5,0.5,0.67,15.0,225.0,132.5,1.5,27.0,6.0,290.0,106.5,1.0,1.0,0.5,1
263,2016,3,NYG,WAS,7,7,18.0,287.5,88.5,2.0,16.0,3.5,245.0,71.0,1.0,0.0,0.75,19.5,346.5,68.5,1.5,32.5,8.5,296.0,124.5,2.5,0.5,1.0,0
264,2016,3,TEN,OAK,7,7,16.0,254.5,101.5,2.0,20.0,7.0,248.0,101.0,2.0,0.5,0.67,0.0,0.0,0.0,0.0,0.0,0.0,0.0,0.0,0.0,0.0,0.0,0
265,2016,3,SEA,SF,7,7,7.5,256.0,89.5,1.5,9.5,9.0,212.5,64.0,4.0,0.0,1.0,27.5,206.5,107.5,2.0,23.0,4.0,241.5,120.5,1.5,1.5,1.0,1
266,2016,3,TB,LA,7,7,19.0,262.0,87.5,3.0,32.0,5.5,324.5,78.5,2.0,0.0,0.5,4.5,184.5,64.5,1.0,15.5,9.5,212.0,108.5,1.0,0.0,1.0,0
267,2016,3,IND,SD,7,7,27.5,291.0,82.5,1.0,36.5,6.5,303.0,125.0,1.0,0.5,1.0,0.0,0.0,0.0,0.0,0.0,0.0,0.0,0.0,0.0,0.0,0.0,1
268,2016,3,KC,NYJ,7,10,22.5,274.5,101.0,2.0,23.0,7.5,255.5,126.0,1.5,1.0,1.0,29.5,281.5,137.5,1.0,27.0,7.0,336.5,71.5,3.5,1.0,0.86,1
269,2016,3,PHI,PIT,6,7,29.0,234.0,116.5,0.0,12.0,6.0,212.5,92.0,3.0,1.0,0.83,31.0,279.5,135.5,1.5,16.0,4.5,347.5,50.5,0.5,1.0,1.0,1
270,2016,3,DAL,CHI,7,6,23.0,259.5,101.5,0.5,21.5,6.0,285.5,97.5,2.0,1.0,1.0,14.0,225.5,68.5,2.0,26.0,5.5,210.5,114.5,2.0,0.5,0.0,1
271,2016,3,NO,ATL,8,8,23.5,343.0,64.5,0.5,25.5,7.0,343.5,115.5,1.0,0.0,0.57,29.5,365.0,95.5,0.5,29.5,7.0,290.0,122.5,0.5,0.5,1.0,0
272,2016,4,CIN,MIA,4,4,18.67,312.67,82.0,1.33,25.0,6.33,253.33,109.33,1.33,1.0,0.88,21.33,297.33,83.0,2.33,22.33,5.67,287.0,147.33,3.0,0.33,0.75,1
273,2016,4,JAX,IND,7,7,18.0,281.0,55.0,2.33,28.0,10.0,211.0,109.67,2.0,0.67,0.67,27.0,304.33,86.0,1.33,31.67,7.67,310.67,95.67,1.33,0.33,1.0,1
274,2016,4,ATL,CAR,6,7,34.67,323.33,136.0,0.33,30.33,6.0,318.67,120.0,1.0,0.67,1.0,25.33,270.67,146.0,2.33,23.33,8.67,197.33,90.33,2.0,1.33,0.78,1
275,2016,4,BAL,OAK,7,7,19.0,258.0,82.33,1.67,14.67,6.0,188.33,86.0,3.0,1.67,1.0,0.0,0.0,0.0,0.0,0.0,0.0,0.0,0.0,0.0,0.0,0.0,0
276,2016,4,CHI,DET,7,7,15.0,256.0,71.67,2.0,27.67,5.67,223.0,142.67,1.33,0.33,0.5,27.0,328.33,101.0,0.67,28.33,9.67,276.0,114.67,2.33,0.33,0.83,1
277,2016,4,HOU,TEN,10,7,14.0,231.67,111.67,1.33,17.67,5.67,168.33,125.67,3.33,0.33,0.88,14.0,241.0,128.0,2.33,19.0,7.33,248.33,108.33,1.67,0.67,0.75,1
278,2016,4,NE,BUF,10,7,27.0,230.33,150.67,1.0,15.0,6.0,284.67,90.33,1.67,1.0,0.86,23.67,179.0,119.67,0.67,22.67,7.67,306.33,98.0,3.33,1.33,0.75,0
279,2016,4,NYJ,SEA,7,7,20.67,250.33,130.67,3.0,26.0,5.67,303.33,71.67,3.0,0.67,0.88,17.33,273.33,102.0,1.67,12.33,8.0,181.33,87.67,2.67,0.33,1.0,0
280,2016,4,WAS,CLE,7,7,22.67,340.0,75.67,1.0,30.67,8.33,314.0,123.0,2.33,1.0,1.0,18.0,243.0,144.67,1.33,28.0,8.33,299.67,109.33,1.0,1.33,0.5,1
281,2016,4,TB,DEN,7,7,23.33,309.67,86.0,2.67,33.67,6.67,279.67,98.0,1.67,0.33,0.33,28.0,252.0,111.33,1.67,19.0,5.67,199.0,127.67,4.0,1.0,0.83,0
282,2016,4,ARI,LA,7,7,26.33,291.0,95.0,1.67,21.0,5.67,208.67,133.0,2.67,1.67,0.75,15.33,186.33,88.67,1.33,21.0,9.0,276.33,100.0,1.33,0.33,1.0,0
283,2016,4,SD,NO,7,6,0.0,0.0,0.0,0.0,0.0,0.0,0.0,0.0,0.0,0.0,0.0,26.33,354.0,81.33,0.67,32.0,6.33,309.0,149.33,1.33,0.0,0.62,0
284,2016,4,SF,DAL,7,7,24.33,177.33,116.67,1.67,27.67,4.0,263.67,122.67,1.67,1.33,0.75,25.67,255.67,134.0,0.67,20.0,5.33,296.0,91.0,1.33,0.67,0.88,0
285,2016,4,PIT,KC,7,7,21.67,272.0,100.0,1.67,22.0,5.33,332.0,75.33,0.33,0.67,0.75,23.0,262.0,91.33,1.67,16.33,6.67,233.0,123.0,1.0,2.67,1.0,1
286,2016,4,MIN,NYG,8,8,21.33,231.0,51.0,0.0,13.33,7.33,249.67,84.0,5.0,1.67,0.78,21.0,308.33,99.0,2.33,20.33,6.0,272.33,77.33,1.33,0.0,0.83,1
287,2016,5,SF,ARI,4,4,22.5,182.0,114.0,1.5,26.75,4.25,259.0,140.5,1.75,1.0,0.8,23.0,299.5,100.75,2.5,20.0,5.75,223.0,110.0,2.5,1.25,0.83,0
288,2016,5,BAL,WAS,7,7,21.0,268.0,94.25,1.5,18.0,7.0,191.0,80.0,2.25,1.25,1.0,24.75,300.75,93.0,1.0,28.0,8.5,291.25,133.0,2.0,1.0,1.0,0
289,2016,5,CLE,NE,7,7,18.5,238.0,149.25,1.75,28.75,8.0,270.5,118.25,1.5,1.25,0.6,20.25,224.0,135.5,1.0,15.25,6.75,275.0,101.25,1.75,0.75,0.75,0
290,2016,5,DET,PHI,7,14,23.75,299.5,92.25,1.0,25.5,9.75,282.5,114.5,2.25,0.25,0.88,30.67,256.33,119.33,0.0,9.0,7.33,227.33,71.0,3.33,1.0,0.88,1
291,2016,5,IND,CHI,7,7,27.0,286.75,88.0,1.25,31.25,7.5,284.75,105.75,1.75,0.25,1.0,15.5,267.5,82.25,1.5,24.25,6.25,220.5,123.5,1.5,0.75,0.5,1
292,2016,5,MIA,TEN,10,7,17.75,270.25,77.75,2.25,22.25,6.0,289.25,129.75,2.5,0.25,0.75,15.5,231.25,127.0,2.0,21.0,8.25,249.75,110.0,1.5,1.0,0.83,0
293,2016,5,MIN,HOU,6,7,22.0,238.75,64.25,0.0,12.5,7.0,252.5,82.5,3.75,1.5,0.73,17.25,237.25,112.5,1.5,18.25,5.75,176.75,125.25,2.75,0.5,0.82,1
294,2016,5,PIT,NYJ,7,7,27.0,279.0,112.25,1.25,20.0,6.25,320.75,78.25,1.25,0.75,0.75,19.75,253.0,112.5,3.0,26.25,6.0,304.75,70.25,2.75,0.5,0.89,1
295,2016,5,DEN,ATL,7,7,27.75,248.5,105.75,1.25,16.0,6.5,194.0,113.75,4.25,1.25,0.88,38.0,368.25,124.5,0.5,31.0,6.5,323.25,102.25,1.0,1.0,1.0,0
296,2016,5,DAL,CIN,7,10,25.25,253.0,149.0,0.5,19.25,5.5,271.0,94.75,1.25,0.75,0.8,19.5,308.5,80.75,1.0,20.5,6.25,237.25,97.5,2.25,1.0,0.92,1
297,2016,5,LA,BUF,7,7,15.75,206.25,76.75,1.25,19.0,9.0,288.5,104.5,1.75,1.0,1.0,21.75,195.75,123.25,0.5,17.0,7.25,281.0,96.0,3.25,1.0,0.75,0
298,2016,5,OAK,SD,7,7,0.0,0.0,0.0,0.0,0.0,0.0,0.0,0.0,0.0,0.0,0.0,0.0,0.0,0.0,0.0,0.0,0.0,0.0,0.0,0.0,0.0,0.0,1
299,2016,5,GB,NYG,14,6,25.0,205.67,100.33,1.0,22.33,5.0,330.33,42.67,3.33,0.67,1.0,18.25,296.5,93.75,2.0,21.25,6.5,269.75,84.0,1.0,0.0,0.86,1
300,2016,5,CAR,TB,8,8,27.25,287.25,121.75,2.25,29.5,8.0,273.75,90.25,2.25,1.25,0.8,19.25,277.0,82.5,2.75,32.0,7.25,269.25,95.75,2.25,0.25,0.33,0
301,2016,6,SD,DEN,4,4,0.0,0.0,0.0,0.0,0.0,0.0,0.0,0.0,0.0,0.0,0.0,25.4,243.4,101.4,1.2,17.4,6.8,208.6,115.4,3.8,1.0,0.91,1
302,2016,6,BUF,SF,7,10,23.4,181.4,137.2,0.4,17.4,7.2,279.0,97.2,3.4,1.2,0.78,22.2,178.0,121.4,1.6,28.0,4.2,232.0,146.8,1.6,0.8,0.8,1
303,2016,6,CHI,JAX,7,14,17.0,293.4,90.8,1.4,25.2,7.0,240.8,118.4,2.2,0.6,0.62,21.0,262.5,75.25,1.75,27.75,10.25,216.75,105.75,3.0,0.75,0.78,0
304,2016,6,DET,LA,7,7,23.8,275.6,89.8,1.0,25.0,8.2,273.6,114.8,2.4,0.4,0.89,16.4,219.2,81.8,1.6,21.2,8.4,255.6,122.2,1.8,0.8,1.0,1
305,2016,6,MIA,PIT,7,7,17.6,254.4,72.4,2.2,23.8,6.4,264.0,150.8,2.0,0.2,0.8,27.8,299.2,102.0,1.2,18.6,5.2,307.6,77.0,1.6,0.6,0.8,1
306,2016,6,NE,CIN,7,7,22.8,260.4,128.0,0.8,14.8,6.4,269.8,86.4,1.8,0.8,0.7,18.4,300.6,83.8,0.8,22.0,6.2,235.2,114.0,2.0,0.8,0.86,1
307,2016,6,NO,CAR,14,6,28.5,317.25,81.75,1.0,32.5,6.25,312.0,121.5,1.75,0.25,0.62,24.6,285.4,124.6,2.4,27.0,7.8,262.8,94.8,2.2,1.0,0.73,1
308,2016,6,NYG,BAL,7,7,17.8,277.0,83.6,1.8,21.6,6.4,267.6,96.6,0.8,0.4,0.9,18.8,256.4,99.0,1.2,17.6,7.4,204.8,76.0,2.0,1.2,1.0,1
309,2016,6,TEN,CLE,7,7,18.4,217.6,148.6,1.6,20.2,7.6,238.0,98.2,2.4,1.2,0.86,17.4,240.2,124.8,1.6,29.6,7.4,297.6,114.2,1.4,1.0,0.6,1
310,2016,6,WAS,PHI,7,7,23.0,292.6,86.4,1.2,24.4,7.6,275.0,130.0,2.2,0.8,0.93,28.75,251.75,118.5,0.5,12.75,9.0,215.5,73.25,3.25,0.75,0.91,1
311,2016,6,OAK,KC,7,14,0.0,0.0,0.0,0.0,0.0,0.0,0.0,0.0,0.0,0.0,0.0,20.75,268.25,90.25,1.75,23.0,6.75,249.75,129.5,1.25,2.0,0.88,0
312,2016,6,GB,DAL,7,7,24.5,219.0,112.0,1.25,20.75,5.25,297.5,42.75,3.5,0.5,1.0,25.8,247.8,155.2,0.6,18.2,5.8,270.6,95.0,1.8,0.6,0.8,0
313,2016,6,SEA,ATL,14,7,19.75,282.25,93.0,1.25,13.5,7.75,201.25,80.25,3.0,1.0,1.0,35.0,348.0,124.0,0.6,28.0,6.6,303.2,98.6,2.0,1.0,1.0,1
314,2016,6,HOU,IND,7,7,16.4,226.6,101.8,1.4,20.8,5.4,195.6,119.4,2.6,0.4,0.79,27.4,293.8,90.0,1.0,29.6,7.8,307.2,109.6,1.4,0.2,1.0,1
315,2016,6,ARI,NYJ,11,8,25.0,264.4,115.0,2.0,20.2,6.0,210.8,118.2,3.4,1.4,0.86,18.4,253.4,104.4,2.4,27.2,5.6,319.8,68.4,2.4,0.4,0.91,1
316,2016,7,GB,CHI,4,4,22.8,234.0,105.2,1.8,22.6,5.2,287.4,72.4,3.0,0.6,1.0,16.83,294.83,91.0,1.17,23.83,7.5,245.83,107.67,2.17,0.67,0.73,1
317,2016,7,LA,NYG,7,7,18.33,236.17,80.83,1.5,22.83,8.33,258.0,115.67,1.67,0.67,1.0,19.33,298.0,76.0,2.0,21.83,6.5,274.17,96.83,1.0,0.33,0.92,0
318,2016,7,CIN,CLE,7,7,18.17,292.83,89.83,0.67,24.17,6.33,258.67,108.17,2.17,0.67,0.87,18.83,256.33,110.67,1.33,29.33,8.0,295.33,118.0,1.5,1.0,0.67,1
319,2016,7,DET,WAS,7,7,25.0,274.67,88.67,0.83,25.5,8.0,281.5,108.33,2.17,0.5,0.9,23.67,287.67,110.33,1.17,23.67,7.83,259.0,124.0,2.67,0.67,0.94,1
320,2016,7,JAX,OAK,7,7,20.2,264.2,71.0,1.8,25.4,9.2,233.8,103.0,2.6,0.6,0.8,0.0,0.0,0.0,0.0,0.0,0.0,0.0,0.0,0.0,0.0,0.0,0
321,2016,7,KC,NO,7,7,21.8,259.4,108.8,1.4,20.4,5.8,244.8,116.4,1.4,1.8,0.82,31.0,346.8,78.0,1.0,33.6,7.0,314.0,117.8,1.8,0.4,0.64,1
322,2016,7,MIA,BUF,7,7,19.67,254.0,97.33,1.83,22.33,6.67,251.5,147.0,2.0,0.5,0.7,27.0,181.0,166.5,0.67,17.17,7.17,263.67,103.17,3.33,1.0,0.8,1
323,2016,7,NYJ,BAL,6,7,15.83,245.33,92.5,2.33,27.33,6.33,304.0,85.5,2.0,0.33,0.92,19.5,264.83,98.83,1.0,19.17,8.67,237.83,69.67,1.83,1.33,1.0,1
324,2016,7,PHI,MIN,7,14,27.0,237.2,113.6,0.4,15.6,9.8,225.0,104.6,2.6,0.8,0.92,23.8,245.2,70.6,0.0,12.6,7.4,238.8,77.8,3.8,1.4,0.75,1
325,2016,7,TEN,IND,7,7,20.0,228.67,146.67,1.5,21.17,7.5,254.5,88.5,3.0,1.0,0.75,26.67,286.83,101.83,1.0,29.0,7.67,300.83,117.67,1.33,0.33,1.0,0
326,2016,7,ATL,SD,7,10,33.17,345.83,112.0,0.83,27.67,6.83,297.67,94.17,1.83,0.83,1.0,0.0,0.0,0.0,0.0,0.0,0.0,0.0,0.0,0.0,0.0,0.0,0
327,2016,7,SF,TB,7,13,21.17,179.5,123.33,1.33,30.83,4.5,223.17,174.5,1.83,0.67,0.88,18.8,265.4,88.6,2.2,28.4,6.8,271.0,103.8,1.8,0.6,0.5,0
328,2016,7,PIT,NE,7,7,25.67,280.83,106.33,1.33,20.5,5.33,298.33,101.17,1.33,0.5,0.8,24.83,279.67,119.83,0.67,15.17,6.33,267.17,92.0,1.83,0.67,0.75,0
329,2016,7,DEN,HOU,11,8,23.33,241.17,98.5,1.33,18.0,7.67,203.5,112.67,3.5,0.83,0.86,18.0,233.67,111.17,1.33,21.17,5.67,205.0,126.33,2.67,0.5,0.81,1
330,2016,8,TEN,JAX,4,4,20.86,229.14,143.43,1.43,23.0,7.29,268.57,87.43,2.86,0.86,0.8,19.5,261.17,76.67,1.83,26.67,9.83,228.17,109.83,2.17,0.5,0.85,1
331,2016,8,BUF,NE,7,7,26.71,186.71,152.29,0.57,18.71,7.0,255.14,125.0,3.0,0.86,0.82,25.14,271.43,122.71,0.71,15.29,6.0,269.14,92.29,1.57,0.71,0.75,0
332,2016,8,CAR,ARI,14,7,26.83,291.5,121.0,2.17,29.33,7.33,296.5,89.5,2.0,1.0,0.75,22.71,269.86,125.43,1.43,15.71,6.43,212.0,96.57,2.71,1.29,0.73,1
333,2016,8,CLE,NYJ,7,7,18.57,245.71,120.57,1.43,29.57,7.57,297.14,139.86,1.71,0.86,0.69,17.0,241.0,101.43,2.29,25.71,6.0,296.0,74.86,2.0,0.57,0.86,0
334,2016,8,HOU,DET,6,7,16.71,219.0,115.29,1.43,22.0,5.14,198.14,135.43,2.29,0.43,0.84,24.29,273.43,89.43,0.71,24.29,7.43,284.29,111.43,2.14,0.43,0.85,1
335,2016,8,IND,KC,7,7,27.71,296.29,98.86,0.86,28.57,8.29,291.0,118.57,1.57,0.29,1.0,22.67,251.83,109.33,1.17,20.5,5.5,265.17,114.33,1.33,1.67,0.85,0
336,2016,8,NO,SEA,7,7,29.33,350.17,82.33,1.17,32.5,7.5,297.33,116.83,1.5,0.33,0.64,18.5,270.67,82.67,0.83,14.0,7.33,247.0,84.17,3.33,0.83,0.86,1
337,2016,8,TB,OAK,7,7,21.33,266.0,115.33,2.0,26.5,6.83,249.67,113.17,2.17,0.67,0.55,0.0,0.0,0.0,0.0,0.0,0.0,0.0,0.0,0.0,0.0,0.0,0
338,2016,8,DEN,SD,6,7,23.86,229.14,111.57,1.14,16.71,7.57,193.14,116.57,3.0,0.71,0.88,0.0,0.0,0.0,0.0,0.0,0.0,0.0,0.0,0.0,0.0,0.0,1
339,2016,8,ATL,GB,7,10,32.71,335.43,114.57,0.86,28.43,7.14,308.14,91.86,2.14,0.86,0.94,23.33,249.33,104.83,1.67,20.5,5.83,261.17,71.83,2.67,0.83,0.92,1
340,2016,8,DAL,PHI,14,7,26.5,247.67,161.17,0.83,17.83,6.0,274.5,92.17,1.67,0.67,0.85,26.0,220.67,111.5,1.0,14.67,9.33,224.83,102.67,3.17,0.83,0.93,1
341,2016,8,CHI,MIN,11,8,15.86,271.29,87.86,1.29,24.14,7.86,257.29,107.0,2.14,0.57,0.75,21.5,241.67,74.33,0.5,14.0,7.33,222.0,81.67,3.17,1.5,0.77,1
342,2016,9,TB,ATL,4,4,21.71,253.71,113.43,1.71,27.0,6.71,287.29,115.29,2.14,0.57,0.58,32.75,329.5,111.5,0.75,28.88,7.12,300.38,93.88,2.25,0.75,0.94,0
343,2016,9,BAL,PIT,14,14,19.0,262.43,86.29,1.14,19.86,8.0,234.57,81.86,2.29,1.14,1.0,24.29,280.86,104.57,1.29,21.43,6.0,287.43,106.71,1.14,0.43,0.7,1
344,2016,9,CLE,DAL,7,7,19.75,258.12,114.0,1.5,29.75,6.88,288.5,143.75,1.75,0.75,0.73,26.86,253.29,164.86,0.86,18.57,6.71,264.14,92.86,1.86,0.57,0.88,0
345,2016,9,KC,JAX,7,10,23.71,265.86,106.29,1.0,19.57,5.57,257.29,113.0,2.0,1.57,0.82,19.86,272.0,72.57,1.57,28.0,9.43,235.57,124.71,1.86,0.43,0.85,1
346,2016,9,MIA,NYJ,14,7,20.86,246.86,120.0,1.57,22.71,7.57,247.14,135.57,2.29,0.43,0.75,18.75,239.38,110.12,2.0,26.0,5.88,302.12,74.0,1.88,0.75,0.87,1
347,2016,9,MIN,DET,6,7,19.86,239.71,71.86,0.43,14.86,6.43,226.29,92.57,2.86,1.29,0.79,22.88,269.25,85.5,0.62,23.75,7.5,272.0,110.62,2.25,0.5,0.81,0
348,2016,9,NYG,PHI,14,7,19.0,283.43,70.29,1.86,20.14,6.0,276.57,93.57,1.29,0.86,0.92,25.57,218.0,109.43,1.0,16.71,8.71,233.71,114.71,3.0,0.86,0.94,1
349,2016,9,LA,CAR,14,7,17.14,244.0,79.86,1.86,22.0,8.29,249.14,104.29,1.43,0.57,1.0,27.29,280.14,123.86,2.0,28.0,7.0,306.0,80.14,2.86,1.0,0.8,0
350,2016,9,SF,NO,14,7,20.57,174.29,128.57,1.43,31.29,4.43,229.71,185.14,1.86,0.71,0.89,28.71,338.0,88.14,1.14,30.71,6.71,297.14,110.71,1.43,0.43,0.73,0
351,2016,9,GB,IND,7,7,24.57,248.86,105.29,1.43,22.29,5.86,265.0,74.43,2.57,0.71,0.93,26.0,285.5,99.62,1.0,28.75,7.88,298.38,114.75,1.75,0.25,1.0,0
352,2016,9,SD,TEN,7,10,0.0,0.0,0.0,0.0,0.0,0.0,0.0,0.0,0.0,0.0,0.0,22.75,235.5,152.25,1.25,22.88,7.25,277.12,82.5,2.75,0.75,0.85,1
353,2016,9,OAK,DEN,7,7,0.0,0.0,0.0,0.0,0.0,0.0,0.0,0.0,0.0,0.0,0.0,24.25,235.0,104.75,1.38,17.0,7.38,202.38,117.38,3.12,1.0,0.89,1
354,2016,9,SEA,BUF,8,8,18.71,274.29,81.43,0.86,15.57,7.86,249.57,89.71,3.14,0.71,0.88,26.5,190.62,154.12,0.5,21.5,7.62,262.62,118.38,3.25,0.75,0.77,1
355,2016,10,BAL,CLE,4,4,19.25,260.88,81.75,1.12,19.12,8.25,238.25,76.12,2.25,1.12,1.0,18.67,252.0,106.33,1.33,30.33,6.67,284.78,146.44,1.56,0.67,0.71,1
356,2016,10,CAR,KC,7,7,25.5,273.25,115.75,1.75,25.75,6.75,304.75,77.5,3.0,1.0,0.78,23.12,256.0,100.75,0.88,18.88,5.75,256.62,124.5,2.0,1.5,0.86,0
357,2016,10,JAX,HOU,7,14,19.12,269.5,89.12,1.75,26.88,8.88,229.5,116.88,1.88,0.38,0.79,17.12,214.88,114.0,1.38,20.88,5.25,203.38,125.75,2.12,0.38,0.86,0
358,2016,10,NO,DEN,7,7,30.25,336.12,108.12,1.0,29.75,6.38,309.75,108.5,1.38,0.5,0.72,23.78,240.33,96.78,1.44,18.44,7.89,200.33,128.56,3.0,0.89,0.9,0
359,2016,10,NYJ,LA,7,7,19.22,236.44,113.44,2.0,26.11,6.33,285.11,81.0,1.78,0.67,0.89,16.25,250.5,77.25,1.75,20.88,8.5,246.12,98.62,1.88,0.5,0.85,0
360,2016,10,PHI,ATL,7,10,25.25,236.25,107.75,1.12,18.12,8.12,236.62,107.12,2.75,1.0,0.91,33.89,331.11,114.22,0.78,28.78,7.0,304.33,91.22,2.22,0.67,0.95,1
361,2016,10,TB,CHI,10,13,22.5,264.0,108.0,1.75,29.0,7.25,294.38,117.88,2.12,0.5,0.58,16.38,268.88,96.62,1.12,22.38,7.12,253.62,100.75,2.5,0.5,0.79,1
362,2016,10,TEN,GB,7,7,24.11,244.11,144.22,1.44,25.11,7.33,276.89,96.44,2.56,0.67,0.85,24.75,254.88,106.62,1.38,23.38,5.62,267.0,75.75,2.5,0.88,0.88,1
363,2016,10,WAS,MIN,14,7,23.25,310.62,111.5,1.25,23.62,8.25,263.0,123.75,2.75,0.62,0.82,19.38,243.88,72.62,0.38,15.75,6.62,225.38,93.12,2.62,1.25,0.75,1
364,2016,10,SD,MIA,7,7,0.0,0.0,0.0,0.0,0.0,0.0,0.0,0.0,0.0,0.0,0.0,21.62,234.62,122.12,1.38,22.75,7.62,242.88,136.12,2.38,0.62,0.79,0
365,2016,10,ARI,SF,14,7,22.38,281.5,112.75,1.5,17.5,6.88,212.0,102.12,2.5,1.12,0.73,20.88,202.25,124.12,1.75,32.5,5.0,241.38,193.0,1.75,0.62,0.92,1
366,2016,10,PIT,DAL,7,7,23.0,278.75,96.0,1.25,21.38,7.0,282.75,99.62,1.38,0.5,0.7,27.88,253.5,165.25,0.75,17.5,6.38,256.5,86.88,2.12,0.5,0.88,0
367,2016,10,NE,SEA,14,6,27.12,276.88,116.38,0.62,16.5,6.5,262.75,101.62,1.62,0.62,0.79,20.25,275.25,75.38,0.75,16.75,8.12,254.5,98.75,3.38,0.75,0.88,0
368,2016,10,NYG,CIN,8,15,20.12,280.12,68.25,1.88,20.5,5.88,287.5,93.88,1.38,1.0,0.92,20.88,293.62,120.25,0.75,23.62,6.0,274.0,116.12,2.0,0.88,0.74,1
369,2016,11,CAR,NO,4,4,24.56,271.89,113.89,1.78,25.11,6.67,290.67,79.0,3.0,1.0,0.79,29.44,332.44,105.0,1.33,29.22,6.0,304.0,107.89,1.89,0.67,0.74,1
370,2016,11,CIN,BUF,6,13,20.78,283.67,115.56,0.78,23.33,6.33,270.22,116.78,1.89,1.0,0.76,26.33,201.56,155.0,0.56,22.56,8.0,264.78,108.89,3.33,0.67,0.73,0
371,2016,11,CLE,PIT,10,7,17.5,241.8,99.0,1.5,30.1,6.3,285.9,143.7,1.6,0.8,0.71,23.78,293.11,90.67,1.11,22.89,6.67,286.78,102.67,1.44,0.44,0.69,0
372,2016,11,DAL,BAL,7,10,28.67,260.78,161.0,0.78,18.89,6.78,273.33,82.56,2.0,0.44,0.89,20.22,264.78,85.89,1.22,17.78,8.0,228.44,71.33,2.44,1.22,1.0,1
373,2016,11,DET,JAX,14,7,22.78,263.67,86.78,0.67,22.89,7.33,272.11,107.0,2.22,0.44,0.84,19.33,269.0,88.11,1.78,26.56,8.33,215.0,124.0,1.78,0.33,0.81,1
374,2016,11,IND,TEN,14,7,26.56,285.0,98.0,1.11,28.44,7.44,298.22,114.89,1.89,0.33,1.0,26.4,250.2,145.2,1.3,25.1,7.3,287.1,93.7,2.8,0.8,0.87,1
375,2016,11,KC,TB,7,7,22.78,247.33,99.67,0.89,18.67,6.11,257.11,121.67,2.0,1.44,0.88,24.0,269.33,104.89,1.67,26.89,7.44,281.89,118.33,2.33,0.67,0.64,0
376,2016,11,MIN,ARI,7,7,19.44,250.89,69.78,0.44,16.89,6.33,229.44,97.0,2.44,1.11,0.75,22.44,292.0,109.11,1.78,17.78,6.33,211.78,100.0,2.56,1.0,0.79,1
377,2016,11,NYG,CHI,6,7,20.22,275.67,74.22,1.89,20.44,5.44,278.22,92.11,1.56,1.0,0.92,15.67,259.22,99.44,1.44,23.89,7.33,260.11,98.44,2.67,0.56,0.8,1
378,2016,11,LA,MIA,7,7,15.44,241.0,82.56,1.56,19.22,8.33,236.89,103.11,1.78,0.56,0.88,22.67,235.22,120.33,1.22,22.89,8.0,252.11,128.78,2.44,1.0,0.8,0
379,2016,11,SEA,PHI,7,7,21.44,283.33,77.67,0.67,17.56,8.11,261.33,96.78,3.22,0.78,0.9,25.11,235.67,118.89,1.11,17.78,8.33,240.0,100.56,2.67,1.0,0.85,1
380,2016,11,SF,NE,7,7,20.78,203.11,119.56,1.56,31.44,5.44,256.33,180.44,1.78,0.78,0.93,26.78,281.22,112.44,0.78,18.11,6.56,272.22,101.0,1.78,0.56,0.8,0
381,2016,11,WAS,GB,7,7,23.56,305.22,113.33,1.22,23.22,7.78,267.89,115.22,2.78,0.67,0.85,24.78,268.67,102.44,1.44,26.0,6.33,271.22,84.44,2.33,0.78,0.89,1
382,2016,11,OAK,HOU,15,8,0.0,0.0,0.0,0.0,0.0,0.0,0.0,0.0,0.0,0.0,0.0,17.89,202.0,121.44,1.22,20.89,5.11,210.22,120.67,2.11,0.44,0.79,1
383,2016,12,DET,MIN,4,4,23.1,265.1,79.5,0.7,22.5,7.1,265.1,104.6,2.0,0.6,0.86,20.5,242.7,70.0,0.5,17.6,6.7,226.3,100.8,2.6,1.2,0.76,1
384,2016,12,DAL,WAS,4,4,28.5,264.8,156.7,0.7,18.7,6.6,272.9,84.4,1.9,0.4,0.9,25.4,312.2,117.1,1.1,23.3,7.6,277.1,112.1,2.7,0.7,0.85,1
385,2016,12,IND,PIT,4,4,26.3,282.7,95.8,1.1,27.3,7.5,297.4,113.1,2.2,0.3,0.95,23.8,280.5,96.2,1.0,21.5,6.8,282.7,95.7,2.1,0.5,0.75,0
386,2016,12,ATL,ARI,14,7,32.0,324.7,107.6,0.8,28.3,7.1,297.0,102.9,2.2,0.6,0.92,22.6,282.6,111.7,1.8,19.0,6.5,207.5,97.2,2.5,0.9,0.8,1
387,2016,12,BAL,CIN,7,7,19.9,265.2,87.4,1.1,18.7,8.4,235.7,76.0,2.3,1.1,1.0,19.9,276.0,113.3,0.9,22.6,6.1,259.8,123.4,1.9,1.0,0.76,1
388,2016,12,BUF,JAX,7,7,25.3,198.0,157.8,0.6,21.5,8.1,259.0,107.3,3.1,0.8,0.78,19.3,262.3,87.6,1.9,26.5,7.9,221.3,113.0,1.9,0.3,0.83,1
389,2016,12,CHI,TEN,7,7,15.7,258.5,98.8,1.4,23.7,7.1,256.8,98.8,2.4,0.5,0.76,25.55,253.82,140.82,1.18,25.0,7.64,284.82,92.09,2.73,0.82,0.88,0
390,2016,12,CLE,NYG,7,7,16.73,242.18,93.0,1.55,29.55,6.55,275.09,143.91,1.45,0.73,0.72,20.4,270.8,77.0,1.7,20.0,5.3,275.6,92.2,1.8,1.0,0.93,0
391,2016,12,HOU,SD,6,14,18.1,206.1,121.7,1.2,21.5,5.3,218.7,111.6,1.9,0.5,0.81,0.0,0.0,0.0,0.0,0.0,0.0,0.0,0.0,0.0,0.0,0.0,0
392,2016,12,MIA,SF,7,7,21.8,228.9,118.1,1.2,21.6,8.0,240.3,126.1,2.3,0.9,0.8,20.4,203.4,119.8,1.4,31.3,5.9,258.7,179.5,1.7,0.7,0.93,1
393,2016,12,NO,LA,10,7,28.5,327.7,105.2,1.4,28.6,6.0,292.8,102.1,1.9,0.6,0.73,14.9,230.3,84.5,1.5,18.7,8.3,230.4,102.6,2.0,0.6,0.83,1
394,2016,12,TB,SEA,7,7,23.5,275.5,106.0,1.6,25.9,7.4,279.8,114.7,2.1,0.7,0.72,21.9,283.7,85.1,0.6,17.3,8.0,257.0,98.4,3.1,0.9,0.88,1
395,2016,12,NYJ,NE,14,7,17.9,229.1,116.0,1.9,24.4,6.1,273.1,85.4,1.9,0.6,0.89,27.1,281.1,118.3,0.7,18.0,6.4,265.6,103.1,2.1,0.5,0.81,0
396,2016,12,OAK,CAR,6,10,0.0,0.0,0.0,0.0,0.0,0.0,0.0,0.0,0.0,0.0,0.0,24.4,263.9,107.5,1.6,24.6,6.6,290.1,81.8,3.0,1.0,0.82,1
397,2016,12,DEN,KC,14,7,23.9,242.1,97.4,1.5,18.9,7.2,210.6,123.7,2.8,1.0,0.88,22.2,248.7,97.9,0.9,18.7,6.0,264.5,121.1,1.8,1.3,0.88,0
398,2016,12,PHI,GB,8,8,24.1,233.9,118.3,1.2,18.6,8.3,244.7,105.7,2.5,0.9,0.85,24.7,277.8,100.6,1.5,27.6,6.3,281.6,91.1,2.3,0.7,0.86,0
399,2016,13,MIN,DAL,7,7,19.82,241.0,71.09,0.55,17.45,6.55,226.82,100.18,2.55,1.09,0.79,28.73,258.45,157.27,0.64,19.36,6.27,288.91,81.82,1.73,0.36,0.91,0
400,2016,13,ATL,KC,7,7,32.55,319.64,108.36,0.82,27.45,6.82,296.27,98.82,2.18,0.64,0.92,22.91,246.09,96.55,0.82,19.45,6.27,273.91,121.36,2.09,1.18,0.89,0
401,2016,13,BAL,MIA,7,7,19.82,262.36,87.82,1.09,18.27,8.36,240.0,74.91,2.36,1.0,1.0,22.64,234.0,116.0,1.09,21.82,7.64,245.36,132.18,2.27,0.91,0.81,1
402,2016,13,CHI,SF,7,7,16.18,263.73,98.45,1.45,24.0,7.09,254.0,103.36,2.18,0.45,0.76,20.73,211.82,126.45,1.45,31.27,6.0,261.09,171.82,1.73,0.64,0.94,1
403,2016,13,CIN,PHI,7,6,19.36,276.64,108.82,1.0,22.27,5.73,257.45,120.55,1.91,1.0,0.78,23.09,235.73,114.91,1.18,19.36,8.18,250.91,102.82,2.27,0.82,0.86,1
404,2016,13,GB,HOU,6,7,24.91,281.0,98.18,1.36,26.27,6.36,279.09,90.18,2.45,0.73,0.87,17.64,209.73,121.0,1.45,21.45,5.64,220.82,107.55,1.82,0.55,0.82,1
405,2016,13,JAX,DEN,7,7,19.45,249.91,96.27,1.73,26.64,7.73,216.27,116.64,2.18,0.27,0.83,24.18,253.55,99.82,1.36,19.91,7.91,211.45,120.0,3.09,0.91,0.85,0
406,2016,13,NE,LA,7,7,26.64,281.55,115.82,0.64,17.91,6.0,265.91,99.55,2.0,0.45,0.8,15.45,228.82,83.09,1.55,21.45,8.09,242.18,112.27,2.0,0.55,0.83,1
407,2016,13,NO,DET,7,10,30.36,330.64,114.64,1.36,27.91,6.0,285.64,99.09,2.0,0.64,0.73,22.45,262.09,80.82,0.64,21.64,6.82,261.36,102.55,1.82,0.64,0.88,0
408,2016,13,OAK,BUF,7,7,0.0,0.0,0.0,0.0,0.0,0.0,0.0,0.0,0.0,0.0,0.0,25.55,195.09,157.36,0.55,21.45,7.91,246.91,114.18,3.0,0.73,0.78,1
409,2016,13,ARI,WAS,7,10,22.27,283.18,106.82,1.73,20.73,6.64,213.09,98.91,2.55,0.91,0.82,25.45,324.64,111.55,1.0,24.0,7.18,269.64,116.73,2.55,0.64,0.81,1
410,2016,13,PIT,NYG,10,7,24.18,275.09,100.91,0.91,20.18,6.82,278.82,95.27,2.18,0.64,0.75,21.0,263.82,79.45,1.55,19.36,5.64,279.82,89.09,2.27,0.91,0.93,1
411,2016,13,SD,TB,7,7,0.0,0.0,0.0,0.0,0.0,0.0,0.0,0.0,0.0,0.0,0.0,22.64,270.45,107.09,1.64,24.0,7.36,268.09,115.82,2.45,0.82,0.68,0
412,2016,13,SEA,CAR,7,7,20.36,271.64,88.91,0.82,17.0,7.45,253.64,100.18,2.82,0.91,0.88,25.09,262.27,109.45,1.64,25.55,6.64,292.36,79.45,2.82,1.0,0.82,1
413,2016,13,NYJ,IND,8,11,17.82,232.73,111.27,1.91,24.18,6.09,274.27,85.91,1.73,0.55,0.85,24.55,278.82,95.36,1.18,27.36,7.0,290.45,116.27,2.0,0.27,0.91,0
414,2016,14,KC,OAK,4,4,23.42,248.08,98.75,0.83,20.17,6.83,275.83,121.92,2.08,1.17,0.89,0.0,0.0,0.0,0.0,0.0,0.0,0.0,0.0,0.0,0.0,0.0,1
415,2016,14,BUF,PIT,7,7,25.42,194.75,161.92,0.67,22.83,7.92,248.0,116.25,2.75,0.67,0.79,24.17,276.25,102.25,1.0,19.67,7.25,271.83,92.0,2.17,0.75,0.79,0
416,2016,14,CAR,SD,7,7,23.58,255.58,107.75,1.67,26.75,6.58,294.25,92.83,2.83,1.0,0.82,0.0,0.0,0.0,0.0,0.0,0.0,0.0,0.0,0.0,0.0,0.0,1
417,2016,14,CLE,CIN,14,7,16.42,248.83,90.08,1.67,29.33,6.42,268.33,140.58,1.42,0.67,0.75,20.42,281.25,106.42,1.08,21.58,5.5,261.67,114.92,1.83,1.17,0.81,0
418,2016,14,DET,CHI,7,7,22.92,268.67,81.17,0.58,20.92,6.75,266.75,98.17,1.75,0.83,0.9,17.0,257.75,102.08,1.33,22.5,6.92,236.08,106.5,2.5,0.42,0.78,1
419,2016,14,IND,HOU,6,7,25.92,279.67,99.0,1.17,25.92,6.67,284.25,109.58,1.92,0.5,0.92,17.25,209.08,121.17,1.42,21.42,5.42,219.83,107.67,1.75,0.5,0.82,0
420,2016,14,JAX,MIN,7,10,18.67,244.17,101.08,1.83,26.08,7.58,206.92,115.58,2.17,0.25,0.84,19.42,242.0,72.42,0.5,17.42,6.67,219.5,103.5,2.58,1.0,0.82,0
421,2016,14,MIA,ARI,7,7,21.25,233.33,111.5,1.25,23.17,7.58,257.08,130.33,2.08,0.92,0.76,23.0,284.58,105.25,1.58,20.92,6.58,217.92,97.92,2.5,0.92,0.79,1
422,2016,14,PHI,WAS,7,7,22.33,241.75,109.75,1.33,20.42,8.33,257.67,100.92,2.08,0.75,0.83,25.25,320.17,109.5,1.08,24.58,7.17,272.17,114.33,2.5,0.58,0.82,0
423,2016,14,TEN,DEN,14,7,25.67,251.5,141.5,1.08,24.67,7.5,287.42,92.33,2.5,0.92,0.89,23.83,241.08,100.17,1.25,19.08,7.58,208.92,122.83,2.92,1.0,0.86,1
424,2016,14,SF,NYJ,7,6,19.5,197.42,127.67,1.33,30.83,6.42,255.33,169.33,1.67,0.58,0.94,17.17,231.33,105.0,2.0,25.58,6.08,275.5,90.33,1.67,0.5,0.86,0
425,2016,14,GB,SEA,7,7,24.58,275.0,99.08,1.33,25.17,6.17,272.67,92.92,2.42,0.67,0.87,22.0,275.25,101.5,0.83,16.17,7.33,247.67,99.25,2.58,0.92,0.9,1
426,2016,14,LA,ATL,7,7,15.0,223.17,79.17,1.58,21.83,7.75,244.42,114.0,1.83,0.5,0.84,32.17,317.75,110.0,0.83,27.58,6.67,294.08,100.83,2.08,0.58,0.93,0
427,2016,14,TB,NO,7,7,23.08,271.25,104.92,1.58,23.75,7.25,264.5,116.08,2.42,0.92,0.68,28.92,330.25,109.25,1.5,27.92,6.33,290.25,97.92,2.0,0.58,0.75,1
428,2016,14,NYG,DAL,7,10,20.42,258.08,77.5,1.58,19.75,5.5,280.58,91.42,2.25,0.92,0.93,27.75,248.5,155.83,0.75,19.0,6.58,285.92,82.25,1.83,0.33,0.91,1
429,2016,14,NE,BAL,8,8,26.58,280.5,117.25,0.58,17.25,6.17,257.17,94.25,2.17,0.58,0.83,21.33,272.67,89.67,1.17,17.25,8.25,238.83,73.83,2.33,1.17,1.0,1
430,2016,15,SEA,LA,4,4,21.08,272.54,104.15,1.23,17.85,7.31,247.54,98.77,2.46,0.85,0.9,14.92,224.08,81.08,1.77,23.38,8.0,243.85,110.31,1.85,0.46,0.84,1
431,2016,15,NYJ,MIA,6,6,17.62,233.31,111.38,1.92,24.92,6.31,264.54,102.46,1.69,0.46,0.88,21.62,234.0,109.31,1.31,23.15,8.08,248.46,133.77,2.08,1.0,0.78,0
432,2016,15,BAL,PHI,6,7,21.46,276.62,86.0,1.15,18.23,8.23,251.69,75.46,2.23,1.15,0.97,22.31,247.31,108.62,1.38,20.92,8.08,255.85,101.38,2.08,0.77,0.85,1
433,2016,15,BUF,CLE,7,7,25.0,197.31,154.62,0.69,23.15,7.85,245.85,125.77,2.54,0.85,0.79,15.92,237.69,96.15,1.62,28.85,6.31,261.54,146.15,1.62,0.62,0.76,1
434,2016,15,CHI,GB,7,7,17.0,254.23,101.31,1.23,22.31,7.23,235.08,107.08,2.54,0.54,0.79,25.62,272.77,98.62,1.23,24.0,6.08,270.15,96.23,2.46,1.0,0.84,0
435,2016,15,CIN,PIT,7,7,20.62,273.46,114.62,1.0,20.69,5.54,249.54,119.08,1.92,1.15,0.79,24.38,271.92,112.85,1.15,19.69,7.15,268.46,90.08,2.38,0.77,0.81,0
436,2016,15,HOU,JAX,7,7,17.62,204.31,126.08,1.38,21.08,5.54,224.15,105.77,1.69,0.62,0.85,18.46,245.15,99.85,1.69,26.0,8.08,213.46,113.23,2.0,0.23,0.79,1
437,2016,15,KC,TEN,10,7,23.23,249.31,96.15,0.92,19.62,7.0,263.62,122.92,2.0,1.08,0.89,24.69,238.92,144.46,1.0,23.54,7.31,292.23,86.62,2.54,0.85,0.9,0
438,2016,15,MIN,IND,7,7,19.85,245.85,73.38,0.54,17.31,6.69,222.38,102.08,2.69,0.92,0.85,25.23,279.38,97.77,1.31,25.62,6.85,273.69,115.38,1.92,0.54,0.88,0
439,2016,15,NYG,DET,7,7,19.62,253.08,78.69,1.69,18.77,5.62,271.69,92.69,2.31,1.0,0.93,22.69,265.15,83.69,0.69,20.62,6.77,262.54,97.69,1.69,0.77,0.9,1
440,2016,15,ARI,NO,7,7,23.0,273.85,110.62,1.77,21.31,6.62,219.77,96.77,2.31,0.92,0.76,27.54,324.62,104.38,1.62,27.0,6.85,282.08,98.38,2.0,0.54,0.78,0
441,2016,15,ATL,SF,7,7,32.92,311.54,106.62,0.77,26.54,6.54,289.54,101.08,2.15,0.69,0.93,19.31,192.46,136.92,1.23,30.23,6.15,255.46,170.77,2.0,0.62,0.86,1
442,2016,15,DEN,NE,7,6,22.77,249.46,93.85,1.31,18.62,7.69,199.62,127.23,2.85,0.92,0.87,26.85,290.15,115.54,0.62,17.69,6.08,262.31,90.23,2.15,0.62,0.83,0
443,2016,15,SD,OAK,7,10,0.0,0.0,0.0,0.0,0.0,0.0,0.0,0.0,0.0,0.0,0.0,0.0,0.0,0.0,0.0,0.0,0.0,0.0,0.0,0.0,0.0,0.0,0
444,2016,15,DAL,TB,7,7,26.15,242.08,152.15,0.92,18.31,6.46,278.77,83.08,1.85,0.38,0.88,22.54,264.54,104.85,1.46,22.77,7.23,263.92,110.69,2.31,1.08,0.72,1
445,2016,15,WAS,CAR,8,8,25.38,313.54,109.31,1.08,24.38,7.0,275.38,112.85,2.62,0.62,0.8,23.92,248.23,109.15,1.62,25.92,6.46,289.77,90.15,3.0,1.15,0.85,0
446,2016,16,PHI,NYG,4,4,22.57,241.79,112.93,1.36,21.36,7.71,252.29,104.93,2.14,0.79,0.86,19.43,249.36,81.21,1.57,17.86,5.57,271.79,90.07,2.21,1.0,0.94,1
447,2016,16,BUF,MIA,6,7,25.57,195.64,163.57,0.64,22.43,7.64,242.29,124.43,2.71,0.79,0.81,22.5,234.14,106.29,1.29,22.43,8.14,249.71,132.5,2.14,1.14,0.78,0
448,2016,16,CAR,ATL,5,6,24.07,251.93,111.93,1.5,25.14,6.43,291.57,85.79,2.86,1.14,0.84,33.5,310.86,116.71,0.79,25.57,6.36,281.93,101.5,2.14,0.64,0.94,0
449,2016,16,CHI,WAS,6,5,17.71,261.93,100.86,1.43,22.86,7.14,236.29,115.57,2.64,0.5,0.81,24.64,313.64,103.57,1.21,24.5,7.0,277.14,115.36,2.57,0.57,0.82,0
450,2016,16,CLE,SD,6,6,15.71,234.71,96.93,1.5,29.14,6.14,255.29,155.71,1.57,0.57,0.78,0.0,0.0,0.0,0.0,0.0,0.0,0.0,0.0,0.0,0.0,0.0,1
451,2016,16,GB,MIN,6,6,25.93,271.29,107.71,1.14,24.21,6.21,276.71,96.14,2.36,1.14,0.86,18.86,249.07,70.57,0.71,18.5,6.64,224.36,106.29,2.5,0.86,0.86,1
452,2016,16,JAX,TEN,6,6,18.57,234.21,97.5,1.64,25.64,8.36,220.21,110.79,1.86,0.36,0.81,24.29,239.07,144.71,1.14,23.07,6.93,283.0,91.64,2.43,0.86,0.91,1
453,2016,16,NE,NYJ,6,7,26.07,282.86,117.0,0.57,16.64,5.93,263.71,87.93,2.29,0.64,0.85,17.29,235.64,111.71,2.07,25.57,6.07,262.5,99.93,1.64,0.5,0.88,1
454,2016,16,OAK,IND,6,6,0.0,0.0,0.0,0.0,0.0,0.0,0.0,0.0,0.0,0.0,0.0,25.86,277.29,102.29,1.21,24.21,6.71,274.93,109.57,2.14,0.57,0.89,1
455,2016,16,LA,SF,9,6,14.07,220.0,78.64,1.64,23.43,7.93,242.79,107.57,1.86,0.5,0.85,18.86,191.79,134.79,1.21,31.0,6.0,258.79,176.29,1.93,0.57,0.86,0
456,2016,16,NO,TB,6,6,29.0,329.21,106.21,1.57,28.0,6.71,284.64,99.64,1.93,0.5,0.79,22.36,263.29,101.07,1.64,23.0,6.93,265.0,116.0,2.36,1.0,0.74,1
457,2016,16,SEA,ARI,9,6,21.29,269.43,101.86,1.21,16.79,7.71,241.79,95.07,2.57,0.79,0.9,24.29,277.0,111.0,1.79,23.21,6.64,231.86,99.14,2.36,0.86,0.73,0
458,2016,16,HOU,CIN,6,6,17.86,211.71,122.71,1.43,21.0,5.57,214.71,103.0,1.71,0.64,0.86,20.57,265.14,111.86,1.0,20.93,5.71,252.14,117.5,1.86,1.07,0.81,1
459,2016,16,PIT,BAL,7,7,24.36,272.93,111.71,1.07,19.71,7.14,260.5,89.07,2.29,0.79,0.85,21.86,271.57,90.64,1.21,18.79,8.14,245.86,82.14,2.14,1.14,0.97,1
460,2016,16,KC,DEN,7,7,22.79,243.14,100.5,0.93,19.57,6.86,262.0,124.71,1.93,1.07,0.9,21.36,251.79,91.29,1.36,18.43,7.5,198.79,127.86,2.79,0.86,0.87,1
461,2016,16,DAL,DET,8,8,26.14,244.71,154.5,0.93,18.43,6.57,276.5,80.86,2.0,0.57,0.83,21.5,265.71,81.71,0.79,20.36,6.43,258.14,98.86,1.71,0.71,0.91,1
462,2016,17,CIN,BAL,8,7,19.87,265.33,107.73,1.0,20.33,5.73,247.07,116.0,2.0,1.0,0.79,22.2,270.93,92.73,1.2,19.6,8.07,248.07,85.13,2.0,1.2,0.97,1
463,2016,17,IND,JAX,8,8,25.8,278.0,102.27,1.33,24.8,6.53,274.0,116.27,2.07,0.53,0.9,19.87,241.6,96.6,1.6,25.07,8.07,220.4,107.27,1.93,0.4,0.83,1
464,2016,17,MIA,NE,8,8,23.27,234.07,116.6,1.27,23.0,7.73,255.0,141.8,2.13,1.07,0.76,27.07,278.67,116.8,0.53,15.73,5.73,255.2,89.47,2.27,0.8,0.86,0
465,2016,17,MIN,CHI,8,8,19.27,257.93,72.07,0.73,19.8,6.73,232.53,101.87,2.6,0.8,0.87,17.93,266.0,103.47,1.67,24.07,6.93,238.53,121.73,2.47,0.47,0.77,1
466,2016,17,NYJ,BUF,8,8,16.33,229.0,111.67,2.2,26.6,6.07,259.67,100.87,1.6,0.47,0.86,25.93,204.53,170.8,0.6,23.2,7.47,241.67,133.53,2.53,0.8,0.75,1
467,2016,17,PHI,DAL,10,6,22.67,236.87,113.27,1.33,21.2,7.27,259.2,105.53,2.0,0.93,0.87,27.2,243.2,155.13,0.87,18.6,6.67,275.4,81.47,2.13,0.6,0.83,1
468,2016,17,PIT,CLE,7,8,24.8,273.33,112.73,1.13,20.2,6.93,260.6,91.27,2.27,0.8,0.86,16.0,230.73,98.73,1.4,28.33,6.0,259.73,147.6,1.47,0.6,0.8,1
469,2016,17,TB,CAR,8,8,22.47,264.2,100.27,1.67,23.53,6.93,267.27,116.47,2.33,0.93,0.75,23.53,248.33,112.4,1.53,25.67,6.27,290.6,90.2,2.93,1.07,0.85,1
470,2016,17,TEN,HOU,8,8,23.8,238.0,138.93,1.13,24.07,6.87,287.13,91.13,2.33,0.8,0.91,17.47,209.33,120.87,1.33,20.27,5.4,218.27,99.47,1.8,0.67,0.87,1
471,2016,17,ATL,NO,8,8,33.47,308.6,119.07,0.73,24.93,6.33,276.33,102.67,2.13,0.73,0.92,29.13,327.2,107.33,1.47,27.73,6.73,284.13,98.93,1.93,0.6,0.81,1
472,2016,17,DEN,OAK,7,8,20.6,247.2,89.4,1.4,19.4,7.6,201.93,135.2,2.6,0.87,0.88,0.0,0.0,0.0,0.0,0.0,0.0,0.0,0.0,0.0,0.0,0.0,1
473,2016,17,LA,ARI,8,8,14.53,211.33,80.0,1.67,23.33,7.73,244.33,105.07,2.0,0.53,0.85,24.93,277.47,109.87,1.73,23.73,6.67,239.73,97.73,2.6,0.8,0.72,0
474,2016,17,SD,KC,8,7,0.0,0.0,0.0,0.0,0.0,0.0,0.0,0.0,0.0,0.0,0.0,23.47,243.33,109.67,0.93,18.93,6.93,256.73,120.6,1.8,1.07,0.88,0
475,2016,17,SF,SEA,8,8,19.07,196.73,130.47,1.27,30.33,6.33,247.53,171.13,2.07,0.67,0.86,21.93,274.8,100.27,1.2,17.93,7.53,244.6,95.0,2.47,0.73,0.88,0
476,2016,17,WAS,NYG,8,10,25.73,310.73,110.53,1.13,24.27,7.0,280.2,117.0,2.47,0.87,0.82,19.4,256.47,83.4,1.67,18.27,5.53,264.87,91.93,2.07,1.0,0.95,0
477,2016,17,DET,GB,6,8,21.47,265.33,82.27,0.87,21.8,6.33,255.73,103.2,1.67,0.67,0.88,26.73,276.33,103.2,1.07,24.27,6.0,283.73,95.93,2.47,1.07,0.86,0
478,2017,2,CIN,HOU,4,4,0.0,170.0,77.0,5.0,20.0,9.0,121.0,157.0,1.0,1.0,0.0,7.0,164.0,93.0,4.0,29.0,9.0,125.0,155.0,0.0,0.0,0.0,0
479,2017,2,BAL,CLE,7,7,20.0,121.0,157.0,1.0,0.0,11.0,170.0,77.0,5.0,4.0,1.0,18.0,222.0,57.0,1.0,21.0,4.0,263.0,35.0,1.0,1.0,1.0,1
480,2017,2,CAR,BUF,7,7,23.0,171.0,116.0,2.0,3.0,5.0,193.0,51.0,4.0,1.0,1.0,21.0,224.0,190.0,1.0,12.0,6.0,187.0,38.0,1.0,2.0,0.0,1
481,2017,2,IND,ARI,7,7,9.0,179.0,75.0,3.0,46.0,4.0,318.0,63.0,1.0,0.0,0.5,23.0,268.0,45.0,4.0,35.0,6.0,292.0,82.0,1.0,1.0,0.5,0
482,2017,2,JAX,TEN,7,7,29.0,125.0,155.0,0.0,7.0,10.0,164.0,93.0,10.0,1.0,0.75,16.0,256.0,95.0,0.0,26.0,5.0,262.0,109.0,2.0,0.0,0.75,0
483,2017,2,KC,PHI,10,7,42.0,368.0,185.0,1.0,27.0,15.0,267.0,124.0,3.0,0.0,0.0,30.0,307.0,58.0,2.0,17.0,8.0,240.0,64.0,4.0,1.0,1.0,1
484,2017,2,NO,NE,6,10,19.0,291.0,60.0,0.0,29.0,6.0,346.0,129.0,1.0,0.0,1.0,27.0,267.0,124.0,0.0,42.0,6.0,368.0,185.0,3.0,0.0,1.0,0
485,2017,2,PIT,MIN,7,6,21.0,263.0,35.0,1.0,18.0,13.0,222.0,57.0,7.0,1.0,0.0,29.0,346.0,129.0,0.0,19.0,5.0,291.0,60.0,1.0,0.0,1.0,1
486,2017,2,TB,CHI,14,7,0.0,0.0,0.0,0.0,0.0,0.0,0.0,0.0,0.0,0.0,0.0,17.0,213.0,125.0,0.0,23.0,4.0,321.0,64.0,2.0,0.0,1.0,1
487,2017,2,LAC,MIA,6,14,21.0,192.0,64.0,1.0,24.0,4.0,219.0,140.0,4.0,1.0,0.0,0.0,0.0,0.0,0.0,0.0,0.0,0.0,0.0,0.0,0.0,0.0,0
488,2017,2,OAK,NYJ,7,7,0.0,0.0,0.0,0.0,0.0,0.0,0.0,0.0,0.0,0.0,0.0,12.0,187.0,38.0,2.0,21.0,5.0,224.0,190.0,2.0,1.0,1.0,1
489,2017,2,DEN,DAL,6,7,24.0,219.0,140.0,2.0,21.0,3.0,192.0,64.0,1.0,1.0,0.5,19.0,268.0,129.0,0.0,3.0,5.0,220.0,35.0,3.0,1.0,1.0,1
490,2017,2,LA,WAS,7,7,46.0,318.0,63.0,0.0,9.0,7.0,179.0,75.0,4.0,2.0,1.0,17.0,240.0,64.0,3.0,30.0,2.0,307.0,58.0,2.0,1.0,1.0,0
491,2017,2,SEA,SF,7,7,9.0,158.0,90.0,1.0,17.0,8.0,311.0,84.0,4.0,1.0,1.0,3.0,193.0,51.0,2.0,23.0,10.0,171.0,116.0,0.0,1.0,1.0,1
492,2017,2,ATL,GB,7,7,23.0,321.0,64.0,0.0,17.0,8.0,213.0,125.0,4.0,0.0,1.0,17.0,311.0,84.0,1.0,9.0,8.0,158.0,90.0,3.0,0.0,1.0,1
493,2017,2,NYG,DET,8,8,3.0,220.0,35.0,1.0,19.0,6.0,268.0,129.0,1.0,0.0,1.0,35.0,292.0,82.0,1.0,23.0,10.0,268.0,45.0,1.0,3.0,1.0,0
494,2017,3,SF,LA,4,4,6.0,146.0,105.0,1.5,17.5,8.0,184.5,123.5,1.5,0.5,1.0,33.0,282.5,80.0,1.0,18.0,7.0,179.0,152.0,3.0,1.0,1.0,0
495,2017,3,BUF,DEN,7,7,12.0,174.5,129.5,0.5,10.5,5.5,207.5,57.5,3.5,1.0,0.5,33.0,225.0,159.0,2.0,19.0,5.5,215.0,52.0,1.5,1.5,0.33,1
496,2017,3,CAR,NO,7,7,16.0,199.5,96.5,1.0,3.0,5.5,159.0,60.0,3.5,0.5,1.0,19.5,323.5,70.5,0.0,32.5,5.5,396.5,124.0,1.5,0.0,0.86,0
497,2017,3,CHI,PIT,7,7,12.0,257.0,72.5,1.5,26.0,6.0,262.5,90.5,2.0,0.0,1.0,23.5,253.0,68.5,0.5,13.5,11.5,194.5,74.0,4.5,0.5,1.0,1
498,2017,3,DET,ATL,6,7,29.5,207.0,110.0,1.0,16.5,8.0,253.5,53.5,3.0,2.0,1.0,28.5,286.5,102.5,0.0,20.0,7.0,278.0,92.0,3.5,0.5,1.0,0
499,2017,3,IND,CLE,7,7,11.0,197.5,75.5,2.0,31.0,6.0,325.0,73.0,2.5,0.5,0.75,14.0,261.0,75.0,3.0,22.5,7.5,240.0,85.5,1.5,1.0,1.0,1
500,2017,3,MIN,TB,7,7,19.0,256.5,110.0,0.5,22.5,8.0,267.0,81.0,1.5,0.0,1.0,29.0,204.0,117.0,1.0,7.0,4.0,301.0,20.0,1.0,2.0,1.0,1
501,2017,3,NE,HOU,7,10,31.5,357.0,121.5,0.0,31.0,7.5,362.0,133.0,2.0,0.0,1.0,10.0,144.5,130.5,2.0,19.0,9.0,174.5,118.5,1.5,0.0,1.0,1
502,2017,3,NYJ,MIA,7,7,16.0,176.5,82.0,1.5,33.0,5.0,227.0,185.0,1.0,0.5,1.0,19.0,230.0,111.0,0.0,17.0,5.0,331.0,44.0,1.0,0.0,1.0,1
503,2017,3,PHI,NYG,7,6,25.0,320.0,82.5,1.5,22.0,6.0,245.5,88.0,4.0,0.5,0.83,6.5,229.5,48.5,1.0,21.5,6.5,195.0,133.5,2.0,0.0,1.0,1
504,2017,3,TEN,SEA,7,7,26.5,235.5,137.0,0.5,21.0,6.0,242.5,104.0,2.0,1.0,0.86,10.5,178.0,110.5,0.5,13.0,8.5,205.0,121.5,3.0,1.0,1.0,1
505,2017,3,GB,CIN,7,10,20.0,327.0,71.5,1.5,21.5,9.0,205.0,115.5,3.0,0.0,1.0,4.5,197.0,79.5,3.0,16.5,8.0,123.0,162.5,2.0,0.5,1.0,1
506,2017,3,LAC,KC,7,7,19.0,261.5,54.0,0.5,21.5,5.0,224.5,125.5,3.0,0.5,0.25,34.5,309.5,148.5,0.5,23.5,10.0,300.0,115.5,4.5,0.5,1.0,0
507,2017,3,WAS,OAK,7,7,22.0,209.5,146.5,1.5,25.0,3.0,277.0,77.5,2.0,1.0,0.75,0.0,0.0,0.0,0.0,0.0,0.0,0.0,0.0,0.0,0.0,0.0,1
508,2017,3,JAX,BAL,7,7,22.5,174.0,127.0,1.5,22.0,10.0,189.5,136.0,5.5,1.0,0.8,22.0,169.0,146.5,1.5,5.0,9.0,235.0,85.0,4.0,4.0,0.75,1
509,2017,3,ARI,DAL,8,8,19.5,300.0,64.0,2.5,24.0,6.0,254.0,79.0,2.5,1.0,0.67,18.0,253.0,84.5,1.0,22.5,6.5,225.5,106.5,2.5,1.0,1.0,0
510,2017,4,GB,CHI,4,4,22.33,322.33,69.0,1.33,22.33,7.33,207.33,113.67,3.0,0.0,1.0,15.67,205.0,122.33,1.67,23.0,7.33,253.33,83.67,2.33,0.0,0.67,1
511,2017,4,ATL,BUF,7,7,29.0,289.0,118.67,1.0,22.0,7.33,273.33,85.0,3.0,0.33,1.0,16.67,187.33,111.33,0.33,12.33,6.33,224.67,75.33,3.33,1.33,0.83,0
512,2017,4,BAL,PIT,7,7,17.0,134.0,142.33,2.0,18.0,9.33,238.0,112.0,2.67,2.67,0.75,21.33,247.0,69.0,0.67,16.67,9.67,163.33,123.33,3.67,0.67,0.83,0
513,2017,4,CLE,CIN,7,7,18.67,254.67,87.0,3.0,25.33,8.33,246.33,87.67,2.0,0.67,1.0,11.0,202.0,89.67,2.0,20.0,7.67,186.33,129.67,3.33,0.67,0.8,0
514,2017,4,DAL,LA,6,10,21.33,229.67,89.33,0.67,20.67,7.33,258.67,87.33,3.67,0.67,1.0,35.67,285.67,95.33,0.67,25.0,7.0,230.0,139.0,3.33,1.0,1.0,0
515,2017,4,HOU,TEN,7,7,17.67,196.67,128.67,2.0,24.67,9.33,242.33,98.67,2.67,0.0,1.0,28.67,232.0,156.33,0.33,23.0,5.67,286.0,92.33,1.67,0.67,0.91,1
516,2017,4,MIN,DET,7,7,24.0,294.0,115.0,0.33,20.67,7.0,287.33,62.67,1.67,1.0,1.0,28.33,226.0,97.0,0.67,21.0,8.33,267.0,86.0,2.67,2.33,1.0,0
517,2017,4,NE,CAR,7,7,33.0,364.0,100.67,0.33,31.67,6.67,341.67,130.33,2.0,0.67,1.0,15.0,194.33,108.33,1.67,13.33,4.0,179.33,89.67,2.67,0.33,1.0,0
518,2017,4,NYJ,JAX,7,7,17.33,200.67,89.0,1.33,24.0,6.67,224.67,133.33,1.67,1.0,0.86,29.67,197.33,140.0,1.0,17.0,9.67,147.67,135.33,4.33,1.33,0.88,1
519,2017,4,ARI,SF,6,10,18.67,308.33,59.0,1.67,25.33,6.0,230.33,85.67,2.0,0.67,0.62,17.0,208.0,107.67,1.67,25.33,8.67,220.33,124.33,1.0,0.33,1.0,1
520,2017,4,LAC,PHI,7,7,16.0,253.33,70.67,1.33,22.33,6.0,201.33,146.67,3.67,0.33,0.4,25.67,272.0,119.33,1.33,22.67,7.0,285.67,75.0,2.67,1.0,0.78,0
521,2017,4,TB,NYG,7,7,23.0,266.0,71.5,2.0,20.5,5.5,335.0,72.5,0.5,1.0,1.0,12.33,275.0,48.67,1.33,23.33,7.67,188.67,153.33,2.33,0.0,1.0,1
522,2017,4,DEN,OAK,7,7,27.33,236.33,143.0,2.0,21.33,7.0,214.33,59.67,2.33,1.0,0.67,0.0,0.0,0.0,0.0,0.0,0.0,0.0,0.0,0.0,0.0,0.0,1
523,2017,4,SEA,IND,7,7,16.0,243.0,96.67,0.33,19.67,9.33,211.67,146.0,2.0,0.67,1.0,17.67,218.0,81.0,1.67,30.0,7.67,297.33,85.67,2.0,1.33,0.8,1
524,2017,4,MIA,NO,7,7,12.5,225.0,70.5,1.0,18.5,6.5,290.0,73.5,1.5,0.0,1.0,24.33,289.0,96.67,0.0,26.0,4.0,325.67,126.67,2.33,1.0,0.8,0
525,2017,4,KC,WAS,8,8,31.0,258.0,162.0,0.33,19.0,11.0,279.0,111.67,3.67,1.33,1.0,23.67,261.33,136.33,1.33,20.0,5.33,224.0,62.33,2.67,1.33,0.71,1
526,2017,5,TB,NE,4,4,23.67,288.0,84.67,1.33,21.33,5.0,319.33,78.67,0.33,0.67,0.75,32.25,349.75,95.5,0.25,32.0,6.75,335.25,132.75,2.0,0.75,1.0,0
527,2017,5,CIN,BUF,7,7,16.0,223.0,88.75,1.75,16.75,7.75,185.5,108.5,3.0,0.75,0.83,18.25,186.0,112.75,0.25,13.5,7.0,229.0,93.25,2.75,1.5,0.89,1
528,2017,5,CLE,NYJ,7,7,15.75,236.75,76.5,2.5,26.75,7.25,256.25,87.25,2.25,0.5,0.67,18.75,214.25,130.75,1.5,23.0,7.5,203.5,143.75,1.5,1.0,0.82,0
529,2017,5,DET,CAR,7,7,24.75,221.75,97.0,0.5,17.5,7.75,255.0,86.25,2.5,1.75,0.89,19.5,224.75,116.25,1.75,17.5,3.25,211.25,87.25,2.75,0.25,1.0,0
530,2017,5,IND,SF,7,7,17.75,202.75,85.25,1.75,34.0,7.0,296.75,112.75,2.25,1.5,0.83,16.5,214.5,104.5,1.5,23.5,9.75,254.5,106.0,2.25,0.5,1.0,1
531,2017,5,MIA,TEN,7,7,8.33,204.67,66.33,1.0,19.0,8.0,282.67,77.67,1.33,0.0,1.0,25.0,203.25,138.75,1.5,31.5,5.75,285.25,112.5,1.75,0.75,0.91,1
532,2017,5,NYG,LAC,7,7,15.0,278.25,59.25,1.0,23.75,6.0,224.5,142.75,2.0,0.0,0.8,18.0,276.75,67.5,1.25,23.25,6.75,211.5,163.5,3.0,0.25,0.5,0
533,2017,5,PHI,ARI,7,7,25.75,264.5,143.0,1.0,23.0,7.5,301.0,70.75,2.5,0.75,0.85,18.5,320.5,57.0,1.5,22.75,7.0,231.25,88.0,2.25,0.75,0.75,1
534,2017,5,PIT,JAX,7,7,22.5,239.25,95.0,0.75,14.75,9.25,181.25,113.0,3.75,1.0,0.78,27.25,183.0,148.75,1.0,18.5,8.75,174.5,165.5,4.5,1.25,0.82,0
535,2017,5,LA,SEA,7,7,35.5,278.0,113.5,0.5,26.25,7.0,235.5,151.5,3.0,1.0,1.0,23.5,256.0,121.0,0.75,19.25,8.5,198.0,134.0,2.25,0.75,0.86,0
536,2017,5,OAK,BAL,7,7,0.0,0.0,0.0,0.0,0.0,0.0,0.0,0.0,0.0,0.0,0.0,15.0,159.25,127.25,2.25,20.0,8.5,232.5,127.25,2.25,2.25,0.67,0
537,2017,5,DAL,GB,7,10,23.5,235.25,114.25,0.75,24.25,6.5,257.75,107.5,3.0,0.5,1.0,25.5,286.5,74.5,1.0,20.25,7.25,210.0,111.0,2.5,0.5,1.0,0
538,2017,5,HOU,KC,7,6,27.5,218.25,139.75,1.75,22.0,7.75,211.0,95.5,2.5,1.0,1.0,30.5,266.75,163.5,0.25,19.25,9.0,264.25,111.5,2.75,1.0,0.86,0
539,2017,5,CHI,MIN,11,8,15.25,208.25,117.5,2.25,26.0,7.5,234.75,85.5,2.25,0.0,0.5,19.75,275.25,108.0,1.0,19.0,5.75,267.75,71.25,2.5,0.75,0.86,0
540,2017,6,CAR,PHI,4,4,21.0,250.8,98.6,1.4,18.8,4.8,214.8,79.8,3.4,0.2,0.92,27.4,272.4,138.8,1.0,19.8,7.0,299.0,62.8,2.4,0.6,0.87,0
541,2017,6,ATL,MIA,14,7,26.0,277.25,125.75,1.5,22.25,6.5,250.5,93.0,3.0,0.25,1.0,10.25,176.5,74.75,1.25,16.75,7.25,247.25,75.5,2.5,0.0,1.0,0
542,2017,6,BAL,CHI,7,6,18.0,171.8,130.4,1.8,19.4,7.0,217.8,123.4,2.4,1.8,0.78,15.6,199.8,117.0,2.2,24.8,7.6,223.0,100.2,2.6,0.0,0.5,0
543,2017,6,HOU,CLE,7,7,28.8,226.8,140.6,1.6,26.0,7.6,233.6,101.8,2.2,0.8,1.0,15.4,245.6,89.2,2.6,24.8,7.0,243.8,76.6,2.4,0.6,0.4,1
544,2017,6,MIN,GB,6,7,19.8,255.4,118.2,0.8,18.6,6.4,247.4,80.0,2.2,0.8,0.89,27.4,273.4,91.6,0.8,22.4,7.0,218.2,121.4,2.2,0.6,1.0,1
545,2017,6,NO,DET,14,7,23.25,283.75,94.0,0.0,19.5,5.0,285.25,109.5,2.75,1.0,0.77,24.6,223.2,87.6,0.6,19.4,6.4,275.0,74.6,2.6,1.4,0.9,1
546,2017,6,NYJ,NE,7,10,18.4,210.2,111.4,1.4,21.2,7.8,219.0,143.0,1.4,1.2,0.83,29.6,340.4,99.0,0.6,28.4,7.8,335.0,124.2,2.0,0.6,1.0,0
547,2017,6,WAS,SF,13,7,22.75,251.0,130.0,1.0,22.25,5.75,241.25,88.75,3.0,1.0,0.78,17.8,242.2,96.8,1.2,24.0,9.8,266.4,116.6,2.6,0.6,1.0,1
548,2017,6,ARI,TB,7,10,16.2,314.6,51.8,1.4,25.0,7.0,245.8,94.8,2.0,0.8,0.69,21.25,299.5,86.0,1.0,20.75,6.0,315.25,87.25,1.0,0.75,0.55,1
549,2017,6,JAX,LA,7,7,27.8,165.4,165.2,1.0,16.6,7.8,202.0,146.4,4.0,2.0,0.83,30.4,280.0,110.8,1.2,24.2,6.6,228.0,133.6,3.0,1.2,0.94,0
550,2017,6,KC,PIT,7,7,32.8,278.2,156.2,0.2,22.2,8.4,263.6,118.0,2.8,0.8,0.92,19.8,253.8,90.0,1.6,17.8,8.4,164.0,136.6,3.4,1.0,0.83,0
551,2017,6,OAK,LAC,7,7,0.0,0.0,0.0,0.0,0.0,0.0,0.0,0.0,0.0,0.0,0.0,19.8,273.0,78.8,1.2,23.0,7.6,214.2,161.2,3.4,0.4,0.62,0
552,2017,6,DEN,NYG,14,7,24.5,222.0,143.0,1.5,18.5,6.75,223.0,50.75,2.5,1.0,0.7,16.4,267.6,77.8,1.2,24.4,6.8,231.2,139.0,1.6,0.2,0.8,0
553,2017,6,TEN,IND,8,8,22.0,190.8,124.8,1.6,28.4,6.8,246.6,110.0,1.6,0.8,0.92,19.4,225.0,100.0,1.6,31.8,7.0,308.0,103.4,2.2,1.2,0.9,1
554,2017,7,OAK,KC,4,4,0.0,0.0,0.0,0.0,0.0,0.0,0.0,0.0,0.0,0.0,0.0,29.5,272.83,134.83,0.17,21.67,8.17,261.67,130.67,2.5,0.83,0.93,1
555,2017,7,BUF,TB,14,7,17.8,182.0,106.6,0.4,14.8,6.8,248.8,87.6,2.4,1.6,0.92,23.6,309.8,82.8,1.2,24.2,6.6,308.8,101.8,1.2,0.8,0.55,1
556,2017,7,CHI,CAR,7,10,17.5,188.83,136.0,2.17,24.67,7.17,215.83,104.33,2.67,0.33,0.67,21.33,248.83,95.5,1.67,20.33,4.17,216.0,83.33,3.33,0.17,0.94,1
557,2017,7,CLE,TEN,7,6,15.67,228.0,96.67,2.67,26.17,7.67,240.67,84.33,2.17,0.67,0.5,24.33,210.0,132.0,1.5,27.33,6.33,240.83,105.83,1.5,0.67,0.94,0
558,2017,7,GB,NO,7,7,24.5,257.0,88.33,1.17,22.5,7.17,221.67,119.83,1.83,0.67,1.0,29.0,264.2,113.8,0.6,23.2,6.6,290.6,100.8,3.2,1.4,0.79,0
559,2017,7,IND,JAX,6,7,19.83,222.83,97.5,1.5,32.5,6.67,307.67,114.17,2.0,1.17,0.92,26.0,178.0,165.83,1.0,18.33,7.33,189.0,145.67,3.83,1.67,0.73,0
560,2017,7,LA,ARI,7,7,29.83,254.0,116.0,1.17,23.0,6.67,230.17,139.5,3.33,1.17,0.94,19.83,309.33,69.83,1.5,26.33,7.0,263.33,90.67,2.0,1.0,0.71,1
561,2017,7,MIA,NYJ,7,7,12.2,171.4,87.4,1.2,16.8,6.6,247.4,80.4,2.4,0.2,1.0,18.17,234.17,105.17,1.67,21.67,7.5,225.33,138.83,1.17,1.17,0.85,1
562,2017,7,MIN,BAL,7,7,20.33,252.67,117.17,1.0,17.17,6.5,235.33,78.67,2.5,1.17,0.92,19.0,173.17,129.5,2.0,20.67,7.17,203.83,141.33,2.67,1.5,0.83,1
563,2017,7,SF,DAL,7,14,18.83,248.33,94.83,1.17,24.33,9.33,277.0,112.83,2.33,0.67,0.94,25.0,238.4,124.0,0.8,26.4,6.6,250.4,118.0,3.2,0.4,1.0,0
564,2017,7,LAC,DEN,7,7,19.33,272.17,79.0,1.17,21.83,7.0,207.0,152.5,3.0,0.67,0.6,21.6,256.4,123.6,1.8,19.4,6.4,204.0,70.2,2.6,0.8,0.62,1
565,2017,7,NYG,SEA,7,14,17.5,244.33,89.5,1.0,22.0,6.5,258.33,123.5,2.0,0.5,0.78,22.0,244.4,109.2,1.0,17.4,8.2,216.0,127.2,2.2,1.0,0.9,0
566,2017,7,PIT,CIN,7,14,19.67,253.5,107.33,1.5,17.0,8.0,177.67,118.5,3.33,0.83,0.85,16.8,244.0,84.0,2.0,16.6,7.4,181.6,103.2,3.6,0.8,0.88,1
567,2017,7,NE,ATL,7,7,28.67,326.5,102.17,0.83,26.5,7.5,338.17,115.83,2.33,0.83,0.93,24.2,271.4,120.6,1.4,21.8,6.4,230.6,102.0,2.4,0.4,0.91,1
568,2017,7,PHI,WAS,11,8,27.5,264.0,132.5,1.0,20.33,7.5,289.0,65.67,2.33,1.0,0.88,23.4,266.8,122.8,1.2,22.6,5.6,248.8,88.0,3.0,1.0,0.82,1
569,2017,8,BAL,MIA,4,4,18.57,175.0,120.14,1.71,21.14,6.57,201.57,145.29,2.29,1.43,0.87,15.33,197.17,81.67,1.33,18.67,7.0,241.0,82.33,2.5,0.33,1.0,1
570,2017,8,BUF,OAK,7,10,19.83,196.33,117.67,0.5,16.83,6.33,271.33,84.5,2.17,1.5,0.88,0.0,0.0,0.0,0.0,0.0,0.0,0.0,0.0,0.0,0.0,0.0,1
571,2017,8,CIN,IND,7,7,16.33,226.67,81.83,2.0,18.67,7.0,196.0,111.33,3.0,0.67,0.88,17.0,219.57,97.29,1.29,31.71,6.43,310.86,124.71,1.86,1.0,0.92,1
572,2017,8,NE,LAC,7,7,27.86,315.43,110.71,0.71,23.71,7.57,323.14,116.43,2.14,0.71,0.94,19.57,259.43,79.14,1.0,18.71,7.29,207.0,140.57,3.29,0.71,0.6,1
573,2017,8,NO,CHI,7,7,28.5,275.33,121.67,0.83,22.17,6.67,256.67,114.17,2.83,1.33,0.81,17.43,177.14,126.29,1.86,21.57,6.86,215.14,104.86,3.0,0.57,0.62,1
574,2017,8,NYJ,ATL,7,7,19.57,230.57,103.29,1.57,23.0,8.14,239.71,126.57,1.43,1.29,0.85,21.33,265.0,120.5,1.17,22.0,6.33,233.67,112.0,2.33,0.33,0.77,0
575,2017,8,PHI,SF,6,7,28.43,264.57,131.71,1.0,20.86,7.71,291.0,67.0,2.57,1.0,0.85,17.57,246.43,96.0,1.29,26.57,8.29,271.14,134.57,2.0,0.57,0.94,1
576,2017,8,TB,CAR,7,7,24.17,322.17,80.5,1.5,25.17,6.33,302.0,113.67,1.17,0.67,0.62,18.71,243.43,97.29,1.86,19.86,4.14,200.43,81.14,3.43,0.14,0.94,0
577,2017,8,SEA,HOU,7,14,22.33,259.33,108.33,1.0,15.67,9.33,202.33,113.67,2.0,0.83,0.91,29.5,226.5,137.67,1.5,24.5,7.0,218.0,107.17,2.5,1.17,1.0,1
578,2017,8,WAS,DAL,6,7,23.5,272.83,114.83,1.17,24.5,5.5,252.0,94.5,3.0,1.0,0.83,27.5,238.0,147.5,0.67,23.67,6.33,247.83,115.5,3.5,0.33,1.0,0
579,2017,8,DET,PIT,14,7,26.83,238.0,84.0,1.33,24.83,6.5,260.17,94.33,2.17,1.5,0.83,21.0,255.57,113.71,1.29,16.57,7.0,172.29,111.71,3.43,1.0,0.89,0
580,2017,8,CLE,MIN,7,7,14.71,229.0,92.29,2.71,24.14,8.29,235.29,83.71,2.14,0.57,0.67,20.86,243.43,124.57,1.0,17.0,6.14,228.29,76.57,2.86,1.0,0.94,0
581,2017,8,KC,DEN,11,8,29.57,282.71,129.0,0.14,23.0,8.14,283.86,124.57,2.14,0.71,0.94,18.0,248.17,114.5,2.0,19.67,7.0,200.5,71.83,2.67,0.67,0.62,1
582,2017,9,NYJ,BUF,4,4,19.62,233.88,95.75,1.38,23.25,7.88,241.5,128.25,1.38,1.12,0.76,21.86,191.86,124.57,0.43,16.43,7.0,277.29,80.14,1.86,1.57,0.89,1
583,2017,9,CAR,ATL,7,7,18.5,232.25,97.62,1.75,17.75,4.25,201.62,81.62,3.38,0.38,0.94,21.86,263.43,123.29,1.29,21.71,6.29,237.0,102.14,2.43,0.29,0.82,1
584,2017,9,HOU,IND,7,7,30.71,251.57,138.29,1.71,26.86,7.14,251.43,96.57,2.43,1.14,1.0,17.75,221.25,99.5,1.25,30.75,6.5,302.38,116.38,2.0,0.88,0.94,0
585,2017,9,JAX,CIN,14,7,26.14,199.71,169.0,1.14,15.71,6.86,190.57,138.57,4.71,1.43,0.76,17.43,229.0,78.43,1.86,19.29,6.71,201.29,111.86,3.14,0.71,0.8,1
586,2017,9,NO,TB,7,7,27.29,278.71,118.71,1.0,20.71,6.71,243.43,120.29,2.71,1.29,0.83,21.14,306.14,81.14,1.71,24.0,6.29,280.86,111.71,1.0,0.71,0.64,1
587,2017,9,NYG,LA,14,14,16.0,228.57,83.29,1.0,22.29,6.57,269.14,120.71,1.86,0.43,0.7,30.29,251.29,127.57,1.14,19.71,6.57,224.14,123.14,3.29,1.29,0.95,0
588,2017,9,PHI,DEN,7,6,29.0,257.88,129.25,1.0,19.5,7.25,275.5,70.38,2.75,1.12,0.86,18.14,241.0,123.43,2.29,21.0,7.0,200.71,72.86,2.43,0.71,0.67,1
589,2017,9,TEN,BAL,14,10,22.57,209.0,124.57,1.43,24.71,6.14,240.0,100.14,1.57,1.0,0.91,21.25,168.25,126.88,1.5,18.5,6.38,198.38,132.75,2.38,1.5,0.83,1
590,2017,9,SEA,WAS,7,7,25.0,286.86,97.57,1.0,18.86,9.43,230.86,117.71,2.43,1.14,0.92,22.86,271.43,105.43,1.29,25.71,5.43,236.43,105.14,2.86,0.86,0.8,0
591,2017,9,SF,ARI,7,14,16.62,236.5,95.75,1.38,27.38,8.0,263.62,131.75,2.12,0.62,0.89,17.0,292.0,63.43,1.57,27.29,7.43,259.29,105.86,1.86,1.0,0.67,0
592,2017,9,DAL,KC,7,6,28.29,224.43,150.57,0.71,23.0,6.57,250.0,106.0,3.57,0.43,0.92,29.5,272.62,122.75,0.38,22.5,8.0,273.12,131.12,2.25,1.0,0.95,1
593,2017,9,MIA,OAK,10,7,13.14,194.14,76.43,1.43,21.71,7.0,223.86,95.43,2.14,0.29,0.89,0.0,0.0,0.0,0.0,0.0,0.0,0.0,0.0,0.0,0.0,0.0,0
594,2017,9,GB,DET,15,8,23.43,232.71,101.57,1.14,23.0,7.29,237.29,125.71,1.71,0.86,0.88,25.14,264.43,82.14,1.29,24.14,6.43,268.29,91.57,1.86,1.43,0.88,0
595,2017,10,ARI,SEA,4,4,17.38,280.62,76.38,1.62,25.12,6.75,263.62,100.5,2.25,1.0,0.67,23.62,288.12,103.88,1.12,18.62,10.25,232.88,109.38,2.88,1.0,0.75,0
596,2017,10,BUF,NO,10,7,21.75,203.5,116.88,0.75,18.62,7.5,260.12,94.38,1.75,1.38,0.89,27.62,276.75,122.75,1.0,19.38,6.38,229.88,116.12,2.88,1.12,0.8,0
597,2017,10,CHI,GB,14,6,16.75,175.5,130.12,1.75,21.38,6.5,225.62,104.38,2.88,0.5,0.64,22.62,234.25,98.62,1.0,23.88,6.62,252.75,118.0,1.62,0.75,0.8,0
598,2017,10,DET,CLE,6,14,25.75,276.5,79.88,1.25,23.25,5.88,265.38,89.88,2.0,1.25,0.86,14.88,222.75,95.12,2.5,25.25,7.88,241.88,84.25,2.0,0.62,0.64,1
599,2017,10,IND,PIT,7,14,18.0,230.89,98.67,1.22,28.89,6.44,293.11,113.89,2.0,0.78,0.94,20.88,263.25,108.88,1.38,16.38,6.75,203.62,106.62,3.25,0.88,0.9,0
600,2017,10,JAX,LAC,7,14,25.75,207.12,166.5,1.12,14.62,6.62,183.75,124.88,4.38,1.25,0.8,18.75,253.5,88.88,1.0,19.0,7.62,222.75,135.12,3.25,0.62,0.55,1
601,2017,10,TB,NYJ,7,10,19.75,284.75,81.88,1.62,24.75,6.38,278.62,116.62,1.0,0.62,0.62,21.22,223.44,106.67,1.22,23.0,8.11,246.33,121.0,2.0,1.0,0.79,1
602,2017,10,TEN,CIN,7,7,22.62,210.12,117.88,1.38,24.12,5.75,244.62,96.75,1.62,1.12,0.91,16.12,217.38,72.25,1.62,19.75,6.88,208.5,116.5,2.75,0.62,0.8,1
603,2017,10,WAS,MIN,7,14,22.12,268.38,98.62,1.25,24.25,5.62,244.0,110.5,2.75,1.0,0.81,22.38,249.0,120.0,1.0,16.88,6.0,222.12,81.38,2.88,0.88,0.95,0
604,2017,10,LA,HOU,7,7,32.88,258.75,131.88,1.0,19.38,6.5,223.62,121.62,3.12,1.25,0.96,28.62,247.5,132.75,1.62,26.0,7.12,258.5,96.0,2.5,1.0,0.92,1
605,2017,10,ATL,DAL,7,7,21.25,269.62,114.5,1.25,21.5,6.5,224.5,114.5,2.25,0.25,0.83,28.25,227.5,148.12,0.62,22.25,6.38,251.62,101.25,3.38,0.5,0.92,1
606,2017,10,SF,NYG,7,7,15.89,242.89,92.11,1.44,26.56,8.0,256.67,135.67,1.89,0.67,0.9,16.12,227.5,86.75,1.25,25.88,6.25,274.38,125.88,1.62,0.38,0.67,1
607,2017,10,DEN,NE,7,14,18.75,236.88,112.38,2.25,24.75,7.88,204.88,88.38,2.38,0.62,0.72,27.0,317.62,109.0,0.62,22.38,7.38,309.25,121.5,1.88,0.75,0.87,0
608,2017,10,CAR,MIA,8,8,18.67,221.67,109.11,1.78,17.67,4.33,214.0,78.44,3.22,0.44,0.95,14.5,208.75,77.62,1.38,22.38,7.5,233.38,94.0,2.0,0.38,0.9,1
609,2017,11,PIT,TEN,4,4,20.78,260.22,106.56,1.33,16.44,7.0,205.67,102.67,3.22,0.89,0.87,22.78,216.11,124.78,1.44,23.67,5.67,246.89,91.89,1.56,1.0,0.88,1
610,2017,11,CHI,DET,7,7,16.67,189.0,121.78,1.67,21.56,6.67,224.11,110.56,2.89,0.44,0.71,27.11,273.44,82.56,1.22,23.33,6.0,262.22,102.22,2.22,1.22,0.86,0
611,2017,11,CLE,JAX,7,7,15.89,224.33,106.89,2.44,26.67,7.78,242.67,86.44,2.22,0.67,0.67,25.11,214.44,163.0,1.22,14.89,6.89,189.44,120.67,3.89,1.22,0.82,0
612,2017,11,GB,BAL,7,14,22.67,231.78,105.44,0.89,23.0,6.44,257.67,111.0,2.0,0.67,0.79,21.11,180.33,120.89,1.56,19.0,6.33,200.56,125.89,2.44,1.44,0.85,0
613,2017,11,HOU,ARI,7,10,26.22,244.56,127.89,1.89,26.78,7.22,269.89,96.89,2.56,0.89,0.85,17.22,279.78,71.67,1.56,24.78,7.0,260.78,97.67,2.56,0.89,0.68,1
614,2017,11,MIA,TB,6,7,15.22,209.22,80.11,1.33,24.89,7.44,235.67,116.22,1.78,0.33,0.9,19.22,273.89,82.78,1.56,23.11,6.33,276.78,109.89,1.56,0.67,0.68,0
615,2017,11,MIN,LA,7,7,24.11,255.11,118.0,1.11,18.33,5.67,233.78,81.33,2.67,0.89,0.96,32.89,270.11,128.78,0.89,18.0,6.89,223.33,118.0,3.11,1.33,0.97,1
616,2017,11,NO,WAS,7,7,29.78,266.44,142.22,1.0,18.33,6.11,219.33,110.89,2.78,1.11,0.82,23.0,274.89,96.67,1.22,25.78,5.22,250.67,109.56,2.44,1.11,0.84,1
617,2017,11,NYG,KC,7,14,16.67,232.56,89.78,1.22,26.44,6.0,275.89,132.56,1.44,0.44,0.67,28.11,271.56,116.67,0.44,23.11,8.0,270.44,131.11,2.11,0.89,0.96,1
618,2017,11,LAC,BUF,7,7,18.56,251.44,88.67,1.11,19.11,7.56,228.33,135.11,3.22,0.78,0.58,20.44,195.89,111.56,0.78,21.78,7.56,251.67,117.0,1.56,1.22,0.89,1
619,2017,11,DEN,CIN,7,7,18.44,235.11,113.0,2.11,26.56,7.56,215.78,89.56,2.22,0.56,0.76,16.56,222.67,70.11,1.67,20.22,7.44,214.67,123.56,2.89,0.67,0.8,0
620,2017,11,OAK,NE,14,7,0.0,0.0,0.0,0.0,0.0,0.0,0.0,0.0,0.0,0.0,0.0,28.56,316.0,107.89,0.56,21.67,6.67,299.44,121.11,1.67,0.78,0.88,0
621,2017,11,DAL,PHI,7,14,25.89,221.78,143.56,0.78,22.78,6.22,247.56,104.67,3.11,0.56,0.85,31.44,255.22,136.78,1.0,19.89,7.0,268.0,66.44,2.78,1.22,0.87,0
622,2017,11,SEA,ATL,11,8,23.44,282.56,100.67,1.0,18.33,10.44,237.33,101.0,2.78,0.89,0.78,21.89,263.56,116.44,1.22,19.89,6.33,219.11,113.67,2.89,0.22,0.85,0
623,2017,12,DET,MIN,4,4,27.1,276.0,80.8,1.2,23.4,6.0,253.9,114.2,2.1,1.1,0.88,24.1,257.6,123.3,1.0,17.2,5.8,232.9,77.7,2.6,0.8,0.88,0
624,2017,12,DAL,LAC,4,4,24.2,214.1,140.4,1.1,24.2,5.8,239.6,115.7,2.8,0.5,0.88,22.1,254.7,94.4,1.0,19.6,6.9,227.9,138.9,3.0,1.2,0.65,0
625,2017,12,WAS,NYG,4,4,23.8,279.6,102.6,1.1,26.6,5.6,264.1,114.6,2.4,1.1,0.85,16.2,229.8,92.0,1.2,24.7,5.9,271.3,132.7,1.4,0.7,0.71,1
626,2017,12,ATL,TB,6,7,23.1,256.7,113.7,1.1,21.0,6.4,222.6,115.9,2.9,0.3,0.86,20.3,274.0,79.8,1.4,22.8,6.6,285.6,107.2,1.5,0.9,0.7,1
627,2017,12,CIN,CLE,7,7,16.9,215.8,68.0,1.5,19.9,7.0,218.6,122.4,2.9,0.7,0.8,15.0,219.8,101.2,2.6,25.9,7.0,233.8,91.7,2.2,0.6,0.67,1
628,2017,12,IND,TEN,14,10,17.9,230.0,95.9,1.2,28.0,6.7,287.4,111.3,1.9,0.8,0.95,22.2,225.1,117.5,1.7,25.3,6.0,252.9,89.2,1.7,0.9,0.85,0
629,2017,12,KC,BUF,7,7,26.2,267.4,118.4,0.7,22.0,8.1,263.9,129.2,1.9,0.9,0.96,20.8,198.7,117.7,1.3,25.0,7.4,254.9,119.9,1.5,1.1,0.9,0
630,2017,12,NE,MIA,7,7,29.0,318.4,106.0,0.5,20.3,6.2,293.2,119.9,1.6,0.8,0.9,15.7,224.8,80.4,1.6,25.4,8.4,239.6,109.9,1.7,0.3,0.92,1
631,2017,12,NYJ,CAR,14,13,20.1,227.3,101.6,1.3,22.2,8.1,240.4,117.9,1.9,1.0,0.8,21.3,224.9,127.6,1.6,18.0,4.5,213.9,80.6,2.9,0.5,0.95,0
632,2017,12,PHI,CHI,7,7,32.0,246.5,144.6,0.9,18.8,6.6,255.7,71.0,2.9,1.4,0.83,17.4,188.0,131.8,1.6,22.1,6.5,231.6,106.0,2.9,0.4,0.69,1
633,2017,12,SF,SEA,14,6,17.4,247.4,101.5,1.5,26.0,7.8,258.3,133.5,2.0,0.6,0.9,24.2,279.7,104.2,1.1,19.9,10.3,233.1,99.8,2.6,0.8,0.77,0
634,2017,12,ARI,JAX,7,7,17.6,277.5,69.3,1.6,25.4,7.3,257.7,101.3,2.4,0.9,0.68,24.5,208.4,160.6,1.2,14.1,6.8,188.4,113.6,4.0,1.3,0.8,1
635,2017,12,LA,NO,7,7,30.3,265.6,120.4,0.9,18.6,7.0,229.0,123.3,2.8,1.2,0.97,30.2,278.3,144.0,1.0,19.6,6.2,229.6,115.4,2.7,1.0,0.85,1
636,2017,12,OAK,DEN,7,7,0.0,0.0,0.0,0.0,0.0,0.0,0.0,0.0,0.0,0.0,0.0,18.3,237.0,112.9,2.1,25.9,7.3,209.6,85.5,2.2,0.5,0.74,1
637,2017,12,PIT,GB,10,7,22.7,264.9,102.4,1.2,16.5,7.0,215.7,97.6,3.4,1.2,0.89,20.4,232.5,102.4,1.3,23.0,6.3,250.2,105.7,2.1,0.7,0.79,1
638,2017,12,BAL,HOU,8,8,21.3,180.6,114.6,1.5,17.1,6.0,204.4,120.8,2.8,1.6,0.87,26.7,243.1,128.5,1.9,26.2,7.1,268.6,92.0,2.5,1.0,0.86,1
639,2017,13,DAL,WAS,7,7,22.55,210.91,134.82,1.18,24.55,5.91,257.27,112.55,2.55,0.45,0.88,23.45,276.18,104.36,1.09,25.09,5.82,250.36,111.82,2.55,1.09,0.86,1
640,2017,13,ATL,MIN,7,10,24.09,266.82,116.82,1.09,20.91,6.18,228.09,113.91,2.73,0.27,0.88,24.64,259.82,124.45,0.91,17.73,6.09,234.45,75.45,2.64,0.82,0.86,0
641,2017,13,BAL,DET,6,10,21.45,179.0,116.82,1.36,17.0,6.09,208.73,115.82,2.73,1.64,0.88,26.73,273.64,78.27,1.27,24.0,6.18,256.45,116.18,2.09,1.0,0.89,1
642,2017,13,BUF,NE,7,7,20.36,197.27,116.45,1.18,23.64,7.27,249.82,114.0,1.55,1.09,0.88,29.55,310.09,114.18,0.64,20.0,6.27,286.09,115.09,2.09,0.91,0.9,0
643,2017,13,CHI,SF,7,7,16.09,184.27,120.36,1.64,22.91,6.73,233.09,112.36,2.73,0.36,0.67,17.0,244.82,99.91,1.45,25.82,7.73,255.55,129.55,1.82,0.64,0.91,0
644,2017,13,GB,TB,7,7,21.09,233.64,100.36,1.18,23.73,6.0,259.36,107.09,2.0,0.82,0.73,20.27,274.82,81.09,1.27,23.82,6.18,293.09,110.91,1.36,0.82,0.72,1
645,2017,13,JAX,IND,7,7,24.45,204.0,154.27,1.27,15.27,6.64,193.18,113.09,3.73,1.27,0.81,17.73,226.91,95.27,1.18,27.27,6.91,278.0,109.55,1.73,0.91,0.95,1
646,2017,13,MIA,DEN,7,7,15.82,223.91,79.18,1.73,26.27,8.18,238.45,117.73,1.64,0.36,0.92,17.91,232.73,107.73,2.0,25.45,7.45,213.55,87.18,2.18,0.45,0.74,1
647,2017,13,NYJ,KC,7,7,20.73,234.55,102.27,1.27,23.36,8.0,233.82,120.36,2.0,0.91,0.82,24.73,261.18,112.64,0.73,21.45,7.91,256.55,126.91,1.91,0.82,0.96,1
648,2017,13,TEN,HOU,7,6,22.0,221.36,115.18,1.73,24.45,5.64,247.73,89.18,2.27,0.82,0.86,25.73,243.91,122.82,2.0,25.91,7.0,259.0,96.27,2.36,0.91,0.88,1
649,2017,13,LAC,CLE,10,7,22.64,271.0,93.18,0.91,18.36,6.73,223.45,133.45,2.91,1.27,0.63,15.09,224.18,107.36,2.36,26.27,7.0,232.0,97.18,2.09,0.55,0.69,1
650,2017,13,ARI,LA,7,7,18.45,274.18,72.82,1.64,25.27,7.55,248.82,100.36,2.45,0.91,0.74,29.91,273.64,117.45,0.91,18.73,7.18,230.55,123.27,2.82,1.09,0.94,0
651,2017,13,NO,CAR,7,7,29.27,275.36,142.09,0.91,20.18,6.27,240.91,112.91,2.82,1.0,0.86,22.55,219.73,129.18,1.45,18.82,5.0,222.36,83.18,2.91,0.45,0.96,1
652,2017,13,OAK,NYG,7,10,0.0,0.0,0.0,0.0,0.0,0.0,0.0,0.0,0.0,0.0,0.0,15.64,219.18,91.27,1.18,24.27,5.91,268.64,131.73,1.82,0.73,0.72,1
653,2017,13,SEA,PHI,7,7,24.18,275.0,102.91,1.09,19.27,9.91,231.82,98.36,2.64,0.82,0.75,31.91,246.64,147.45,1.0,17.36,7.0,245.82,65.09,2.82,1.45,0.84,1
654,2017,13,CIN,PIT,8,8,18.09,215.64,75.64,1.36,19.55,6.73,223.09,126.64,3.0,0.64,0.85,23.45,272.73,104.09,1.36,17.55,6.82,218.36,96.0,3.45,1.09,0.89,0
655,2017,14,ATL,NO,4,4,22.83,259.0,115.58,1.0,20.33,6.25,228.0,113.17,2.67,0.25,0.86,29.42,274.83,142.58,0.92,20.25,6.33,236.08,112.83,2.75,0.92,0.83,1
656,2017,14,BUF,IND,7,7,18.92,190.42,122.0,1.17,23.58,6.92,250.5,120.42,1.67,1.08,0.88,17.08,222.5,99.08,1.25,27.5,6.67,283.0,108.42,1.67,0.83,0.96,1
657,2017,14,CAR,MIN,7,7,22.42,216.67,127.75,1.33,19.83,5.08,226.25,88.58,2.83,0.42,0.96,23.75,257.08,122.83,0.83,17.0,6.08,229.33,77.67,2.42,0.75,0.86,1
658,2017,14,CIN,CHI,6,7,18.25,217.17,80.17,1.25,19.83,7.25,228.67,123.75,2.83,0.67,0.87,15.92,177.42,115.5,1.5,22.25,6.5,238.08,112.17,2.67,0.42,0.67,0
659,2017,14,CLE,GB,7,7,14.67,223.42,105.83,2.33,25.67,6.75,241.33,96.92,2.0,0.5,0.71,21.5,221.17,108.58,1.17,23.42,6.08,260.25,111.92,2.42,0.75,0.76,0
660,2017,14,HOU,SF,7,7,24.67,254.0,117.0,1.92,25.75,7.33,249.92,104.75,2.33,0.83,0.81,16.83,248.83,100.75,1.42,24.83,7.75,242.75,123.92,1.83,0.58,0.93,0
661,2017,14,KC,OAK,7,7,25.25,269.92,112.58,0.67,22.83,7.92,262.75,129.42,1.75,0.75,0.93,0.0,0.0,0.0,0.0,0.0,0.0,0.0,0.0,0.0,0.0,0.0,1
662,2017,14,NYG,DAL,7,10,15.75,218.58,89.08,1.25,24.25,5.5,270.17,130.67,1.75,0.67,0.74,23.83,201.83,138.75,1.08,23.67,5.67,256.75,107.83,2.67,0.58,0.88,0
663,2017,14,TB,DET,7,7,20.25,274.42,88.08,1.25,24.0,6.33,275.67,118.25,1.42,0.83,0.74,26.17,277.17,78.25,1.42,25.67,6.17,257.5,114.92,1.92,0.92,0.86,0
664,2017,14,ARI,TEN,7,7,18.25,269.75,76.58,1.67,25.83,7.25,246.42,99.5,2.33,0.92,0.72,22.17,215.42,122.08,1.58,23.5,5.75,257.5,86.17,2.42,0.83,0.84,1
665,2017,14,DEN,NYJ,7,7,17.17,230.0,107.33,2.08,26.25,7.58,215.33,92.0,2.17,0.58,0.75,22.17,242.58,106.83,1.17,24.0,7.75,244.83,119.67,2.0,0.83,0.84,1
666,2017,14,LAC,WAS,7,10,22.33,277.08,93.25,0.83,17.67,6.58,222.75,129.75,2.92,1.25,0.67,22.67,274.08,100.33,1.25,26.17,5.92,238.0,117.67,2.42,1.0,0.86,1
667,2017,14,JAX,SEA,7,7,24.92,215.17,149.42,1.17,14.83,6.58,191.58,115.42,3.75,1.33,0.83,24.17,271.0,102.75,1.0,18.5,9.5,241.5,98.33,2.67,0.83,0.76,1
668,2017,14,LA,PHI,7,7,30.08,269.17,115.17,0.92,18.5,7.17,229.75,122.83,3.17,1.17,0.95,30.08,255.08,143.33,1.08,17.92,7.0,244.25,68.08,2.75,1.33,0.85,0
669,2017,14,PIT,BAL,6,7,23.42,274.17,103.08,1.33,17.75,6.83,219.67,98.83,3.33,1.0,0.9,23.33,186.5,115.5,1.25,17.25,5.75,217.67,112.67,2.75,1.67,0.9,1
670,2017,14,MIA,NE,8,8,17.42,224.83,84.67,1.83,24.83,8.08,235.25,116.5,1.75,0.58,0.93,29.0,305.75,120.58,0.67,18.58,6.5,271.83,120.75,2.25,0.92,0.91,1
671,2017,15,IND,DEN,4,4,16.31,210.69,104.0,1.15,26.38,6.31,268.31,117.54,1.54,0.85,0.88,17.62,227.69,105.54,1.92,24.23,7.23,203.38,89.46,2.31,0.62,0.75,0
672,2017,15,DET,CHI,6,6,26.0,285.15,76.31,1.54,25.31,6.31,259.62,116.31,2.0,1.0,0.86,17.23,184.62,124.46,1.38,21.08,6.77,234.23,108.92,2.69,0.46,0.7,1
673,2017,15,KC,LAC,6,6,25.31,269.77,116.62,0.69,22.23,7.85,258.77,124.85,1.85,0.85,0.94,22.92,280.54,99.46,0.85,17.31,6.46,217.23,124.77,2.85,1.23,0.7,1
674,2017,15,BUF,MIA,7,6,18.46,182.85,130.08,1.23,22.31,6.54,236.54,123.69,1.62,1.0,0.88,18.15,227.77,87.38,1.69,24.46,8.08,235.08,109.46,1.77,0.69,0.94,1
675,2017,15,CAR,GB,7,7,23.08,210.54,134.54,1.31,20.15,5.15,230.38,89.46,3.08,0.54,0.96,21.92,224.54,106.77,1.08,23.23,5.85,256.69,113.77,2.38,0.85,0.76,1
676,2017,15,CLE,BAL,7,7,15.15,222.69,108.15,2.31,25.77,6.69,243.15,96.0,1.92,0.46,0.71,24.46,192.85,118.31,1.23,18.92,5.69,239.85,108.54,2.77,1.54,0.9,0
677,2017,15,JAX,HOU,7,7,25.31,219.23,149.92,1.08,15.54,6.62,197.69,117.38,3.62,1.46,0.84,24.0,252.77,114.92,1.85,25.77,7.38,256.38,104.54,2.31,0.85,0.78,1
678,2017,15,MIN,CIN,7,7,23.77,258.85,121.08,1.0,18.08,5.77,222.23,88.31,2.38,0.77,0.84,17.38,214.92,79.38,1.31,20.85,7.23,231.92,132.08,2.77,0.62,0.87,1
679,2017,15,NO,NYJ,10,7,28.46,274.54,135.46,0.92,20.23,6.69,234.92,114.31,2.62,1.08,0.84,20.46,228.54,103.15,1.23,23.92,7.46,241.38,116.92,2.0,0.77,0.84,1
680,2017,15,NYG,PHI,7,7,15.31,219.31,90.08,1.31,24.69,5.62,274.92,130.0,1.62,0.62,0.75,31.08,261.08,143.0,1.08,19.23,7.23,240.77,71.23,2.69,1.23,0.86,0
681,2017,15,WAS,ARI,7,7,21.92,264.62,97.62,1.23,26.46,5.77,244.46,122.0,2.38,1.0,0.86,17.77,262.69,81.15,1.54,24.38,7.08,239.69,96.85,2.38,1.0,0.73,1
682,2017,15,SEA,LA,7,7,24.15,271.0,105.69,1.15,19.38,9.23,243.54,102.77,2.46,0.77,0.74,30.46,263.77,114.69,0.92,20.38,7.15,237.69,124.08,3.08,1.15,0.95,0
683,2017,15,PIT,NE,7,6,24.62,292.0,99.69,1.23,19.31,6.77,223.46,102.92,3.15,1.0,0.91,28.31,300.15,113.23,0.77,19.23,6.69,271.15,120.69,2.23,0.85,0.91,0
684,2017,15,SF,TEN,7,7,17.54,255.38,100.85,1.38,24.15,8.0,242.38,121.31,1.92,0.54,0.94,21.0,211.08,117.69,1.62,22.62,5.77,251.38,90.0,2.85,0.77,0.81,1
685,2017,15,OAK,DAL,7,7,0.0,0.0,0.0,0.0,0.0,0.0,0.0,0.0,0.0,0.0,0.0,24.31,211.85,137.46,1.0,22.62,5.85,254.54,107.38,2.46,0.69,0.8,0
686,2017,15,TB,ATL,8,11,20.31,275.23,91.54,1.54,24.0,6.38,283.77,113.23,1.31,0.92,0.74,22.62,256.08,116.85,1.15,20.08,6.08,231.31,108.31,2.62,0.31,0.87,0
687,2017,16,BAL,IND,6,9,24.64,199.64,116.79,1.14,18.29,5.79,233.14,110.07,2.71,1.57,0.91,16.07,206.93,101.57,1.07,26.29,6.14,267.79,124.21,1.57,0.86,0.89,1
688,2017,16,GB,MIN,6,6,22.07,229.21,107.71,1.29,23.79,5.86,255.64,116.43,2.29,0.79,0.78,24.5,257.21,121.29,1.0,17.29,6.14,215.79,85.29,2.43,0.86,0.85,0
689,2017,16,CAR,TB,7,6,23.64,212.79,135.71,1.21,20.43,5.14,234.64,91.64,3.07,0.71,0.96,20.36,276.93,91.0,1.5,24.0,6.43,278.64,119.5,1.29,0.86,0.71,1
690,2017,16,CHI,CLE,8,7,16.71,193.86,118.64,1.5,21.0,7.21,234.43,107.64,2.79,0.43,0.71,14.79,217.21,109.71,2.43,25.86,6.64,246.36,96.07,1.86,0.43,0.72,1
691,2017,16,CIN,DET,7,8,16.64,209.0,77.0,1.36,21.79,7.07,232.21,131.5,2.71,0.64,0.87,25.57,281.71,77.36,1.5,24.21,6.43,263.5,111.07,2.0,1.14,0.87,1
692,2017,16,KC,MIA,8,7,25.64,267.0,120.71,0.64,21.57,7.79,256.5,122.93,1.86,1.0,0.92,18.0,231.07,88.29,1.79,24.43,8.0,234.29,109.93,1.79,0.64,0.95,1
693,2017,16,NE,BUF,7,7,28.21,300.0,110.64,0.79,19.57,6.36,271.86,122.29,2.21,0.86,0.92,18.86,185.79,129.07,1.14,21.86,6.29,239.21,122.0,1.64,1.14,0.88,1
694,2017,16,NO,ATL,7,6,28.64,275.0,135.14,1.07,20.14,6.79,230.93,115.0,2.5,1.14,0.84,22.71,252.93,122.86,1.07,20.14,6.07,236.14,106.57,2.57,0.29,0.84,1
695,2017,16,NYJ,LAC,7,8,20.36,225.0,104.64,1.29,24.43,7.5,244.21,117.93,1.86,0.79,0.85,22.21,276.71,99.36,1.07,18.21,6.64,218.21,128.29,2.71,1.14,0.7,0
696,2017,16,TEN,LA,7,7,21.14,213.21,115.71,1.57,22.79,5.57,260.64,87.21,2.86,0.71,0.83,31.29,253.79,123.93,0.93,19.43,6.86,230.86,120.79,3.36,1.07,0.95,0
697,2017,16,WAS,DEN,7,10,21.79,259.71,92.86,1.21,25.64,5.86,240.5,123.36,2.5,1.0,0.88,18.14,230.07,113.07,1.86,23.43,7.57,200.14,88.07,2.21,0.57,0.73,1
698,2017,16,SF,JAX,7,7,18.07,264.36,97.29,1.29,24.07,7.93,242.29,119.07,1.86,0.5,0.95,26.71,226.86,149.07,1.0,14.93,6.71,192.71,115.21,3.64,1.43,0.85,1
699,2017,16,ARI,NYG,7,7,17.57,257.43,85.43,1.57,24.07,7.14,236.57,92.14,2.29,0.93,0.77,16.29,234.64,89.0,1.29,25.36,5.57,272.21,128.43,1.57,0.57,0.73,1
700,2017,16,DAL,SEA,7,7,24.0,211.86,136.64,1.07,22.21,5.93,248.57,108.43,2.29,0.64,0.82,22.93,261.79,103.71,1.21,21.0,9.21,235.0,112.86,2.43,0.79,0.74,0
701,2017,16,HOU,PIT,8,8,22.79,243.86,112.93,1.79,27.14,7.86,261.36,106.93,2.21,0.79,0.78,24.57,291.21,102.79,1.21,19.86,6.71,228.79,101.07,3.07,1.0,0.92,0
702,2017,16,PHI,OAK,8,8,31.29,259.36,140.5,1.0,19.93,7.21,254.57,71.5,2.57,1.21,0.87,0.0,0.0,0.0,0.0,0.0,0.0,0.0,0.0,0.0,0.0,0.0,1
703,2017,17,DET,GB,7,8,25.0,276.47,78.0,1.47,24.33,6.6,261.8,113.13,2.07,1.13,0.85,20.6,222.6,108.07,1.33,23.27,5.87,247.87,116.13,2.33,0.73,0.78,1
704,2017,17,IND,HOU,8,6,16.07,207.47,101.0,1.0,26.07,5.87,265.73,122.8,1.53,0.8,0.84,21.67,233.8,117.13,1.8,27.6,7.8,259.0,106.73,2.07,0.73,0.78,1
705,2017,17,MIN,CHI,8,7,23.93,249.33,120.67,0.93,16.13,5.87,210.07,87.13,2.33,0.93,0.86,16.93,193.8,117.2,1.4,19.8,7.0,230.93,105.53,2.67,0.53,0.71,1
706,2017,17,NE,NYJ,7,7,28.8,294.93,116.13,0.8,19.33,6.07,272.47,119.73,2.47,0.8,0.92,19.47,217.93,110.8,1.33,23.73,7.33,247.27,116.0,1.73,0.73,0.85,1
707,2017,17,NYG,WAS,7,7,15.2,236.53,85.93,1.4,25.2,5.87,269.4,124.8,1.6,0.67,0.7,22.13,262.33,92.47,1.27,24.67,5.87,237.33,125.73,2.6,1.0,0.88,1
708,2017,17,PHI,DAL,6,7,30.47,252.93,136.33,1.07,19.27,7.27,246.93,75.87,2.47,1.27,0.85,23.2,209.8,136.07,1.2,22.13,6.0,238.2,106.27,2.33,0.6,0.79,0
709,2017,17,PIT,CLE,6,7,25.2,286.87,102.87,1.13,18.93,6.53,219.73,106.07,3.33,1.0,0.92,14.0,214.87,107.47,2.47,25.47,6.73,242.8,96.13,2.07,0.4,0.74,1
710,2017,17,ATL,CAR,7,7,22.07,255.27,119.13,1.13,20.33,6.33,236.33,105.2,2.47,0.33,0.85,23.53,209.27,134.33,1.2,20.33,5.2,243.47,89.93,3.27,0.67,0.97,1
711,2017,17,BAL,CIN,8,7,24.53,202.13,115.87,1.07,18.13,5.73,231.93,108.93,2.67,1.47,0.91,17.27,210.93,81.33,1.33,21.47,6.93,230.27,128.53,2.67,0.67,0.89,0
712,2017,17,DEN,KC,7,7,17.67,227.6,116.13,1.93,23.67,7.27,206.73,88.0,2.07,0.6,0.74,25.87,269.47,119.53,0.6,21.0,7.6,258.47,118.67,1.73,0.93,0.91,0
713,2017,17,LA,SF,7,7,31.0,256.93,123.4,0.93,19.67,6.73,233.8,119.2,3.2,1.07,0.93,19.8,262.87,99.53,1.27,24.67,7.93,251.6,117.27,1.8,0.67,0.95,0
714,2017,17,LAC,OAK,7,6,21.67,277.6,98.67,1.0,17.47,6.73,211.6,132.87,2.73,1.13,0.68,0.0,0.0,0.0,0.0,0.0,0.0,0.0,0.0,0.0,0.0,0.0,1
715,2017,17,MIA,BUF,7,7,17.67,234.73,86.33,1.8,24.73,8.2,238.93,109.47,1.73,0.6,0.91,18.67,192.13,126.07,1.07,22.87,6.13,238.2,126.73,1.67,1.13,0.87,0
716,2017,17,SEA,ARI,7,7,22.8,250.53,101.87,1.13,20.4,9.33,231.4,113.87,2.53,0.87,0.74,17.93,255.6,84.67,1.6,22.47,7.07,238.33,88.87,2.27,1.0,0.78,0
717,2017,17,TB,NO,7,7,20.27,282.93,89.33,1.6,23.87,6.8,270.73,119.2,1.33,0.87,0.73,28.27,272.6,131.87,1.07,19.67,6.53,234.73,111.8,2.67,1.13,0.86,1
718,2017,17,TEN,JAX,7,7,21.27,217.33,114.47,1.53,23.07,5.53,263.33,89.13,2.67,0.67,0.82,27.13,237.2,145.27,1.13,16.87,7.07,196.0,116.27,3.47,1.4,0.85,1
719,2018,2,CIN,BAL,4,4,34.0,243.0,101.0,2.0,23.0,8.0,319.0,75.0,2.0,1.0,1.0,47.0,260.0,117.0,1.0,3.0,9.0,98.0,83.0,6.0,2.0,1.0,1
720,2018,2,ATL,CAR,10,7,12.0,251.0,74.0,1.0,18.0,15.0,132.0,113.0,2.0,1.0,1.0,16.0,161.0,147.0,1.0,8.0,9.0,170.0,94.0,6.0,0.0,1.0,1
721,2018,2,BUF,LAC,7,7,3.0,98.0,83.0,2.0,47.0,10.0,260.0,117.0,2.0,0.0,0.5,28.0,424.0,123.0,1.0,38.0,7.0,256.0,106.0,1.0,0.0,0.67,0
722,2018,2,NO,CLE,7,7,40.0,439.0,43.0,2.0,48.0,8.0,417.0,112.0,0.0,0.0,1.0,21.0,197.0,177.0,1.0,21.0,11.0,335.0,159.0,4.0,3.0,0.0,1
723,2018,2,NYJ,MIA,6,7,48.0,198.0,169.0,1.0,17.0,7.0,300.0,39.0,0.0,5.0,1.0,27.0,230.0,120.0,2.0,20.0,7.0,220.0,116.0,0.0,3.0,1.0,0
724,2018,2,PIT,KC,7,7,21.0,335.0,159.0,6.0,21.0,12.0,197.0,177.0,7.0,1.0,0.0,38.0,256.0,106.0,0.0,28.0,6.0,424.0,123.0,1.0,1.0,1.0,0
725,2018,2,TB,PHI,7,10,48.0,417.0,112.0,0.0,40.0,7.0,439.0,43.0,1.0,0.0,0.67,18.0,132.0,113.0,1.0,12.0,11.0,251.0,74.0,4.0,1.0,1.0,1
726,2018,2,TEN,HOU,7,7,20.0,220.0,116.0,3.0,27.0,5.0,230.0,120.0,1.0,2.0,1.0,20.0,176.0,167.0,2.0,27.0,6.0,277.0,122.0,2.0,1.0,1.0,1
727,2018,2,WAS,IND,7,7,24.0,255.0,182.0,1.0,6.0,9.0,153.0,68.0,2.0,1.0,1.0,23.0,319.0,75.0,2.0,34.0,7.0,243.0,101.0,2.0,1.0,0.75,0
728,2018,2,LA,ARI,6,7,33.0,233.0,140.0,0.0,13.0,8.0,303.0,95.0,1.0,3.0,0.8,6.0,153.0,68.0,2.0,24.0,9.0,255.0,182.0,3.0,0.0,0.0,1
729,2018,2,SF,DET,7,6,16.0,261.0,90.0,4.0,24.0,3.0,244.0,116.0,3.0,0.0,1.0,17.0,300.0,39.0,5.0,48.0,3.0,198.0,169.0,2.0,1.0,0.33,1
730,2018,2,DEN,OAK,7,6,27.0,329.0,146.0,3.0,24.0,7.0,298.0,64.0,6.0,2.0,1.0,0.0,0.0,0.0,0.0,0.0,0.0,0.0,0.0,0.0,0.0,0.0,1
731,2018,2,JAX,NE,7,7,20.0,176.0,137.0,1.0,15.0,11.0,224.0,114.0,2.0,1.0,1.0,27.0,277.0,122.0,2.0,20.0,6.0,176.0,167.0,3.0,1.0,1.0,1
732,2018,2,DAL,NYG,7,7,8.0,170.0,94.0,1.0,16.0,10.0,161.0,147.0,3.0,0.0,0.0,15.0,224.0,114.0,1.0,20.0,6.0,176.0,137.0,1.0,1.0,1.0,1
733,2018,2,CHI,SEA,8,8,23.0,171.0,139.0,1.0,24.0,5.0,341.0,69.0,4.0,1.0,1.0,24.0,298.0,64.0,3.0,27.0,7.0,329.0,146.0,1.0,3.0,0.5,1
734,2018,3,CLE,NYJ,4,4,19.5,221.5,135.0,1.0,21.0,7.5,289.0,110.5,3.5,1.5,0.4,30.0,266.0,105.5,2.0,18.5,7.0,234.0,87.0,2.0,2.5,1.0,1
735,2018,3,ATL,NO,7,7,21.5,261.5,122.0,1.0,21.0,8.5,233.5,117.0,2.0,1.0,1.0,30.5,341.0,52.5,2.0,33.0,6.0,331.5,102.5,1.5,0.5,0.75,0
736,2018,3,BAL,DEN,10,7,35.0,318.0,91.5,2.0,18.5,8.0,181.5,95.5,3.0,1.0,1.0,23.5,275.5,157.0,2.0,21.5,6.5,293.0,78.0,3.5,1.0,1.0,1
737,2018,3,CAR,CIN,7,10,20.0,248.0,134.0,1.0,19.5,8.0,221.0,132.0,3.0,0.5,1.0,34.0,254.0,104.5,1.0,23.0,8.5,347.5,70.5,3.0,1.5,1.0,1
738,2018,3,HOU,NYG,7,7,18.5,243.0,157.5,1.5,23.5,8.5,234.0,111.0,1.5,0.5,0.75,14.0,251.5,74.5,1.0,20.0,4.5,168.0,137.5,0.5,0.5,1.0,0
739,2018,3,JAX,TEN,7,7,25.5,276.0,120.5,1.5,17.5,9.0,229.0,98.0,2.0,0.5,1.0,20.0,205.5,108.0,1.5,22.0,6.5,270.0,134.0,2.5,1.5,1.0,0
740,2018,3,KC,SF,7,7,40.0,291.0,116.5,0.5,32.5,9.0,438.0,78.0,1.0,0.5,1.0,23.0,233.5,140.0,2.0,25.5,6.0,295.5,107.0,2.5,0.0,1.0,1
741,2018,3,MIA,OAK,7,7,23.5,199.0,127.5,1.5,16.0,4.5,277.0,79.0,1.5,2.5,1.0,0.0,0.0,0.0,0.0,0.0,0.0,0.0,0.0,0.0,0.0,0.0,1
742,2018,3,MIN,BUF,7,7,26.5,334.5,92.0,1.0,22.5,7.5,271.0,94.0,3.5,1.5,0.25,11.5,171.5,83.5,2.0,39.0,8.0,258.0,113.0,2.0,0.0,0.75,0
743,2018,3,PHI,IND,7,7,19.5,233.0,102.0,1.0,19.5,8.5,326.5,58.5,3.0,1.0,0.5,22.0,249.0,89.5,2.0,21.5,6.5,267.5,83.0,2.5,0.5,0.75,1
744,2018,3,WAS,GB,7,7,16.5,273.5,123.5,1.0,13.5,8.0,166.0,86.0,1.5,1.5,0.8,26.5,311.0,83.5,1.0,26.0,7.5,298.0,103.5,2.5,0.5,0.86,1
745,2018,3,LA,LAC,7,7,33.5,293.5,115.0,0.5,6.5,6.5,196.5,74.5,1.0,2.0,0.83,29.5,340.0,116.0,0.5,29.0,6.5,250.5,95.0,3.0,1.0,0.75,1
746,2018,3,ARI,CHI,7,6,3.0,121.5,61.0,1.5,29.0,9.0,304.5,136.0,2.5,0.5,0.0,23.5,185.5,112.5,1.5,20.5,6.0,283.5,71.5,5.0,1.0,1.0,0
747,2018,3,SEA,DAL,6,7,20.5,262.0,69.0,2.5,25.5,6.0,264.5,116.0,1.5,2.5,0.67,14.0,165.0,116.0,0.5,14.5,8.0,220.0,91.0,4.5,0.0,0.67,1
748,2018,3,DET,NE,7,7,22.0,323.5,68.5,3.0,39.0,6.5,202.0,179.5,4.0,0.5,0.6,23.5,255.5,102.0,1.5,25.5,4.0,276.0,135.5,1.5,1.0,0.8,1
749,2018,3,TB,PIT,8,8,37.5,409.5,77.5,1.0,30.5,5.5,386.5,67.0,2.0,0.0,0.67,29.0,393.5,96.0,3.0,31.5,12.0,261.5,152.0,4.0,0.5,0.0,0
750,2018,4,LA,MIN,4,4,34.0,313.67,133.67,1.0,12.0,6.33,206.33,96.67,1.33,1.33,0.71,19.67,321.67,66.0,1.67,24.0,7.0,246.0,105.33,3.33,1.0,0.25,1
751,2018,4,ATL,CIN,7,7,26.67,299.0,97.33,0.67,28.33,7.33,287.67,125.67,1.67,0.67,1.0,29.67,286.67,91.67,2.0,25.67,7.0,281.67,123.67,2.33,1.0,0.8,0
752,2018,4,CHI,TB,7,6,21.0,197.0,115.67,1.67,18.33,6.33,253.33,65.33,4.67,1.67,0.88,34.0,410.0,72.67,2.0,30.33,6.67,375.33,70.67,2.33,0.33,0.8,1
753,2018,4,DAL,DET,7,7,13.67,166.0,132.67,1.33,17.67,7.67,210.67,98.33,3.67,0.0,0.8,23.33,303.0,98.67,2.33,29.33,6.33,179.0,149.33,3.33,0.67,0.78,1
754,2018,4,GB,BUF,7,7,23.33,295.67,89.0,1.0,27.67,8.67,272.0,124.33,1.67,0.67,0.88,16.67,179.67,98.33,1.33,28.0,9.33,270.67,80.0,2.67,0.33,0.83,1
755,2018,4,IND,HOU,7,7,20.0,220.67,82.33,1.33,21.0,8.0,263.33,106.0,3.33,0.67,0.86,19.67,290.33,124.67,1.67,24.67,8.0,255.0,112.0,2.33,0.33,0.86,0
756,2018,4,JAX,NYJ,7,10,19.0,235.67,109.33,1.0,14.67,8.67,188.67,115.33,2.33,0.33,1.0,25.67,233.67,106.0,2.33,19.33,6.67,229.33,102.33,2.67,1.67,1.0,1
757,2018,4,NE,MIA,7,7,19.0,214.67,97.67,1.33,25.67,4.33,271.33,143.33,1.33,1.0,0.83,25.0,246.33,98.67,1.0,17.33,6.0,299.67,89.0,2.0,2.33,1.0,1
758,2018,4,TEN,PHI,7,7,16.33,173.0,122.0,1.0,16.67,5.67,231.67,118.33,2.67,1.0,0.88,19.67,240.33,118.67,1.33,18.33,9.0,272.33,61.67,2.67,0.67,0.6,1
759,2018,4,ARI,SEA,7,7,6.67,145.33,58.33,2.33,24.67,8.0,276.33,131.33,2.67,0.67,0.0,21.67,238.67,83.67,1.67,21.33,7.33,232.33,132.67,2.67,2.33,0.75,0
760,2018,4,OAK,CLE,7,10,0.0,0.0,0.0,0.0,0.0,0.0,0.0,0.0,0.0,0.0,0.0,20.0,221.0,134.33,0.67,19.67,6.67,249.0,109.33,3.0,1.67,0.57,1
761,2018,4,LAC,SF,7,7,27.33,302.0,124.33,1.0,31.0,5.67,285.0,120.33,2.33,1.0,0.8,24.33,239.33,152.67,1.33,29.67,8.67,301.67,97.0,2.33,0.0,1.0,1
762,2018,4,NYG,NO,7,7,18.33,266.67,87.67,0.67,20.67,4.0,240.33,111.33,1.33,0.67,1.0,34.67,359.33,82.67,1.33,34.33,7.67,345.67,84.33,2.0,0.33,0.86,0
763,2018,4,PIT,BAL,6,7,29.33,380.0,90.0,2.33,30.0,12.33,311.33,122.33,3.67,1.33,0.25,32.33,304.33,86.67,1.33,17.0,7.67,185.0,103.67,3.0,1.0,0.83,0
764,2018,4,DEN,KC,8,8,20.33,247.67,144.67,1.67,23.33,8.67,287.67,77.67,3.0,0.67,1.0,39.33,298.67,103.33,0.33,30.67,8.0,375.67,111.33,2.0,0.33,1.0,0
765,2018,5,NE,IND,4,4,23.75,229.5,117.0,1.5,21.0,4.75,237.25,121.5,1.5,1.0,0.86,23.5,281.5,72.0,1.25,25.0,8.5,291.25,109.25,4.25,0.75,0.89,1
766,2018,5,BUF,TEN,7,7,12.5,172.5,88.25,1.75,26.5,7.75,277.5,95.25,2.5,0.5,0.83,18.75,215.75,109.0,1.0,18.25,5.25,260.75,118.0,3.0,0.75,0.9,1
767,2018,5,CAR,NYG,14,7,23.67,215.33,166.0,0.67,20.0,6.33,264.67,110.0,2.67,1.67,1.0,18.25,263.75,82.0,1.0,23.75,4.5,237.0,126.0,1.25,0.5,1.0,1
768,2018,5,CIN,MIA,7,7,31.5,299.25,93.5,1.75,28.25,6.75,316.0,115.75,2.5,0.75,0.83,20.5,218.5,88.0,1.25,22.5,7.0,293.25,110.5,1.5,2.25,1.0,1
769,2018,5,CLE,BAL,7,7,25.5,239.5,152.75,1.5,26.0,7.0,296.0,116.75,3.0,1.75,0.67,30.75,319.0,89.0,1.25,16.25,7.5,207.25,82.5,2.5,1.0,0.9,1
770,2018,5,DET,GB,7,7,23.5,304.0,98.0,1.75,28.5,6.75,198.0,157.75,3.25,0.5,0.8,23.0,296.25,102.0,1.25,20.75,7.75,241.75,107.75,3.0,1.0,0.91,1
771,2018,5,KC,JAX,6,7,36.25,300.0,113.0,0.25,28.75,8.5,343.0,123.25,2.5,0.5,1.0,22.0,273.75,113.5,1.5,14.0,8.75,183.25,95.0,2.5,0.25,1.0,1
772,2018,5,NYJ,DEN,7,6,22.25,217.0,88.0,1.75,22.25,6.5,269.0,108.25,2.5,1.5,1.0,21.0,247.0,148.25,1.5,24.25,7.25,291.75,93.75,2.5,0.5,1.0,1
773,2018,5,PIT,ATL,7,7,25.5,353.5,72.25,2.25,29.0,10.5,324.25,115.75,3.25,1.0,0.5,29.0,329.0,96.0,0.5,30.5,8.0,300.0,119.0,2.0,0.75,1.0,1
774,2018,5,LAC,OAK,7,7,27.75,289.0,124.75,1.0,30.0,5.5,288.25,109.25,2.0,1.25,0.78,0.0,0.0,0.0,0.0,0.0,0.0,0.0,0.0,0.0,0.0,0.0,1
775,2018,5,PHI,MIN,7,10,20.5,267.25,118.25,1.25,20.25,8.75,290.25,63.75,2.75,0.75,0.75,22.5,346.75,63.0,1.5,27.5,6.25,300.75,104.0,2.75,0.75,0.57,0
776,2018,5,SEA,LA,7,10,21.25,222.0,105.5,1.25,20.25,7.5,219.25,122.5,2.25,1.75,0.62,35.0,351.5,125.25,0.75,16.75,5.25,260.25,86.0,2.0,1.0,0.67,0
777,2018,5,SF,ARI,7,7,25.0,254.0,133.5,1.5,29.5,7.5,288.75,104.25,2.0,0.25,1.0,9.25,154.0,66.75,2.0,23.5,7.25,250.25,141.25,2.5,0.5,0.33,0
778,2018,5,HOU,DAL,7,7,24.0,311.5,123.25,1.5,27.0,8.5,307.25,94.25,2.75,0.25,0.82,16.75,188.25,145.25,1.0,19.25,6.25,234.75,97.75,3.5,0.0,0.89,1
779,2018,5,NO,WAS,8,15,34.25,326.25,104.5,1.0,30.25,7.0,323.0,79.5,2.25,0.25,0.91,21.33,255.67,137.67,1.0,14.67,7.33,199.0,90.67,2.33,1.0,0.83,1
780,2018,6,NYG,PHI,4,4,20.8,287.6,75.6,1.2,25.6,5.2,237.0,124.4,1.2,0.8,1.0,20.6,276.0,110.8,1.4,20.8,8.6,292.4,66.4,2.4,0.6,0.8,0
781,2018,6,ATL,TB,7,14,26.6,324.2,89.2,0.6,32.6,7.8,290.0,121.4,1.6,0.8,1.0,28.0,375.25,69.5,2.25,34.75,7.75,370.0,87.75,2.0,0.25,0.83,1
782,2018,6,CIN,PIT,7,7,30.6,289.0,95.4,1.6,26.0,6.6,289.8,118.2,2.6,1.0,0.78,28.6,332.8,84.0,2.0,26.6,9.8,320.4,105.0,3.8,0.8,0.5,0
783,2018,6,CLE,LAC,7,7,22.8,260.0,144.6,1.4,22.6,7.6,296.4,116.6,2.8,1.6,0.67,27.4,299.0,115.6,0.8,26.0,6.2,284.2,95.6,2.2,1.2,0.75,0
784,2018,6,HOU,BUF,7,7,23.0,324.2,116.2,1.6,24.8,7.8,287.4,95.0,2.6,0.6,0.81,12.6,154.4,99.4,1.6,23.6,7.0,247.8,96.2,2.4,0.6,0.88,1
785,2018,6,MIA,CHI,7,14,19.8,211.8,96.0,1.6,23.4,7.4,284.2,109.0,1.6,2.0,1.0,27.75,236.25,121.5,1.25,16.25,5.75,257.75,64.0,4.5,2.0,0.9,1
786,2018,6,MIN,ARI,7,7,22.6,337.6,65.8,1.4,26.2,5.8,302.8,99.4,2.8,0.6,0.58,13.0,157.2,64.6,1.6,22.4,6.8,270.0,142.4,2.8,0.8,0.33,1
787,2018,6,NYJ,IND,7,10,24.6,213.2,135.0,1.8,21.0,6.0,290.6,105.0,2.8,1.4,0.9,23.6,298.2,74.4,1.6,27.6,7.6,301.2,106.8,3.4,1.0,0.82,1
788,2018,6,OAK,SEA,7,7,0.0,0.0,0.0,0.0,0.0,0.0,0.0,0.0,0.0,0.0,0.0,23.2,217.2,122.4,1.0,22.8,7.4,239.6,129.0,1.8,1.8,0.67,0
789,2018,6,WAS,CAR,6,7,20.75,260.5,113.0,1.25,21.75,7.0,240.0,92.5,2.25,0.75,0.88,26.0,220.75,154.0,1.0,22.75,5.75,294.25,95.0,2.25,1.75,1.0,1
790,2018,6,DEN,LA,7,7,20.0,273.0,137.0,1.4,26.2,7.0,273.0,139.6,2.2,0.6,1.0,34.6,345.4,131.2,1.0,19.6,5.6,247.8,106.8,2.0,0.8,0.73,0
791,2018,6,DAL,JAX,7,7,16.6,192.2,135.8,1.2,19.2,6.4,262.8,95.8,3.0,0.2,0.92,20.4,305.0,111.0,2.2,17.2,8.0,209.2,101.2,2.2,0.6,1.0,1
792,2018,6,TEN,BAL,7,7,17.4,198.4,107.2,1.4,17.2,5.2,225.0,123.2,2.6,0.8,0.93,26.4,314.8,94.4,1.4,15.4,6.8,234.2,88.4,3.0,1.0,0.86,0
793,2018,6,NE,KC,10,7,26.6,251.8,113.0,1.6,21.6,5.2,262.8,114.0,1.4,1.2,0.88,35.0,302.6,115.6,0.6,25.8,9.0,360.4,118.8,3.0,1.2,1.0,1
794,2018,6,GB,SF,8,8,23.0,325.4,101.2,1.4,22.8,8.6,230.0,105.0,3.0,0.8,0.69,23.6,273.0,136.2,2.2,29.2,7.8,265.0,94.6,1.8,0.2,0.91,1
795,2018,7,ARI,DEN,4,4,13.67,171.0,63.83,1.67,23.17,6.5,263.83,151.17,3.0,0.83,0.5,20.0,281.17,124.17,1.33,25.67,6.83,261.0,161.33,2.67,0.67,1.0,0
796,2018,7,CHI,NE,7,7,27.8,252.2,130.0,1.6,19.2,5.8,282.2,83.4,3.6,2.0,0.82,29.33,266.5,123.0,1.5,24.67,4.33,277.67,110.67,1.17,1.33,0.92,0
797,2018,7,IND,BUF,7,7,25.33,298.67,83.17,2.0,30.0,7.67,297.67,106.83,3.17,1.0,0.85,12.67,152.83,99.5,1.67,23.0,7.83,236.0,92.5,3.17,0.83,0.9,1
798,2018,7,JAX,HOU,7,7,18.17,279.0,103.33,2.17,21.0,7.33,204.83,118.67,2.33,0.5,1.0,22.5,299.67,109.17,1.83,22.83,7.5,263.67,95.83,2.5,0.83,0.83,0
799,2018,7,MIA,DET,7,14,21.67,239.83,106.83,1.83,24.17,7.33,289.5,118.17,1.67,1.83,1.0,25.0,279.8,97.2,1.4,27.4,7.0,246.8,145.8,3.4,0.4,0.75,0
800,2018,7,NYJ,MIN,7,7,27.5,224.33,130.33,1.83,23.17,6.17,292.33,108.67,2.33,1.67,0.94,23.33,320.17,87.33,1.5,24.67,6.33,292.33,92.83,3.0,0.67,0.64,0
801,2018,7,PHI,CAR,10,7,22.83,276.33,110.33,1.17,19.5,7.83,290.5,79.83,2.67,0.67,0.77,24.2,231.6,139.4,1.2,22.8,6.2,268.0,102.4,2.4,1.4,1.0,0
802,2018,7,TB,CLE,7,7,28.2,379.2,79.8,2.2,34.6,7.0,367.0,84.2,1.8,0.2,0.86,21.33,256.33,137.67,1.5,25.17,7.33,282.83,138.17,2.5,1.5,0.71,1
803,2018,7,BAL,NO,7,13,25.5,302.0,99.17,1.33,12.83,7.33,214.67,82.83,4.33,0.83,0.86,36.0,333.6,103.2,1.0,28.0,6.4,313.4,71.4,2.4,0.4,0.92,0
804,2018,7,SF,LA,6,7,24.67,268.33,142.5,2.17,29.83,6.83,291.67,98.17,2.0,0.17,0.93,32.67,321.33,154.33,1.0,19.67,6.33,260.17,99.0,2.0,0.83,0.73,0
805,2018,7,WAS,DAL,7,7,21.2,241.0,116.8,1.0,20.8,6.6,247.0,90.2,2.0,0.8,0.91,20.5,190.67,147.5,1.0,17.17,5.83,243.83,90.67,3.0,0.33,0.94,1
806,2018,7,KC,CIN,7,7,35.83,310.83,112.0,0.83,28.67,8.33,357.0,127.83,2.83,1.0,1.0,29.0,279.0,89.83,1.33,26.33,6.5,303.0,117.17,2.17,0.83,0.78,1
807,2018,7,LAC,TEN,7,7,29.17,285.0,137.33,0.83,24.0,6.83,276.5,96.83,2.67,1.33,0.77,14.5,184.83,98.5,1.17,17.83,5.0,227.17,123.17,2.17,0.83,0.93,1
808,2018,7,ATL,NYG,8,11,27.83,329.33,86.0,0.5,32.0,7.33,307.5,121.33,1.67,1.0,1.0,19.5,286.5,87.5,1.17,27.0,5.17,243.83,121.67,1.17,0.67,0.93,1
809,2018,8,HOU,MIA,4,4,22.14,276.71,113.71,1.57,20.57,7.29,257.0,92.14,2.71,0.86,0.85,21.57,239.71,106.86,1.57,25.29,6.86,279.14,136.71,1.57,1.57,0.86,1
810,2018,8,CAR,BAL,7,7,23.67,237.83,136.33,1.0,21.83,6.0,275.0,95.0,2.5,1.17,1.0,25.14,299.43,96.0,1.14,14.43,7.0,214.29,90.14,3.86,0.71,0.87,1
811,2018,8,CHI,NYJ,7,7,28.33,265.67,130.67,1.67,22.33,5.67,281.33,87.5,3.17,1.83,0.83,26.0,221.71,121.86,2.14,25.14,6.43,285.0,105.71,2.14,1.43,0.94,1
812,2018,8,CIN,TB,7,7,26.29,265.86,86.29,1.29,29.0,6.71,310.86,128.71,2.14,0.86,0.8,27.83,376.83,85.5,2.5,32.67,7.17,341.67,90.0,2.33,0.17,0.8,1
813,2018,8,DET,SEA,7,14,26.17,269.33,122.33,1.17,26.33,6.83,245.5,139.33,3.5,0.33,0.81,23.83,218.0,127.83,1.0,19.5,7.5,223.33,120.67,2.5,1.5,0.73,0
814,2018,8,KC,DEN,7,10,37.14,317.57,124.29,0.86,26.0,8.29,332.71,118.86,2.71,1.0,0.92,23.57,268.0,125.14,1.29,23.43,6.57,251.43,148.14,3.14,1.0,1.0,1
815,2018,8,NYG,WAS,6,7,19.57,302.57,83.71,1.0,26.43,5.0,263.14,113.86,1.43,0.57,0.94,21.0,230.5,119.0,0.83,20.17,6.33,251.33,87.33,2.33,0.67,0.92,0
816,2018,8,PIT,CLE,14,7,28.5,338.83,88.67,1.67,25.67,9.67,305.17,97.83,3.67,0.67,0.62,21.57,250.43,135.0,1.29,25.29,8.29,294.57,134.71,2.71,1.57,0.71,1
817,2018,8,OAK,IND,14,7,0.0,0.0,0.0,0.0,0.0,0.0,0.0,0.0,0.0,0.0,0.0,27.0,278.29,102.71,1.71,26.43,7.14,280.14,110.86,3.0,1.29,0.86,0
818,2018,8,ARI,SF,10,7,13.14,174.29,64.57,2.14,26.29,6.57,253.14,148.29,2.86,0.86,0.6,22.57,254.29,137.43,2.43,31.14,6.14,278.86,105.0,1.86,0.14,0.93,1
819,2018,8,LA,GB,7,13,33.57,304.29,153.14,0.86,18.29,5.57,247.29,100.14,2.71,1.0,0.78,24.67,342.0,103.67,1.17,24.0,8.17,232.5,116.5,2.83,0.83,0.75,1
820,2018,8,MIN,NO,7,7,25.29,308.86,87.43,1.29,23.57,6.29,280.0,89.71,3.0,1.0,0.67,34.0,313.33,108.33,1.0,27.17,6.33,308.5,72.33,2.17,0.33,0.92,0
821,2018,8,JAX,PHI,7,7,16.57,270.14,98.57,2.29,20.86,6.57,195.43,121.86,2.14,0.43,1.0,22.0,281.14,102.86,1.14,19.71,7.29,287.43,85.71,2.57,0.57,0.73,0
822,2018,8,BUF,NE,8,8,11.57,156.0,104.57,2.14,25.0,7.71,224.57,110.71,2.71,0.71,0.91,30.57,268.0,120.86,1.57,25.57,4.71,285.57,114.0,1.29,1.43,0.93,0
823,2018,9,SF,OAK,4,4,21.62,246.25,133.62,2.12,29.5,6.0,275.5,102.88,2.0,0.25,0.94,0.0,0.0,0.0,0.0,0.0,0.0,0.0,0.0,0.0,0.0,0.0,1
824,2018,9,BAL,PIT,7,7,24.62,291.75,96.62,1.38,17.12,7.25,216.5,98.12,3.38,0.62,0.87,29.14,327.14,100.0,1.71,24.57,9.43,287.29,94.43,3.43,0.71,0.67,0
825,2018,9,BUF,CHI,6,7,10.88,175.62,97.25,2.12,25.0,7.5,237.0,106.38,2.62,0.62,0.92,27.71,259.14,137.57,1.43,20.57,5.14,263.0,83.14,2.86,1.57,0.79,0
826,2018,9,CAR,TB,7,7,25.43,237.0,138.86,0.86,21.71,5.71,269.71,95.86,2.43,1.29,1.0,28.71,390.14,91.29,2.71,33.29,7.71,332.86,96.86,2.29,0.14,0.83,1
827,2018,9,CLE,KC,7,7,21.12,241.62,127.38,1.25,26.25,8.12,289.88,138.88,2.5,1.5,0.71,36.25,315.75,114.88,0.88,25.62,8.12,323.88,127.62,3.0,1.0,0.93,0
828,2018,9,MIA,NYJ,10,7,21.75,243.38,108.0,1.5,27.38,6.62,274.12,143.12,1.38,1.38,0.9,24.0,213.12,113.75,1.88,25.0,6.62,276.88,114.88,2.12,1.25,0.95,1
829,2018,9,MIN,DET,7,7,24.62,315.12,87.12,1.38,24.38,6.25,265.5,91.75,2.62,1.0,0.67,24.43,275.14,109.71,1.29,26.57,6.43,245.86,144.57,3.29,0.29,0.81,1
830,2018,9,WAS,ATL,7,13,20.86,223.0,128.0,0.86,19.14,6.57,260.57,80.14,3.0,0.86,0.88,27.14,336.43,83.29,0.57,30.29,7.0,320.57,112.71,2.0,0.86,1.0,0
831,2018,9,DEN,HOU,7,10,23.5,267.25,133.12,1.38,24.25,7.0,257.88,135.75,3.0,1.0,0.92,24.62,272.0,123.0,1.38,20.88,7.38,258.5,95.12,2.62,0.88,0.85,0
832,2018,9,SEA,LAC,7,14,24.43,222.29,134.71,0.86,18.71,7.43,235.71,108.29,2.43,1.43,0.73,27.86,288.0,124.43,0.71,23.29,6.43,270.86,106.43,2.57,1.29,0.8,0
833,2018,9,NO,LA,7,7,33.43,292.0,108.0,1.0,26.14,6.43,315.71,74.14,2.43,0.43,0.94,33.0,304.62,150.88,0.75,19.38,5.12,252.12,100.88,2.75,0.88,0.8,1
834,2018,9,NE,GB,6,7,29.88,275.0,115.25,1.38,23.12,4.75,289.0,105.5,1.5,1.38,0.89,25.0,334.0,104.0,1.0,24.71,7.29,243.14,119.14,3.14,0.71,0.77,1
835,2018,9,DAL,TEN,15,15,20.0,202.43,136.86,1.14,17.57,6.14,234.43,96.29,2.71,0.29,0.89,15.14,192.29,107.86,1.14,18.14,4.86,238.43,112.29,2.14,0.71,0.88,0
836,2018,10,PIT,CAR,4,4,28.38,322.75,101.62,1.5,23.5,9.25,278.62,90.25,3.25,0.62,0.7,27.5,238.25,143.88,0.75,22.5,6.12,266.38,94.12,2.5,1.38,1.0,1
837,2018,10,CHI,DET,7,7,29.38,243.62,128.38,1.38,19.12,6.25,253.62,85.0,3.0,1.75,0.81,22.5,265.62,104.25,1.25,26.25,6.62,235.62,142.5,3.0,0.38,0.84,1
838,2018,10,CIN,NO,14,7,27.62,267.62,92.75,1.12,29.62,6.38,330.75,128.38,2.62,1.25,0.82,34.88,298.75,112.12,1.0,27.25,5.88,325.12,76.38,2.12,0.5,0.94,0
839,2018,10,CLE,ATL,7,7,21.11,249.0,124.56,1.22,27.44,7.67,299.33,138.89,2.44,1.44,0.72,28.5,338.12,92.12,0.62,28.25,7.0,318.75,108.5,2.12,0.88,1.0,1
840,2018,10,IND,JAX,14,14,28.88,273.38,117.62,1.5,26.62,7.5,275.62,109.88,2.62,1.12,0.88,16.75,272.12,95.0,2.12,21.25,6.38,206.75,123.25,2.38,0.5,1.0,1
841,2018,10,KC,ARI,7,14,36.33,322.33,117.56,0.89,25.11,8.44,322.11,124.78,2.89,1.0,0.93,13.75,184.0,67.5,2.12,24.88,6.88,245.25,143.12,3.0,0.75,0.67,1
842,2018,10,NYJ,BUF,7,7,22.0,214.89,110.0,2.11,23.67,6.44,261.56,109.22,2.33,1.11,0.91,10.67,177.0,97.33,2.33,26.78,7.78,225.67,101.67,2.44,0.67,0.93,0
843,2018,10,TB,WAS,7,7,28.62,371.75,90.12,2.62,34.38,7.75,322.12,107.12,2.25,0.12,0.83,20.0,233.38,121.88,0.88,21.5,7.0,271.75,89.38,2.88,0.88,0.88,0
844,2018,10,TEN,NE,6,7,16.75,198.25,110.0,1.25,17.62,4.62,239.0,107.25,2.5,0.75,0.83,30.0,281.22,116.11,1.22,22.44,4.78,285.67,106.78,1.44,1.22,0.9,1
845,2018,10,OAK,LAC,10,7,0.0,0.0,0.0,0.0,0.0,0.0,0.0,0.0,0.0,0.0,0.0,27.5,280.5,128.88,0.62,22.5,7.12,266.38,112.38,2.75,1.25,0.75,0
846,2018,10,GB,MIA,7,7,24.0,324.62,105.62,1.0,25.5,7.25,254.12,119.62,3.0,0.62,0.78,20.78,231.78,103.11,1.33,25.0,6.44,269.11,136.11,1.67,1.67,0.92,1
847,2018,10,LA,SEA,7,7,33.22,314.22,144.33,0.78,22.22,5.0,262.56,105.33,2.44,0.78,0.78,23.5,223.88,137.12,0.88,19.5,7.75,234.75,114.75,2.38,1.25,0.69,1
848,2018,10,PHI,DAL,14,6,22.25,281.75,106.62,1.25,19.5,6.88,287.25,83.75,2.75,0.5,0.75,19.25,207.5,128.75,1.25,18.88,6.12,235.12,99.88,2.88,0.25,0.84,0
849,2018,10,SF,NYG,11,15,23.0,248.0,134.67,1.89,26.56,5.67,264.78,102.78,2.56,0.22,0.95,18.75,304.25,77.88,1.12,25.62,5.75,252.5,122.38,1.25,0.5,0.94,0
850,2018,11,SEA,GB,4,4,24.33,218.56,152.22,0.89,21.33,7.67,244.0,118.56,2.33,1.11,0.71,24.78,310.67,115.56,0.89,24.0,7.11,249.56,120.89,3.33,0.67,0.79,1
851,2018,11,ATL,DAL,7,7,27.11,337.22,89.78,0.78,28.22,6.33,307.33,119.89,1.89,0.89,1.0,20.11,214.44,133.44,1.11,19.0,6.0,249.0,96.67,2.78,0.33,0.82,0
852,2018,11,BAL,CIN,14,7,23.67,283.56,92.67,1.22,17.78,7.0,224.89,99.78,3.11,0.56,0.89,26.11,259.89,94.67,1.22,32.0,6.11,323.44,141.22,2.33,1.11,0.82,1
853,2018,11,DET,CAR,7,10,22.44,266.56,101.11,1.44,27.11,6.56,248.89,132.67,2.78,0.33,0.85,26.78,233.22,138.44,0.78,25.78,6.0,272.89,99.0,2.33,1.22,1.0,1
854,2018,11,IND,TEN,7,7,28.89,274.67,113.56,1.44,26.56,7.44,281.0,107.78,2.33,1.0,0.82,18.67,203.89,114.44,1.11,16.78,4.56,242.11,99.78,2.56,0.67,0.85,1
855,2018,11,JAX,PIT,7,10,17.78,277.89,94.56,2.0,22.11,6.56,215.44,118.56,2.11,0.56,0.93,31.0,323.0,105.67,1.33,23.22,8.33,269.11,90.78,3.44,0.67,0.73,0
856,2018,11,NYG,TB,6,7,19.67,291.33,80.0,1.0,25.33,6.0,252.22,122.56,1.11,0.67,0.95,25.78,375.56,91.56,2.78,32.33,7.44,306.11,108.11,2.33,0.11,0.73,1
857,2018,11,WAS,HOU,7,14,19.56,227.22,121.22,0.78,19.44,7.11,286.67,90.89,2.78,1.0,0.89,24.0,265.44,120.22,1.22,20.44,7.33,262.0,92.89,2.56,0.78,0.86,0
858,2018,11,ARI,OAK,7,7,13.78,186.67,70.44,2.11,25.0,6.44,245.67,140.33,3.22,0.67,0.67,0.0,0.0,0.0,0.0,0.0,0.0,0.0,0.0,0.0,0.0,0.0,0
859,2018,11,LAC,DEN,7,14,26.67,274.11,127.11,0.67,20.67,7.0,263.78,112.56,2.89,1.11,0.78,22.78,269.78,126.67,1.33,23.67,7.11,252.89,131.56,3.11,0.89,0.81,0
860,2018,11,NO,PHI,7,7,36.67,295.0,126.78,0.89,25.78,5.33,311.0,80.11,2.33,0.67,0.95,22.0,290.44,102.67,1.22,20.33,6.11,285.33,93.44,2.89,0.44,0.78,1
861,2018,11,CHI,MIN,7,14,29.89,256.0,120.11,1.22,19.44,6.22,255.89,84.0,3.33,1.78,0.72,24.56,298.33,91.67,1.44,22.67,5.89,258.11,88.89,3.44,0.89,0.68,1
862,2018,11,LA,KC,8,8,33.5,314.6,144.8,0.7,23.1,5.5,253.9,122.1,2.6,0.7,0.81,35.3,315.0,117.6,0.8,24.0,8.4,310.7,121.7,3.1,1.1,0.94,1
863,2018,12,DET,CHI,4,4,22.2,261.9,100.4,1.3,26.3,6.0,259.7,125.0,2.8,0.4,0.86,29.4,246.9,122.9,1.4,19.5,6.1,256.5,77.8,3.2,1.8,0.76,0
864,2018,12,DAL,WAS,4,4,20.3,213.8,133.3,1.0,19.0,5.6,253.2,95.0,2.8,0.4,0.84,19.7,223.4,121.5,0.9,19.8,7.0,278.8,95.7,2.8,1.1,0.85,1
865,2018,12,NO,ATL,4,4,37.8,302.8,131.4,0.8,23.9,5.6,295.5,77.9,2.4,0.9,0.95,26.3,332.6,88.8,0.8,27.6,5.9,297.4,121.1,1.9,0.8,1.0,1
866,2018,12,BAL,OAK,7,7,23.7,270.2,110.1,1.2,18.1,6.8,223.5,94.6,2.9,0.5,0.9,0.0,0.0,0.0,0.0,0.0,0.0,0.0,0.0,0.0,0.0,0.0,1
867,2018,12,BUF,JAX,14,7,13.7,184.0,108.8,2.1,25.1,7.4,216.6,99.8,2.5,0.8,0.94,17.6,260.5,103.0,1.9,21.9,7.0,225.3,109.3,2.1,0.8,0.94,1
868,2018,12,CAR,SEA,7,10,26.0,245.6,130.2,0.8,25.2,5.6,267.6,98.5,2.2,1.1,0.92,24.6,219.2,154.3,0.9,21.6,7.5,252.8,111.5,2.6,1.0,0.75,0
869,2018,12,CIN,CLE,7,14,25.6,255.0,90.0,1.1,31.2,6.2,306.1,153.8,2.4,1.1,0.75,21.8,245.7,133.2,1.2,26.3,7.6,302.4,132.1,2.4,1.3,0.72,0
870,2018,12,NYJ,NE,14,14,20.8,206.9,107.3,2.1,25.4,5.9,260.1,119.5,2.2,1.0,0.91,28.0,279.8,108.5,1.1,23.6,4.7,282.0,111.1,1.5,1.1,0.86,0
871,2018,12,PHI,NYG,7,7,20.5,277.0,98.2,1.4,23.1,6.1,294.1,101.4,2.6,0.4,0.78,21.5,285.3,88.3,0.9,26.3,6.2,263.6,125.4,1.1,1.0,0.95,1
872,2018,12,TB,SF,7,13,26.7,374.6,97.5,2.9,32.9,7.1,298.6,113.6,2.5,0.1,0.73,23.0,248.2,133.6,1.9,26.6,6.1,257.1,102.2,2.4,0.2,0.95,1
873,2018,12,LAC,ARI,7,7,26.2,286.8,123.9,0.8,20.9,7.7,259.1,112.1,2.6,1.0,0.81,14.5,181.6,78.8,2.1,24.8,6.5,240.3,141.5,3.3,0.6,0.67,1
874,2018,12,DEN,PIT,7,7,22.8,264.5,124.8,1.2,23.5,7.1,267.7,127.9,3.1,1.0,0.82,29.9,322.1,97.7,1.5,22.5,7.8,252.6,99.6,3.7,0.6,0.73,1
875,2018,12,IND,MIA,7,14,29.8,276.7,112.4,1.3,24.9,7.4,273.2,105.7,2.6,1.1,0.83,19.9,229.9,105.9,1.4,25.6,6.1,262.1,142.0,1.7,1.5,0.94,1
876,2018,12,MIN,GB,7,10,24.1,294.7,84.7,1.6,22.9,5.7,248.8,94.8,3.2,1.0,0.71,24.7,312.8,108.8,0.8,24.3,6.9,247.1,126.1,3.3,0.6,0.77,1
877,2018,12,HOU,TEN,8,8,23.9,259.7,122.1,1.4,20.5,7.3,254.7,96.0,2.8,0.9,0.81,17.8,203.8,111.7,1.2,18.9,4.9,247.4,100.0,2.3,0.6,0.86,1
878,2018,13,DAL,NO,7,7,21.27,220.64,134.45,0.91,19.36,5.45,254.55,93.64,2.82,0.64,0.85,37.18,290.82,133.09,0.82,23.27,5.36,302.91,73.18,2.73,0.91,0.96,1
879,2018,13,ATL,BAL,10,7,25.45,336.64,83.09,1.09,27.91,5.55,285.91,123.73,1.91,0.82,1.0,24.64,261.82,122.09,1.27,18.0,6.73,220.82,92.09,2.91,0.45,0.91,0
880,2018,13,CIN,DEN,7,7,25.09,255.0,93.55,1.09,31.55,6.82,301.73,147.45,2.18,1.0,0.69,22.91,258.36,124.73,1.09,22.91,7.0,285.55,123.09,3.0,1.09,0.83,0
881,2018,13,DET,LA,10,13,21.64,259.55,101.36,1.36,26.0,5.91,257.73,117.09,2.91,0.36,0.87,35.36,323.55,138.55,0.82,25.64,5.73,274.27,119.91,2.64,0.91,0.82,0
882,2018,13,GB,ARI,7,7,24.0,302.36,106.36,0.73,24.27,6.64,255.73,122.91,3.18,0.55,0.78,14.09,174.64,77.27,2.0,26.64,6.18,242.0,144.82,3.36,0.55,0.62,0
883,2018,13,HOU,CLE,6,7,24.82,255.18,136.55,1.27,20.18,6.91,259.09,96.82,3.09,0.82,0.83,23.0,246.82,128.73,1.09,25.73,7.55,298.09,131.82,2.27,1.27,0.72,1
884,2018,13,JAX,IND,7,7,17.91,248.36,114.18,1.91,22.09,7.27,219.36,114.55,1.91,0.73,0.89,29.55,283.09,112.91,1.45,24.82,7.36,266.91,106.36,2.45,1.0,0.81,1
885,2018,13,MIA,BUF,7,7,20.27,227.55,106.55,1.36,25.73,6.45,269.82,139.82,1.64,1.55,0.94,14.64,181.82,114.09,1.91,24.73,7.91,208.45,111.27,2.55,0.91,0.94,1
886,2018,13,NYG,CHI,7,10,21.55,286.36,91.73,0.91,26.18,6.64,261.09,125.55,1.27,0.91,0.96,28.82,246.09,115.18,1.36,19.18,5.82,254.64,80.82,3.09,1.82,0.77,1
887,2018,13,TB,CAR,7,7,26.73,368.91,98.45,2.64,30.73,7.27,291.55,116.73,2.64,0.27,0.76,26.09,246.55,138.36,0.82,25.64,5.36,274.09,96.36,2.18,1.0,0.87,1
888,2018,13,OAK,KC,7,13,0.0,0.0,0.0,0.0,0.0,0.0,0.0,0.0,0.0,0.0,0.0,36.73,329.82,115.82,1.18,26.73,8.82,320.0,117.55,3.27,1.0,0.94,0
889,2018,13,TEN,NYJ,6,7,17.73,212.82,111.09,1.18,20.27,5.09,244.0,116.45,2.45,0.55,0.86,20.09,213.18,104.27,2.0,25.55,6.09,262.18,128.18,2.0,0.91,0.92,1
890,2018,13,NE,MIN,7,7,27.91,280.09,118.18,1.0,22.64,5.27,281.45,107.73,1.55,1.09,0.88,24.09,299.0,85.27,1.45,22.36,5.73,244.18,93.64,3.27,0.91,0.67,1
891,2018,13,SEA,SF,7,7,25.09,230.09,147.09,0.82,22.09,7.18,253.09,121.36,2.36,1.0,0.79,21.73,245.73,134.91,1.91,26.64,6.27,262.09,102.73,2.27,0.18,0.96,1
892,2018,13,PIT,LAC,7,7,28.73,335.0,95.64,1.73,22.64,7.55,247.55,101.82,3.55,0.55,0.69,27.91,284.27,128.82,0.82,19.91,7.36,245.09,107.55,2.55,1.0,0.82,0
893,2018,13,PHI,WAS,8,11,20.91,273.27,100.82,1.27,23.0,6.18,294.36,103.64,2.55,0.45,0.81,20.0,227.45,117.73,1.09,20.82,6.73,279.73,100.27,2.91,1.0,0.86,1
894,2018,14,TEN,JAX,4,4,18.42,218.58,112.67,1.17,20.42,5.33,234.33,119.75,2.42,0.58,0.88,16.92,240.17,111.25,1.83,20.25,7.33,221.75,108.42,2.0,0.75,0.9,1
895,2018,14,BUF,NYJ,7,7,14.83,185.92,121.08,1.92,24.42,8.33,202.5,107.0,2.58,0.92,0.89,20.25,206.08,108.58,1.92,25.58,6.5,263.83,128.33,2.08,0.92,0.93,0
896,2018,14,CLE,CAR,7,7,22.17,259.33,120.58,1.33,26.0,7.42,291.92,136.42,2.42,1.17,0.72,25.33,251.0,140.83,1.08,25.5,5.5,272.0,96.25,2.33,0.92,0.88,1
897,2018,14,GB,ATL,7,7,23.42,296.58,105.67,0.67,23.92,6.67,246.83,127.83,3.08,0.5,0.76,24.67,319.5,79.0,1.08,27.75,5.75,276.0,130.67,1.92,0.75,1.0,1
898,2018,14,HOU,IND,7,7,25.17,252.58,140.75,1.17,19.58,6.75,270.58,91.33,2.83,1.0,0.85,27.08,280.17,106.92,1.5,23.25,7.25,257.17,104.08,2.5,0.92,0.81,0
899,2018,14,KC,BAL,7,7,37.0,326.92,120.67,1.17,27.25,9.0,317.08,122.0,3.25,0.92,0.95,24.75,253.92,129.17,1.25,17.83,6.92,213.33,87.25,2.92,0.42,0.93,1
900,2018,14,MIA,NE,7,7,20.33,220.0,102.67,1.33,25.0,6.58,266.58,144.67,1.67,1.58,0.94,27.58,282.67,121.67,1.0,21.58,5.42,274.75,106.67,1.58,1.17,0.85,1
901,2018,14,TB,NO,7,10,26.5,358.92,98.17,2.5,29.58,7.42,292.25,121.0,2.75,0.58,0.78,34.92,277.17,127.42,0.83,22.42,5.33,298.42,75.33,3.08,0.83,0.96,0
902,2018,14,WAS,NYG,6,7,19.42,221.0,116.58,1.08,21.42,7.0,281.92,102.75,2.67,1.0,0.87,22.25,280.75,95.83,0.92,26.25,7.08,263.17,124.92,1.58,1.0,0.96,0
903,2018,14,LAC,CIN,7,7,28.33,285.5,125.17,0.75,20.75,7.17,248.08,104.0,2.42,1.0,0.79,23.83,253.42,95.0,1.17,30.92,7.25,289.17,153.33,2.17,0.92,0.71,1
904,2018,14,SF,DEN,7,7,21.25,259.75,129.17,1.92,28.0,6.83,255.67,108.17,2.33,0.17,0.96,23.0,249.42,132.5,1.08,21.83,7.0,281.42,122.08,3.08,1.08,0.8,1
905,2018,14,ARI,DET,7,7,14.58,172.5,86.0,1.83,25.83,6.25,241.25,140.92,3.17,0.5,0.7,21.17,258.33,101.42,1.42,26.33,6.08,253.5,119.75,2.83,0.42,0.88,0
906,2018,14,DAL,PHI,10,6,20.58,223.0,131.5,1.0,18.58,5.67,243.92,91.25,2.75,0.67,0.86,21.5,276.0,103.25,1.25,22.17,6.08,282.33,103.67,2.58,0.5,0.83,1
907,2018,14,OAK,PIT,7,7,0.0,0.0,0.0,0.0,0.0,0.0,0.0,0.0,0.0,0.0,0.0,28.83,330.5,93.08,1.67,23.5,7.5,251.83,100.42,3.42,0.5,0.71,1
908,2018,14,CHI,LA,7,7,28.67,249.42,115.42,1.5,20.08,6.0,251.67,85.83,3.08,1.75,0.79,34.92,313.83,139.42,0.92,24.83,5.83,271.83,118.42,2.75,0.92,0.84,1
909,2018,14,SEA,MIN,8,8,26.58,226.33,148.83,0.75,21.58,7.42,266.5,116.75,2.42,1.0,0.8,22.92,290.83,86.08,1.5,22.5,5.67,249.75,99.17,3.0,0.92,0.65,1
910,2018,15,KC,LAC,4,4,36.23,330.77,118.62,1.15,27.0,8.85,304.0,127.54,3.15,0.85,0.88,28.15,280.46,122.08,0.69,20.77,7.08,242.08,107.08,2.46,0.92,0.82,0
911,2018,15,NYJ,HOU,6,6,20.77,203.31,106.23,1.85,25.38,6.54,259.38,132.0,2.15,1.0,0.94,24.85,253.69,136.77,1.08,19.92,6.77,280.46,88.15,2.77,1.0,0.85,0
912,2018,15,DEN,CLE,6,6,22.31,244.54,130.23,1.0,21.69,7.31,285.31,119.15,3.08,1.08,0.8,22.46,257.69,120.23,1.38,25.54,7.38,292.38,133.31,2.31,1.15,0.75,0
913,2018,15,ATL,ARI,7,7,24.31,315.08,81.15,1.08,28.23,6.31,269.85,131.23,2.08,0.69,0.95,13.69,177.69,84.08,1.77,25.15,6.38,230.46,139.46,3.0,0.46,0.67,1
914,2018,15,BAL,TB,7,7,24.69,245.69,134.15,1.23,18.54,7.23,225.92,87.77,2.85,0.46,0.93,25.54,347.69,98.69,2.38,29.46,7.62,285.23,119.38,2.62,0.62,0.7,1
915,2018,15,BUF,DET,7,7,15.46,187.46,125.31,2.0,24.62,8.23,200.0,104.77,2.38,0.92,0.83,20.85,246.23,103.0,1.38,24.54,6.15,252.46,115.23,2.85,0.46,0.89,1
916,2018,15,CHI,GB,7,7,27.62,238.69,121.46,1.62,19.0,6.0,246.69,83.23,3.08,1.92,0.78,24.23,288.85,108.15,0.62,23.62,6.62,248.0,126.23,2.92,0.54,0.77,1
917,2018,15,CIN,OAK,7,7,23.62,247.0,98.77,1.08,30.54,7.15,283.85,148.08,2.15,0.85,0.76,0.0,0.0,0.0,0.0,0.0,0.0,0.0,0.0,0.0,0.0,0.0,1
918,2018,15,IND,DAL,7,7,26.85,289.31,102.54,1.46,23.08,7.38,257.92,102.92,2.69,0.85,0.82,21.23,240.85,132.31,1.15,18.92,6.08,242.69,86.85,2.69,0.62,0.84,1
919,2018,15,JAX,WAS,10,7,16.31,240.15,107.31,1.77,21.0,7.31,217.15,120.38,1.92,0.77,0.9,19.15,221.92,114.08,1.23,22.85,7.62,275.38,112.31,2.62,1.0,0.87,0
920,2018,15,MIN,MIA,6,7,21.69,284.46,85.38,1.46,22.38,5.54,236.08,108.0,2.92,0.92,0.63,21.38,223.46,109.31,1.23,25.62,6.62,273.62,139.46,1.69,1.46,0.94,1
921,2018,15,NYG,TEN,7,10,23.62,274.31,105.92,0.92,25.46,6.69,260.85,121.77,1.85,1.15,0.97,19.31,214.23,124.31,1.15,19.54,5.15,234.77,115.15,2.54,0.54,0.88,0
922,2018,15,SF,SEA,7,6,21.15,265.31,125.69,1.85,26.92,7.15,250.31,107.77,2.31,0.15,0.96,26.15,214.46,153.85,0.77,20.46,7.15,262.0,113.69,2.38,0.92,0.82,1
923,2018,15,PIT,NE,7,7,28.23,328.62,89.0,1.62,23.54,7.08,257.23,96.92,3.38,0.46,0.62,28.0,288.46,118.23,0.92,22.54,5.38,274.0,113.0,1.85,1.08,0.83,1
924,2018,15,LA,PHI,7,7,32.69,304.08,132.69,1.15,24.08,6.08,259.38,124.23,2.62,1.08,0.82,21.62,272.31,97.92,1.23,22.69,6.0,295.62,106.62,2.62,0.62,0.83,0
925,2018,15,CAR,NO,8,8,24.92,254.62,137.38,1.08,25.54,5.85,269.38,97.77,2.23,0.85,0.89,34.38,271.31,125.31,0.92,21.77,5.38,291.85,77.62,3.15,0.85,0.96,0
926,2018,16,TEN,WAS,6,6,19.14,205.64,130.79,1.07,18.14,5.07,234.36,110.29,2.57,0.57,0.85,18.93,216.86,113.71,1.14,22.14,7.5,259.79,116.57,2.86,1.0,0.88,1
927,2018,16,LAC,BAL,9,6,28.21,282.79,121.86,0.79,21.29,7.07,242.14,103.71,2.43,0.86,0.82,24.36,237.5,141.86,1.21,18.07,7.29,221.0,87.57,2.71,0.5,0.93,0
928,2018,16,CAR,ATL,6,7,23.79,249.36,134.57,1.14,24.57,5.71,264.64,101.86,2.21,0.86,0.89,25.43,309.07,90.71,1.0,27.21,6.29,267.93,126.14,2.43,0.79,0.96,0
929,2018,16,CLE,CIN,8,7,22.07,252.71,121.21,1.43,24.86,7.29,289.86,126.07,2.29,1.21,0.76,24.07,238.64,103.93,1.07,29.5,7.29,282.36,142.36,2.36,0.79,0.8,1
930,2018,16,DAL,TB,7,7,19.71,238.36,130.86,1.14,19.21,6.29,239.07,93.36,2.5,0.57,0.82,24.57,334.07,97.71,2.29,28.79,7.5,274.21,128.14,2.57,0.57,0.73,1
931,2018,16,DET,MIN,7,7,20.29,243.5,103.14,1.29,23.79,6.0,249.0,115.36,2.71,0.43,0.86,23.07,279.5,95.0,1.43,22.0,5.57,226.93,111.43,3.36,0.86,0.66,0
932,2018,16,IND,NYG,7,7,26.57,282.36,107.93,1.43,21.43,7.29,254.21,103.57,2.71,0.86,0.84,21.93,271.07,101.71,1.0,24.86,6.93,248.93,128.43,1.79,1.07,0.97,1
933,2018,16,MIA,JAX,7,7,21.07,215.21,112.64,1.14,26.71,6.71,269.43,145.21,1.71,1.43,0.94,16.07,227.07,111.93,1.79,20.64,7.36,212.43,119.57,2.0,0.71,0.91,0
934,2018,16,NE,BUF,7,7,26.71,287.79,116.64,0.93,22.14,6.0,271.21,116.21,1.86,1.14,0.83,15.36,188.64,124.71,1.86,23.79,7.86,200.57,104.79,2.21,0.86,0.83,1
935,2018,16,NYJ,GB,8,7,20.86,206.86,105.07,1.79,25.64,6.71,261.86,125.93,2.43,0.93,0.94,23.71,287.79,106.71,0.64,23.64,6.64,247.07,124.36,2.79,0.5,0.79,0
936,2018,16,PHI,HOU,7,8,22.21,272.14,98.86,1.21,22.71,6.0,298.71,104.86,2.57,0.64,0.82,25.14,256.57,130.36,1.0,20.07,6.64,278.5,88.29,2.79,0.93,0.87,1
937,2018,16,ARI,LA,7,7,13.71,182.36,82.36,1.86,26.21,6.5,230.5,144.86,2.93,0.43,0.67,32.0,306.57,129.07,1.21,24.5,6.0,260.14,123.29,2.43,1.07,0.84,0
938,2018,16,SF,CHI,7,7,21.5,266.0,123.43,1.79,26.64,7.21,249.36,112.07,2.36,0.14,0.97,27.36,238.43,119.93,1.57,18.86,5.86,248.64,83.57,3.21,1.86,0.79,0
939,2018,16,NO,PIT,6,7,32.79,266.43,127.43,1.0,20.86,5.64,283.93,79.07,3.21,0.86,0.96,27.43,321.93,93.93,1.64,22.57,6.86,258.79,96.86,3.21,0.5,0.61,1
940,2018,16,SEA,KC,7,10,25.93,216.07,154.86,0.71,20.86,7.64,262.93,112.29,2.43,0.86,0.83,35.64,324.5,114.43,1.07,27.14,8.93,304.64,126.93,3.29,0.93,0.88,1
941,2018,16,OAK,DEN,8,9,0.0,0.0,0.0,0.0,0.0,0.0,0.0,0.0,0.0,0.0,0.0,21.86,245.43,123.21,1.07,21.36,7.36,278.36,120.21,3.0,1.07,0.83,1
942,2018,17,BUF,MIA,7,7,15.13,190.53,121.2,1.93,23.8,7.53,195.6,116.0,2.13,0.93,0.81,20.13,210.6,109.27,1.2,26.07,6.93,261.13,143.93,1.93,1.33,0.89,1
943,2018,17,GB,DET,7,7,25.07,298.07,108.07,0.6,24.6,6.87,253.33,119.2,2.73,0.47,0.81,19.53,238.0,102.0,1.2,24.0,6.07,249.27,114.33,2.67,0.4,0.87,0
944,2018,17,HOU,JAX,7,7,25.47,262.07,125.8,1.0,20.87,6.87,291.33,86.2,2.67,0.93,0.88,16.13,221.6,112.87,1.73,19.73,7.53,208.0,115.73,2.07,0.73,0.88,1
945,2018,17,NE,NYJ,7,7,26.53,277.0,127.07,1.07,21.47,5.93,267.6,113.27,1.73,1.2,0.84,22.0,215.8,101.2,1.67,26.87,7.33,273.87,126.0,2.53,0.87,0.91,1
946,2018,17,NO,CAR,7,7,32.67,270.4,122.73,1.0,21.33,5.87,290.33,78.13,3.2,0.8,0.93,22.87,253.53,135.0,1.33,24.53,6.0,262.93,108.0,2.13,0.8,0.89,0
947,2018,17,NYG,DAL,7,7,22.27,273.6,100.47,1.0,25.07,6.87,256.13,123.13,1.73,1.07,0.97,20.2,233.2,127.47,1.07,19.27,6.53,245.53,91.33,2.53,0.53,0.83,0
948,2018,17,TB,ATL,7,7,24.27,334.2,95.4,2.27,28.67,7.6,266.67,124.93,2.47,0.53,0.72,25.33,304.4,97.6,1.07,26.07,6.13,270.87,127.13,2.4,0.93,0.96,0
949,2018,17,BAL,CLE,8,7,24.2,235.27,143.0,1.2,17.53,7.07,218.33,85.13,2.8,0.6,0.89,22.33,259.0,122.87,1.33,24.4,7.2,279.4,124.47,2.33,1.13,0.78,1
950,2018,17,DEN,LAC,6,8,21.33,242.53,121.67,1.13,21.73,7.6,270.93,119.8,2.87,1.0,0.79,27.0,276.0,117.13,0.93,21.33,7.13,239.6,107.4,2.47,0.8,0.83,0
951,2018,17,KC,OAK,7,6,35.33,321.07,117.07,1.13,27.87,8.87,302.4,132.47,3.27,0.87,0.89,0.0,0.0,0.0,0.0,0.0,0.0,0.0,0.0,0.0,0.0,0.0,1
952,2018,17,LA,SF,7,7,31.93,300.53,138.4,1.2,23.47,6.0,254.93,122.0,2.53,1.0,0.82,20.67,264.33,118.33,1.73,25.8,7.13,249.13,110.6,2.4,0.13,0.97,1
953,2018,17,MIN,CHI,7,7,23.33,277.73,95.33,1.33,21.13,5.93,222.53,109.73,3.33,0.8,0.68,26.47,238.93,117.93,1.6,18.2,5.73,248.13,81.13,3.07,1.8,0.76,0
954,2018,17,PIT,CIN,7,7,27.47,325.8,92.0,1.67,23.13,6.8,263.27,94.2,3.13,0.53,0.65,23.67,231.6,103.8,1.0,29.27,7.0,286.67,142.6,2.2,0.73,0.81,1
955,2018,17,SEA,ARI,7,7,26.73,219.73,158.53,0.67,21.53,7.33,263.6,115.07,2.33,0.8,0.8,13.4,182.33,83.8,1.73,26.53,6.53,229.53,153.13,2.87,0.4,0.64,1
956,2018,17,WAS,PHI,8,7,18.73,212.6,116.87,1.2,22.33,7.53,256.53,115.4,2.87,0.93,0.9,22.87,285.4,96.07,1.33,23.2,6.33,301.4,102.0,2.67,0.6,0.83,0
957,2018,17,TEN,IND,8,7,19.53,206.0,128.67,1.0,18.0,4.87,228.93,113.67,2.53,0.67,0.86,26.67,287.33,104.0,1.4,21.8,7.2,257.87,102.2,2.53,0.87,0.84,0
958,2019,2,CAR,TB,4,4,27.0,239.0,127.0,3.0,30.0,6.0,186.0,166.0,1.0,1.0,0.67,17.0,194.0,121.0,4.0,31.0,8.0,166.0,98.0,1.0,1.0,1.0,0
959,2019,2,BAL,ARI,7,7,59.0,379.0,265.0,0.0,10.0,4.0,190.0,21.0,3.0,2.0,1.0,27.0,308.0,112.0,1.0,27.0,7.0,385.0,116.0,3.0,0.0,1.0,1
960,2019,2,CIN,SF,7,7,20.0,418.0,34.0,2.0,21.0,7.0,195.0,72.0,4.0,0.0,0.67,31.0,166.0,98.0,2.0,17.0,11.0,194.0,121.0,3.0,3.0,0.75,0
961,2019,2,DET,LAC,7,7,27.0,385.0,116.0,1.0,27.0,9.0,308.0,112.0,5.0,1.0,1.0,30.0,333.0,125.0,1.0,24.0,3.0,190.0,203.0,2.0,0.0,1.0,1
962,2019,2,GB,MIN,10,7,10.0,203.0,47.0,0.0,3.0,10.0,228.0,46.0,5.0,1.0,1.0,28.0,98.0,172.0,0.0,12.0,11.0,304.0,73.0,4.0,2.0,0.0,1
963,2019,2,HOU,JAX,6,7,28.0,268.0,180.0,1.0,30.0,8.0,370.0,148.0,1.0,1.0,0.0,26.0,350.0,81.0,2.0,40.0,10.0,378.0,113.0,0.0,0.0,1.0,1
964,2019,2,MIA,NE,7,7,10.0,190.0,21.0,2.0,59.0,9.0,379.0,265.0,1.0,0.0,1.0,33.0,373.0,99.0,0.0,3.0,7.0,276.0,32.0,1.0,1.0,1.0,0
965,2019,2,NYG,BUF,7,7,17.0,323.0,151.0,2.0,35.0,8.0,405.0,89.0,0.0,0.0,1.0,17.0,254.0,128.0,4.0,16.0,7.0,175.0,68.0,4.0,0.0,1.0,0
966,2019,2,PIT,SEA,7,7,3.0,276.0,32.0,1.0,33.0,6.0,373.0,99.0,1.0,0.0,1.0,21.0,195.0,72.0,1.0,20.0,8.0,418.0,34.0,5.0,0.0,0.0,0
967,2019,2,TEN,IND,7,7,43.0,248.0,123.0,0.0,13.0,6.0,285.0,102.0,5.0,3.0,1.0,24.0,190.0,203.0,0.0,30.0,3.0,333.0,125.0,4.0,1.0,0.33,0
968,2019,2,WAS,DAL,7,7,27.0,380.0,28.0,0.0,32.0,12.0,313.0,123.0,1.0,0.0,1.0,35.0,405.0,89.0,0.0,17.0,6.0,323.0,151.0,1.0,0.0,0.0,0
969,2019,2,OAK,KC,6,7,0.0,0.0,0.0,0.0,0.0,0.0,0.0,0.0,0.0,0.0,0.0,40.0,378.0,113.0,0.0,26.0,5.0,350.0,81.0,1.0,1.0,1.0,0
970,2019,2,DEN,CHI,6,10,16.0,268.0,95.0,0.0,24.0,6.0,259.0,98.0,0.0,0.0,0.75,3.0,228.0,46.0,1.0,10.0,10.0,203.0,47.0,5.0,0.0,1.0,0
971,2019,2,LA,NO,7,6,30.0,186.0,166.0,1.0,27.0,5.0,239.0,127.0,3.0,1.0,0.75,30.0,370.0,148.0,1.0,28.0,7.0,268.0,180.0,6.0,1.0,0.75,1
972,2019,2,ATL,PHI,7,7,12.0,304.0,73.0,3.0,28.0,9.0,98.0,172.0,1.0,0.0,0.0,32.0,313.0,123.0,0.0,27.0,6.0,380.0,28.0,1.0,0.0,1.0,1
973,2019,2,NYJ,CLE,8,8,16.0,175.0,68.0,0.0,17.0,8.0,254.0,128.0,1.0,2.0,0.0,13.0,285.0,102.0,3.0,43.0,18.0,248.0,123.0,4.0,0.0,0.0,0
974,2019,3,JAX,TEN,4,4,19.0,281.5,92.0,1.5,26.5,9.5,268.5,119.5,1.5,0.0,1.0,30.0,201.0,123.5,0.0,16.0,5.5,215.5,134.5,3.5,2.0,0.75,1
975,2019,3,BUF,CIN,7,7,22.5,253.5,139.5,2.0,15.0,8.0,212.5,98.5,2.5,1.0,1.0,18.5,364.5,29.5,1.5,31.0,7.0,253.5,165.5,2.0,0.5,0.6,1
976,2019,3,DAL,MIA,7,7,33.0,337.0,151.0,0.5,19.0,7.0,272.0,99.0,1.0,0.0,1.0,5.0,188.0,31.5,3.0,51.0,6.5,321.5,194.5,1.5,0.0,1.0,1
977,2019,3,GB,DEN,7,7,15.5,206.0,95.5,1.0,9.5,8.0,229.0,122.0,3.0,1.5,1.0,15.0,280.0,92.5,0.5,20.0,8.0,189.5,125.5,0.0,0.0,0.83,1
978,2019,3,IND,ATL,7,7,21.5,168.0,185.0,1.0,23.5,5.5,243.5,124.5,4.0,0.5,0.33,18.0,312.0,65.0,3.0,24.0,9.5,176.5,110.5,2.0,1.0,0.5,1
979,2019,3,KC,BAL,7,7,34.0,410.5,72.0,0.5,18.0,7.5,274.0,105.0,2.0,1.5,1.0,41.0,325.5,223.5,0.0,13.5,7.0,269.5,20.5,3.0,1.0,1.0,1
980,2019,3,MIN,OAK,7,7,22.0,164.0,185.0,1.5,16.5,9.5,256.5,108.5,3.0,1.0,0.5,0.0,0.0,0.0,0.0,0.0,0.0,0.0,0.0,0.0,0.0,0.0,1
981,2019,3,NE,NYJ,7,6,38.0,318.5,111.5,0.5,1.5,6.0,231.0,37.0,4.0,2.5,0.83,9.5,188.0,80.5,0.5,20.0,10.0,289.5,99.0,2.0,1.5,0.5,1
982,2019,3,PHI,DET,7,7,26.0,284.0,86.0,1.0,25.5,6.5,350.0,42.5,1.0,1.5,1.0,20.0,315.0,105.0,1.5,18.5,8.5,300.5,124.5,3.0,1.0,0.67,0
983,2019,3,ARI,CAR,7,10,22.0,328.5,66.0,0.5,25.0,7.5,328.5,149.0,2.5,0.0,1.0,20.5,286.0,83.0,2.0,25.0,5.5,197.0,133.0,2.0,0.5,0.86,0
984,2019,3,TB,NYG,10,7,18.5,201.0,110.5,2.0,22.5,10.0,249.5,68.5,2.0,0.5,0.75,15.5,286.5,140.0,2.0,31.5,7.5,329.0,120.0,1.5,0.0,0.5,0
985,2019,3,LAC,HOU,7,7,20.0,313.0,131.0,1.5,18.5,6.0,217.5,148.5,1.0,1.0,0.5,20.5,213.5,153.0,0.5,21.0,7.5,291.5,125.5,2.5,0.5,1.0,0
986,2019,3,SEA,NO,7,7,24.5,247.5,111.5,1.5,23.0,9.0,302.5,57.5,3.0,0.5,0.0,19.5,286.5,102.5,1.0,27.5,9.0,275.5,147.5,4.5,0.5,0.86,0
987,2019,3,SF,PIT,7,7,36.0,239.0,178.5,1.5,17.0,10.0,252.5,73.0,3.5,2.0,0.71,14.5,231.5,56.5,1.0,30.5,5.5,336.5,125.0,2.5,0.0,1.0,1
988,2019,3,CLE,LA,6,7,18.0,305.0,86.0,2.0,23.0,13.5,224.5,108.0,4.0,0.0,1.0,28.5,234.5,140.5,1.0,18.0,6.5,221.0,92.0,2.5,1.0,0.83,0
989,2019,3,WAS,CHI,8,8,24.0,300.5,37.5,0.0,31.5,9.0,291.0,168.0,1.0,0.5,1.0,9.5,174.0,99.5,0.5,12.0,8.5,247.5,68.5,3.5,0.5,1.0,0
990,2019,4,GB,PHI,4,4,19.33,215.67,89.33,0.67,11.67,7.67,223.67,131.0,4.0,1.33,0.75,25.33,275.67,99.67,1.33,26.0,5.67,300.33,57.0,0.67,1.0,1.0,0
991,2019,4,ATL,TEN,7,10,20.0,309.33,74.33,2.33,25.0,11.67,221.0,100.0,1.67,0.67,0.67,22.33,235.33,112.67,0.0,17.33,6.67,211.67,119.0,2.33,1.33,0.75,0
992,2019,4,BAL,CLE,7,7,36.67,306.0,216.67,0.0,20.0,7.0,304.33,60.33,2.33,0.67,1.0,16.33,268.33,89.0,1.67,22.0,11.67,239.0,102.0,3.33,0.67,1.0,0
993,2019,4,BUF,NE,7,7,22.0,250.0,151.33,2.0,15.67,7.67,225.0,87.67,2.33,1.33,0.75,35.33,319.0,97.0,0.67,5.67,6.67,186.67,36.67,4.33,2.0,0.86,0
994,2019,4,DET,KC,7,7,22.33,277.0,98.67,1.0,20.33,8.67,286.67,125.33,3.0,0.67,0.67,33.67,398.33,94.67,0.33,21.33,6.33,271.67,137.67,2.33,1.0,1.0,0
995,2019,4,HOU,CAR,7,7,22.67,259.33,115.0,0.67,20.67,7.0,300.33,108.0,3.33,0.33,0.67,26.33,277.67,113.0,1.67,23.33,4.67,189.0,129.0,4.0,1.0,0.88,0
996,2019,4,IND,OAK,7,7,23.33,215.33,149.67,0.67,23.67,5.0,263.67,114.0,2.67,0.67,0.6,0.0,0.0,0.0,0.0,0.0,0.0,0.0,0.0,0.0,0.0,0.0,0
997,2019,4,MIA,LAC,7,7,5.33,201.67,45.0,2.33,44.33,6.0,296.33,208.0,1.33,0.33,0.75,20.0,314.67,111.67,1.33,21.33,6.33,262.0,112.0,1.33,0.67,0.67,0
998,2019,4,NYG,WAS,7,6,21.0,303.0,117.33,2.0,31.33,7.0,346.0,128.0,2.33,0.33,0.67,21.0,311.0,48.0,1.67,31.33,9.0,271.0,142.0,1.67,0.67,0.75,1
999,2019,4,ARI,SEA,7,7,21.33,276.67,84.33,1.0,29.33,7.33,306.0,157.0,2.33,0.0,1.0,25.33,300.33,110.33,1.33,26.33,8.33,260.67,67.67,2.0,0.33,0.0,0
1000,2019,4,LA,TB,7,7,25.67,245.67,123.67,1.67,16.33,6.67,212.33,93.0,2.67,1.0,0.78,22.67,260.67,121.67,1.67,25.67,8.0,278.33,69.67,3.0,0.33,0.78,0
1001,2019,4,CHI,MIN,6,7,16.67,193.0,96.33,0.67,13.0,8.67,275.67,68.67,3.67,1.33,0.83,26.0,167.33,193.67,1.0,15.67,8.33,251.67,101.67,3.33,1.0,0.75,1
1002,2019,4,DEN,JAX,7,10,15.33,257.67,111.33,1.33,22.33,6.33,204.67,109.33,0.0,0.0,0.86,19.33,255.67,90.67,1.0,20.0,7.67,280.33,110.0,4.0,0.0,1.0,0
1003,2019,4,NO,DAL,7,7,24.0,250.0,97.67,0.67,27.33,9.67,319.0,134.33,3.0,0.33,0.86,32.33,306.67,179.0,0.67,14.67,7.33,257.67,90.0,1.67,0.0,0.67,1
1004,2019,4,PIT,CIN,8,8,16.33,212.33,64.0,1.33,28.33,5.67,316.67,139.33,2.0,0.67,1.0,18.0,326.33,41.67,2.33,27.67,7.33,250.0,168.67,1.67,0.67,0.67,1
1005,2019,5,SEA,LA,4,4,25.75,285.25,111.5,1.0,22.25,8.0,255.75,79.5,2.5,0.5,0.67,29.25,313.5,99.75,2.25,26.0,8.25,255.5,91.75,2.5,1.0,0.82,1
1006,2019,5,CAR,JAX,7,7,23.75,266.25,108.25,2.0,20.0,5.0,181.75,130.75,4.5,1.0,0.91,21.0,245.0,135.25,0.75,21.0,8.75,286.0,99.5,3.0,0.25,1.0,1
1007,2019,5,CIN,ARI,6,7,14.25,287.5,49.5,2.25,27.5,7.5,252.5,143.0,1.25,0.5,0.71,18.5,267.75,92.0,1.0,28.75,7.25,289.5,146.5,2.75,0.0,0.83,0
1008,2019,5,HOU,ATL,7,7,19.5,234.5,120.25,1.0,19.5,7.0,283.25,104.5,3.25,0.25,0.6,17.5,331.25,70.25,2.0,24.75,10.5,222.5,109.5,1.25,0.5,0.6,1
1009,2019,5,NO,TB,7,7,21.0,235.75,102.5,0.75,23.0,9.5,295.0,112.0,2.5,0.5,0.91,30.75,291.75,113.25,1.5,29.25,9.0,338.0,59.25,2.75,1.0,0.82,1
1010,2019,5,NYG,MIN,7,7,21.75,283.5,129.0,2.5,24.25,6.5,295.5,109.75,2.5,1.25,0.75,21.0,183.75,155.25,1.25,15.75,8.0,239.75,94.25,2.75,0.75,0.75,0
1011,2019,5,OAK,CHI,7,7,0.0,0.0,0.0,0.0,0.0,0.0,0.0,0.0,0.0,0.0,0.0,16.5,195.75,90.25,0.5,11.25,8.25,265.0,61.5,4.25,1.0,0.89,1
1012,2019,5,PHI,NYJ,10,14,27.5,246.75,118.75,1.0,26.25,6.5,330.75,62.0,0.75,1.0,1.0,11.0,158.0,65.67,0.67,23.33,8.33,299.67,88.67,1.67,1.33,0.5,1
1013,2019,5,PIT,BAL,6,7,19.0,224.25,64.5,1.25,22.0,5.25,280.25,122.75,3.5,0.75,1.0,33.75,291.25,205.75,0.75,25.0,6.0,313.75,93.5,2.0,0.75,1.0,0
1014,2019,5,TEN,BUF,7,7,22.75,233.25,119.0,0.0,15.5,6.25,258.0,103.75,3.0,1.0,0.8,19.0,257.5,147.25,2.5,15.75,7.75,206.25,84.25,1.75,1.25,0.67,0
1015,2019,5,WAS,NE,7,7,16.5,269.25,49.75,2.25,29.5,9.75,259.5,147.5,1.25,1.0,0.8,30.5,276.75,91.25,0.75,6.75,7.0,210.0,61.25,4.5,2.5,0.88,0
1016,2019,5,LAC,DEN,7,7,22.5,315.25,103.5,1.0,18.5,7.25,241.5,102.0,2.25,0.75,0.78,17.5,269.0,100.5,1.25,23.25,6.0,206.75,149.25,1.25,0.0,0.88,0
1017,2019,5,DAL,GB,7,10,26.75,285.75,145.5,1.25,14.0,7.0,241.5,96.75,2.5,0.25,0.75,21.25,267.25,86.25,1.0,17.25,7.0,207.75,142.25,3.0,1.0,0.83,0
1018,2019,5,KC,IND,7,7,33.75,377.5,101.75,0.75,23.5,6.5,276.5,149.75,2.75,0.75,0.89,23.5,227.75,132.5,1.0,25.5,5.0,245.0,132.5,2.25,0.5,0.57,0
1019,2019,5,SF,CLE,15,8,32.0,251.67,175.0,2.33,18.0,8.33,226.33,75.0,3.0,1.67,0.75,22.25,286.75,115.0,1.5,22.75,10.25,241.0,119.75,3.5,1.0,1.0,1
1020,2019,6,NE,NYG,4,4,31.0,291.0,99.0,0.8,6.8,7.0,192.4,78.0,4.8,2.2,0.9,19.4,263.2,116.0,2.2,25.0,6.2,297.6,130.0,2.6,1.0,0.8,1
1021,2019,6,TB,CAR,7,7,29.4,274.2,109.4,1.2,29.6,8.0,339.4,69.8,2.2,1.0,0.83,25.8,249.2,143.6,1.6,21.4,5.6,220.2,134.4,4.0,0.8,0.77,0
1022,2019,6,BAL,CIN,7,7,32.2,265.2,192.2,1.2,24.6,7.0,291.6,90.2,1.8,0.8,1.0,16.0,282.4,61.2,1.8,27.2,7.4,252.6,167.6,1.2,0.4,0.8,1
1023,2019,6,CLE,SEA,6,10,18.4,253.4,112.4,1.8,24.4,9.6,229.0,150.8,3.2,0.8,1.0,26.6,281.8,122.6,1.0,23.6,7.4,283.6,80.0,2.0,0.6,0.6,0
1024,2019,6,JAX,NO,7,7,22.2,270.8,138.0,1.2,23.6,8.8,265.0,136.6,3.0,0.2,1.0,23.0,257.6,104.4,0.8,23.2,8.8,276.8,108.4,3.2,0.4,0.92,0
1025,2019,6,KC,HOU,7,7,29.6,366.2,88.6,0.8,22.6,7.4,251.4,155.8,2.2,0.8,0.91,26.2,272.8,129.4,0.8,22.0,7.4,292.6,95.0,3.0,0.4,0.71,0
1026,2019,6,MIA,WAS,14,7,6.5,196.25,51.75,2.0,40.75,5.75,301.5,175.75,1.25,0.25,0.57,14.6,239.8,68.8,2.2,30.2,9.0,277.2,144.0,1.8,1.0,0.8,0
1027,2019,6,MIN,PHI,7,7,22.4,208.2,166.4,1.2,14.6,8.8,228.2,88.2,3.0,0.8,0.88,28.2,235.2,111.8,0.8,22.2,7.0,288.6,63.0,2.6,1.2,1.0,1
1028,2019,6,ARI,ATL,7,7,20.0,264.8,126.8,0.8,27.6,8.2,284.0,138.8,2.4,0.0,0.82,20.4,331.0,67.6,1.8,30.4,9.8,263.2,120.8,1.0,0.4,0.67,1
1029,2019,6,LA,SF,10,6,29.2,329.8,96.2,2.2,26.8,7.8,258.0,106.8,2.2,0.8,0.8,31.75,234.0,200.0,1.75,14.25,7.25,199.75,81.75,3.25,1.75,0.58,0
1030,2019,6,DEN,TEN,7,7,18.0,251.6,118.6,1.4,21.2,7.2,207.6,126.4,1.0,0.4,0.82,19.6,223.2,115.6,0.0,15.2,6.6,250.2,104.8,3.2,1.0,0.44,1
1031,2019,6,NYJ,DAL,7,7,9.75,148.5,66.0,1.25,25.25,8.5,272.0,87.5,1.5,1.0,0.33,26.2,321.2,140.8,1.6,18.0,7.8,240.8,101.4,2.4,0.2,0.57,1
1032,2019,6,LAC,PIT,7,7,20.6,294.4,89.8,1.4,18.8,6.6,229.6,119.8,2.4,0.8,0.75,19.8,220.0,67.0,1.4,22.8,6.4,256.4,125.8,3.8,1.2,1.0,0
1033,2019,6,GB,DET,8,15,23.8,261.4,93.0,0.8,18.6,7.4,258.8,138.2,3.0,1.4,0.88,24.25,280.5,120.5,1.25,23.75,8.5,293.75,124.75,2.25,0.5,0.78,1
1034,2019,7,DEN,KC,4,4,17.67,239.17,116.0,1.33,17.67,7.33,207.5,111.83,2.0,0.83,0.86,28.67,350.67,82.67,1.0,24.0,8.0,256.17,161.83,1.83,1.0,0.85,0
1035,2019,7,ATL,LA,7,7,22.5,335.17,73.5,1.5,31.0,9.5,276.0,117.67,0.83,0.33,0.75,25.5,287.83,98.33,2.0,25.67,7.83,255.5,105.5,2.17,0.83,0.8,0
1036,2019,7,BUF,MIA,14,7,18.0,249.8,139.6,2.2,14.0,8.4,201.6,87.8,2.4,1.0,0.67,8.4,200.4,58.2,2.0,36.0,5.6,274.4,169.6,1.0,0.2,0.62,1
1037,2019,7,CIN,JAX,7,7,16.17,274.5,56.5,1.67,26.5,6.83,249.83,184.5,1.17,0.33,0.82,19.5,252.83,127.5,1.17,21.83,7.67,260.83,131.17,3.0,0.17,1.0,0
1038,2019,7,DET,MIN,6,7,23.8,277.4,107.6,1.0,23.6,8.4,291.6,133.8,2.0,0.6,0.86,25.0,229.0,159.0,1.33,15.5,8.0,241.17,91.5,2.83,1.0,0.89,0
1039,2019,7,GB,OAK,6,14,23.67,265.0,105.83,1.0,19.17,7.17,259.83,124.5,3.0,1.17,0.91,0.0,0.0,0.0,0.0,0.0,0.0,0.0,0.0,0.0,0.0,0.0,1
1040,2019,7,IND,HOU,14,7,22.6,212.4,142.0,1.0,23.0,5.4,260.2,113.2,2.6,0.4,0.73,27.0,274.0,139.83,1.17,22.33,7.83,289.33,88.0,2.67,0.5,0.67,1
1041,2019,7,NYG,ARI,10,7,18.5,246.17,105.33,2.5,26.67,6.0,303.67,127.33,2.67,1.0,0.8,22.33,277.33,122.67,0.67,28.5,8.17,296.0,132.83,2.33,0.0,0.84,0
1042,2019,7,WAS,SF,7,7,15.0,227.5,81.5,1.83,27.83,8.5,267.17,134.0,2.33,1.17,0.71,29.4,235.8,179.8,1.8,12.8,6.6,175.4,87.2,3.4,1.4,0.6,0
1043,2019,7,TEN,LAC,7,7,16.33,220.5,102.83,0.5,15.33,6.5,238.0,104.5,2.83,1.0,0.44,20.0,298.67,80.17,1.67,19.67,6.83,213.33,120.5,2.0,0.83,0.71,1
1044,2019,7,CHI,NO,14,7,17.4,202.8,80.6,0.8,13.8,8.6,257.8,83.0,3.4,0.8,0.89,21.33,254.67,104.33,0.67,20.33,7.83,257.83,102.83,3.0,0.5,0.93,0
1045,2019,7,SEA,BAL,7,7,27.5,284.0,130.5,1.0,24.33,7.83,277.83,92.83,1.67,1.0,0.71,30.67,260.33,205.0,1.17,23.33,7.5,282.17,80.67,1.83,0.83,1.0,0
1046,2019,7,DAL,PHI,7,7,25.5,314.0,138.83,1.33,19.0,8.0,257.0,93.83,2.33,0.33,0.64,26.83,247.0,111.17,1.17,24.83,7.0,296.0,72.83,2.33,1.17,1.0,1
1047,2019,7,NYJ,NE,8,11,12.6,186.4,64.0,1.2,24.6,8.4,273.2,95.8,1.4,0.8,0.5,31.67,298.17,101.5,1.0,8.0,6.33,187.17,73.67,4.17,2.33,0.82,0
1048,2019,8,MIN,WAS,4,4,27.43,244.57,160.0,1.14,17.57,7.71,258.71,90.0,2.71,1.0,0.8,12.86,206.0,84.71,1.71,25.14,8.29,250.57,134.43,2.29,1.14,0.62,1
1049,2019,8,ATL,SEA,7,7,20.71,319.29,68.43,1.57,31.86,8.86,278.14,113.71,0.71,0.29,0.7,25.86,277.86,127.0,1.14,25.14,7.0,258.57,108.0,1.57,0.86,0.73,0
1050,2019,8,BUF,PHI,7,7,20.17,241.83,135.83,1.83,15.17,8.5,215.0,91.33,2.17,1.0,0.78,24.43,239.0,111.71,1.57,26.57,6.71,287.86,89.43,2.43,1.14,1.0,0
1051,2019,8,CHI,LAC,7,7,18.67,210.83,70.0,1.0,17.5,7.67,261.67,94.33,3.0,0.67,0.9,20.0,303.0,74.29,1.57,20.14,6.43,229.0,117.14,2.0,0.86,0.75,0
1052,2019,8,DET,NYG,7,7,24.83,291.83,103.17,1.0,26.67,8.33,299.33,139.17,1.67,0.5,0.87,18.86,242.86,105.57,2.57,26.71,6.0,275.14,131.43,2.57,0.86,0.67,1
1053,2019,8,IND,DEN,7,10,23.83,231.33,128.67,1.0,23.0,5.5,268.17,111.0,2.67,0.67,0.73,16.0,235.43,109.57,1.29,19.43,6.86,205.43,107.29,1.86,0.71,0.8,1
1054,2019,8,JAX,NYJ,7,6,20.57,253.14,140.14,1.0,21.14,8.14,263.0,117.14,2.86,0.57,1.0,10.5,169.67,66.83,1.83,26.0,8.33,269.17,92.17,1.17,0.83,0.5,1
1055,2019,8,LA,CIN,7,7,27.14,288.29,97.14,1.71,23.43,7.43,251.0,95.86,2.57,0.86,0.79,16.29,274.71,53.14,2.0,26.57,6.71,250.57,189.0,1.29,0.29,0.83,1
1056,2019,8,NO,ARI,7,7,23.43,258.43,111.0,0.57,21.0,7.29,256.86,90.57,2.86,0.43,0.83,23.0,252.57,127.43,0.57,27.43,8.43,285.57,129.14,3.14,0.14,0.86,1
1057,2019,8,TEN,TB,7,14,17.29,235.14,102.0,0.57,16.0,6.57,251.0,95.14,2.57,0.86,0.5,28.83,295.17,98.17,2.0,30.83,8.17,320.67,68.0,2.17,0.83,0.85,1
1058,2019,8,SF,CAR,7,14,26.0,221.67,172.67,1.67,10.67,5.83,159.0,90.0,3.33,1.17,0.63,27.67,245.5,129.5,1.33,22.17,5.17,250.17,119.0,4.5,1.5,0.72,1
1059,2019,8,HOU,OAK,7,7,26.43,278.86,134.14,1.29,23.43,8.14,294.57,84.29,2.43,0.43,0.75,0.0,0.0,0.0,0.0,0.0,0.0,0.0,0.0,0.0,0.0,0.0,1
1060,2019,8,NE,CLE,6,14,31.86,291.14,97.57,1.0,6.86,6.43,172.71,74.71,3.71,2.57,0.83,20.0,252.67,119.83,2.17,25.67,9.5,240.0,154.0,3.17,0.67,1.0,1
1061,2019,8,KC,GB,10,7,28.86,328.14,82.29,0.86,21.43,7.71,250.0,148.86,2.86,0.86,0.88,26.29,288.43,99.29,0.86,19.86,6.57,269.71,128.86,2.57,1.14,0.91,0
1062,2019,8,PIT,MIA,15,8,20.5,205.33,76.5,1.33,21.83,6.33,267.0,110.17,3.33,1.33,1.0,10.5,214.0,66.67,2.0,35.17,5.67,262.33,160.83,1.17,0.17,0.62,1
1063,2019,9,ARI,SF,4,4,21.25,248.5,116.5,0.5,27.88,8.0,296.5,130.12,2.75,0.25,0.88,29.57,215.0,181.14,1.57,11.0,5.57,158.86,95.71,3.86,1.43,0.65,0
1064,2019,9,JAX,HOU,7,7,21.62,256.38,136.5,1.0,20.38,8.25,257.38,108.25,3.5,0.88,1.0,26.5,278.88,133.62,1.12,23.5,8.0,293.38,85.38,2.12,0.38,0.79,0
1065,2019,9,BUF,WAS,7,10,19.14,231.43,130.43,1.71,17.43,8.43,208.86,109.43,2.29,0.86,0.7,12.38,200.62,84.75,1.75,24.38,7.75,254.88,137.75,2.38,1.0,0.73,1
1066,2019,9,CAR,TEN,7,7,25.57,233.0,129.57,1.57,26.29,5.71,239.43,135.14,4.29,1.43,0.74,18.5,229.88,98.25,0.62,16.88,6.5,257.25,96.5,2.62,1.0,0.58,1
1067,2019,9,KC,MIN,7,10,28.25,320.5,83.0,0.88,22.62,7.12,256.88,145.0,3.12,0.75,0.83,26.38,249.62,160.12,1.12,16.5,7.62,246.75,89.38,2.88,1.0,0.86,1
1068,2019,9,MIA,NYJ,6,7,11.0,210.57,65.71,2.29,34.0,5.57,260.71,160.43,1.29,0.29,0.62,11.14,176.57,63.86,2.0,26.43,8.57,270.57,94.86,1.29,0.71,0.5,1
1069,2019,9,PHI,CHI,7,7,25.25,230.62,125.0,1.38,24.88,6.38,273.0,90.5,2.62,1.0,1.0,18.29,216.86,83.14,1.14,17.43,7.29,253.0,86.0,2.71,0.71,0.8,1
1070,2019,9,PIT,IND,6,7,21.43,211.86,88.14,1.29,20.71,6.71,256.0,103.0,3.43,1.43,0.93,22.57,227.14,128.43,1.0,21.57,6.14,254.71,111.29,2.71,0.57,0.73,1
1071,2019,9,OAK,DET,7,7,0.0,0.0,0.0,0.0,0.0,0.0,0.0,0.0,0.0,0.0,0.0,25.71,299.0,96.86,1.14,26.57,8.14,302.57,130.71,1.86,0.43,0.82,1
1072,2019,9,SEA,TB,7,7,26.0,265.88,130.0,1.0,24.5,7.25,283.75,103.12,1.62,0.88,0.77,28.0,296.0,99.29,2.29,30.29,8.29,302.43,68.57,2.29,0.71,0.88,1
1073,2019,9,DEN,CLE,7,7,15.62,227.75,110.0,1.12,18.88,7.25,205.0,109.75,2.12,0.62,0.82,19.0,244.29,125.43,2.29,25.86,10.0,242.71,143.29,3.14,0.57,1.0,1
1074,2019,9,LAC,GB,7,7,19.62,290.25,69.5,1.5,19.62,6.62,232.0,122.75,2.12,0.88,0.72,26.88,290.5,101.62,0.75,20.38,6.25,269.38,123.75,2.5,1.0,0.92,1
1075,2019,9,BAL,NE,14,7,30.57,243.57,204.14,1.0,22.29,7.57,276.29,84.29,1.71,0.86,1.0,31.25,287.12,95.25,0.88,7.62,6.12,175.38,85.25,3.88,2.38,0.75,1
1076,2019,9,NYG,DAL,8,15,19.75,252.75,102.38,2.38,27.25,5.88,283.5,122.38,2.75,0.88,0.67,27.14,303.29,146.0,1.29,17.71,7.71,247.57,96.86,2.43,0.43,0.71,0
1077,2019,10,OAK,LAC,4,4,0.0,0.0,0.0,0.0,0.0,0.0,0.0,0.0,0.0,0.0,0.0,20.33,290.67,79.44,1.33,18.67,6.44,224.11,114.11,2.22,0.78,0.74,1
1078,2019,10,CHI,DET,7,7,17.75,205.38,80.5,1.0,18.0,7.5,251.25,93.5,2.88,0.62,0.8,25.5,312.38,96.0,1.25,27.12,7.75,300.88,135.75,1.75,0.38,0.83,1
1079,2019,10,CIN,BAL,14,7,15.5,281.5,59.5,1.75,26.25,6.62,265.75,177.62,1.12,0.25,0.85,31.38,233.5,204.88,1.0,22.0,7.12,277.38,83.0,1.75,0.88,1.0,0
1080,2019,10,CLE,BUF,7,7,19.0,247.88,121.0,2.0,25.62,9.38,236.5,141.25,3.12,0.5,1.0,19.75,222.5,129.38,1.5,16.38,7.62,200.75,111.62,2.5,0.75,0.73,1
1081,2019,10,NO,ATL,14,14,24.38,272.75,114.25,0.62,19.5,6.62,252.25,84.25,2.88,0.38,0.8,20.62,336.88,68.5,1.75,31.25,8.38,266.12,118.38,0.88,0.25,0.64,0
1082,2019,10,NYJ,NYG,7,6,12.0,187.0,66.25,1.88,26.38,8.75,272.75,89.25,1.62,0.62,0.62,19.56,248.0,102.11,2.44,28.33,6.11,280.56,127.89,2.44,0.89,0.8,1
1083,2019,10,TB,ARI,7,10,28.75,300.88,99.25,2.12,31.5,8.5,311.88,78.12,2.38,0.62,0.84,21.67,247.67,120.56,0.44,27.89,8.11,298.78,126.89,2.56,0.22,0.88,1
1084,2019,10,TEN,KC,7,7,18.67,241.11,100.78,0.89,18.33,7.0,254.44,103.11,2.67,1.0,0.47,28.0,315.44,90.11,0.78,22.67,6.78,252.78,139.56,2.89,0.67,0.86,1
1085,2019,10,IND,MIA,7,7,22.75,227.12,129.75,1.12,22.12,6.25,246.75,108.62,2.5,0.62,0.71,12.88,220.25,63.75,2.0,32.0,5.62,260.62,150.75,1.5,0.38,0.6,0
1086,2019,10,GB,CAR,7,7,25.11,276.11,95.33,0.67,21.0,6.44,272.11,127.67,2.44,0.89,0.92,26.12,232.88,132.88,1.5,25.5,5.75,250.88,133.38,4.25,1.5,0.71,1
1087,2019,10,PIT,LA,7,14,22.0,209.25,88.38,1.38,21.12,6.5,252.38,107.5,3.62,1.38,0.94,26.75,298.75,97.25,1.5,21.75,7.62,260.75,96.88,2.88,0.75,0.8,1
1088,2019,10,DAL,MIN,6,7,28.38,297.5,149.25,1.38,17.75,8.0,242.88,97.25,2.75,0.5,0.72,26.0,246.33,153.0,1.0,17.56,7.11,249.89,95.78,3.11,0.89,0.87,0
1089,2019,10,SF,SEA,11,8,29.38,227.75,171.12,1.38,12.75,5.88,169.12,102.88,3.75,1.25,0.65,27.56,278.33,131.67,1.0,25.56,6.89,289.44,102.67,1.67,0.78,0.71,0
1090,2019,11,CLE,PIT,4,4,19.0,246.78,123.89,1.78,24.56,8.78,239.78,134.89,2.89,0.44,1.0,21.44,212.89,83.22,1.33,20.11,7.22,251.33,105.33,3.67,1.56,0.95,1
1091,2019,11,BAL,HOU,7,14,33.33,234.56,197.22,1.0,21.0,6.89,265.11,91.22,1.78,0.89,1.0,26.44,270.22,142.78,1.11,21.22,7.89,295.11,84.11,2.33,0.56,0.76,1
1092,2019,11,CAR,ATL,7,7,25.0,241.11,131.44,1.56,25.33,5.67,248.89,136.67,4.0,1.33,0.73,21.22,319.67,76.78,1.67,28.78,8.22,270.33,111.0,1.44,0.22,0.72,0
1093,2019,11,DET,DAL,7,7,24.11,307.56,96.22,1.22,26.33,7.78,286.67,129.67,2.11,0.33,0.85,27.89,308.56,138.22,1.33,18.89,7.67,240.33,103.44,2.56,0.44,0.7,0
1094,2019,11,IND,JAX,7,14,21.56,224.56,127.44,1.33,21.44,5.89,238.11,104.33,2.56,0.67,0.74,19.56,262.22,129.56,1.33,21.0,7.78,251.11,120.22,3.22,0.78,1.0,1
1095,2019,11,MIA,BUF,7,7,13.22,214.56,64.44,2.0,29.78,5.44,254.33,146.11,1.44,0.67,0.69,19.33,227.33,124.33,1.33,16.67,7.56,204.89,115.56,2.44,0.67,0.62,0
1096,2019,11,MIN,DEN,7,14,26.2,243.7,153.0,0.9,18.2,6.9,264.6,91.2,2.9,0.9,0.88,16.56,223.89,111.89,1.11,18.89,7.22,212.56,107.56,2.11,0.56,0.83,1
1097,2019,11,TB,NO,7,7,28.89,307.22,101.33,2.22,31.0,8.56,316.11,77.78,2.33,0.67,0.86,22.67,276.22,107.33,0.56,20.22,7.22,244.44,90.78,2.67,0.44,0.83,0
1098,2019,11,WAS,NYJ,14,7,12.0,194.33,89.44,1.56,24.33,7.22,244.33,136.0,2.33,0.89,0.79,14.44,191.78,67.33,1.67,26.44,8.56,276.67,81.89,2.11,0.56,0.64,0
1099,2019,11,SF,ARI,6,7,28.78,230.0,161.78,1.56,14.33,5.78,176.11,107.78,3.89,1.22,0.67,22.2,257.9,116.0,0.6,28.1,8.4,304.7,126.0,2.7,0.4,0.89,1
1100,2019,11,OAK,CIN,10,7,0.0,0.0,0.0,0.0,0.0,0.0,0.0,0.0,0.0,0.0,0.0,15.22,268.78,70.33,1.89,28.78,6.0,263.22,173.0,1.11,0.33,0.87,1
1101,2019,11,PHI,NE,14,14,24.89,231.56,127.33,1.22,23.67,6.56,256.56,87.33,2.67,0.89,1.0,30.0,286.89,92.89,1.0,10.89,6.22,174.0,99.11,3.56,2.11,0.78,0
1102,2019,11,LA,CHI,7,7,25.11,292.56,96.22,1.78,21.22,7.89,258.67,90.78,2.89,0.67,0.77,18.0,201.78,80.56,0.89,17.44,7.44,253.22,94.0,2.78,0.67,0.8,1
1103,2019,11,LAC,KC,11,8,20.7,282.3,86.1,1.5,19.4,6.6,223.5,110.5,2.3,0.7,0.75,28.4,328.5,90.8,0.8,23.9,7.0,245.6,148.1,3.0,0.6,0.85,0
1104,2019,12,HOU,IND,4,4,24.5,260.1,140.7,1.2,23.2,7.6,289.1,101.3,2.1,0.5,0.72,22.7,216.9,141.1,1.3,20.6,5.6,243.9,96.8,2.5,0.7,0.75,1
1105,2019,12,ATL,TB,7,7,22.0,319.1,74.5,1.5,26.2,7.7,275.8,107.6,1.8,0.6,0.73,27.7,307.8,94.8,2.4,31.3,8.4,307.3,80.9,2.2,0.6,0.87,0
1106,2019,12,BUF,DEN,7,7,21.1,230.2,128.7,1.2,17.0,7.3,216.7,106.3,2.9,0.6,0.69,17.2,229.3,113.1,1.1,19.7,7.1,223.2,100.5,2.4,0.5,0.82,1
1107,2019,12,CHI,NYG,7,14,16.9,201.5,79.9,0.9,17.4,6.9,245.2,95.6,2.5,0.7,0.71,20.3,254.0,94.2,2.3,28.9,6.1,275.5,122.7,2.4,0.8,0.8,1
1108,2019,12,CIN,PIT,7,10,14.7,253.4,80.6,1.9,27.6,5.8,266.1,167.0,1.3,0.4,0.82,20.0,213.7,80.7,1.6,20.2,7.1,245.5,105.2,3.4,1.4,0.9,0
1109,2019,12,CLE,MIA,10,7,19.2,241.4,121.9,1.6,22.8,8.7,237.9,127.2,3.0,0.8,0.89,13.9,225.4,60.3,1.9,30.5,5.5,254.5,148.3,1.3,0.6,0.69,1
1110,2019,12,NO,CAR,7,7,23.8,271.4,107.5,0.5,19.9,7.4,251.3,85.3,2.6,0.8,0.84,22.8,249.5,126.0,1.8,25.7,5.9,255.4,128.4,3.9,1.2,0.74,1
1111,2019,12,NYJ,OAK,7,7,16.4,201.9,72.1,1.6,25.5,8.3,270.4,79.1,2.5,0.6,0.58,0.0,0.0,0.0,0.0,0.0,0.0,0.0,0.0,0.0,0.0,0.0,1
1112,2019,12,PHI,SEA,7,13,23.4,229.8,122.7,1.2,23.0,6.6,254.0,86.0,2.5,0.8,1.0,27.5,273.7,133.2,1.2,25.4,7.1,285.3,101.1,2.0,0.8,0.74,0
1113,2019,12,WAS,DET,7,7,12.5,196.3,85.9,1.5,25.3,7.6,249.2,133.9,2.3,0.9,0.75,24.4,297.7,98.7,1.1,27.2,8.1,302.4,124.2,2.0,0.3,0.85,1
1114,2019,12,TEN,JAX,14,7,20.3,235.1,113.2,0.9,19.7,7.1,273.6,102.5,2.6,0.9,0.47,18.9,265.6,119.5,1.3,22.2,7.8,240.8,134.6,3.2,0.8,0.96,1
1115,2019,12,NE,DAL,7,7,28.7,281.3,91.0,0.9,10.8,6.2,178.0,97.3,3.7,1.9,0.81,28.6,322.1,131.9,1.3,19.7,7.5,237.2,105.2,2.6,0.4,0.73,1
1116,2019,12,SF,GB,7,14,29.5,249.4,149.0,1.6,15.5,6.2,173.5,110.5,3.9,1.1,0.68,25.0,271.8,102.1,0.6,20.5,6.8,275.6,126.9,2.5,0.9,0.93,1
1117,2019,12,LA,BAL,8,8,24.3,280.6,97.6,1.8,19.8,7.7,252.7,89.1,2.9,0.7,0.78,34.1,234.6,203.1,0.9,19.6,7.0,255.5,94.3,2.3,0.9,0.95,0
1118,2019,13,DET,CHI,4,4,23.64,289.45,105.64,1.36,26.45,7.91,289.09,120.73,2.09,0.36,0.83,17.09,208.45,78.55,1.0,17.09,6.82,236.55,96.82,2.36,0.64,0.74,0
1119,2019,13,DAL,BUF,4,4,26.82,312.09,129.82,1.27,19.09,7.45,232.91,104.82,2.55,0.36,0.73,21.0,226.09,139.18,1.18,15.73,7.73,204.45,104.36,3.0,0.64,0.72,0
1120,2019,13,ATL,NO,4,4,22.0,319.73,72.91,1.55,27.0,7.64,279.18,109.91,1.64,0.73,0.76,24.73,275.0,108.45,0.55,20.91,7.82,251.73,88.55,2.73,0.73,0.85,0
1121,2019,13,BAL,SF,6,7,35.09,232.18,210.55,0.82,18.36,7.09,251.55,87.73,2.27,1.0,0.95,30.18,249.73,145.64,1.45,14.82,6.45,168.55,111.09,4.0,1.0,0.71,1
1122,2019,13,CAR,WAS,7,7,23.55,250.09,125.55,1.64,26.45,5.64,260.45,127.45,3.73,1.18,0.73,13.09,192.64,85.91,1.55,24.45,7.64,245.36,137.64,2.64,1.09,0.8,0
1123,2019,13,CIN,NYJ,7,7,14.27,247.82,81.09,1.91,26.55,5.91,260.36,166.27,1.45,0.45,0.83,18.0,212.18,73.55,1.45,23.45,7.91,259.18,78.09,2.36,0.64,0.6,1
1124,2019,13,IND,TEN,10,7,22.18,208.91,144.18,1.18,20.55,5.36,248.82,97.0,2.36,0.73,0.76,22.27,237.27,122.82,1.0,19.73,7.0,273.45,103.82,2.64,0.82,0.47,0
1125,2019,13,JAX,TB,7,7,19.0,266.18,119.27,1.18,24.0,8.09,242.45,142.27,3.0,0.73,0.96,28.36,308.27,98.27,2.36,30.45,8.36,309.0,78.73,2.55,0.64,0.88,0
1126,2019,13,MIA,PHI,7,7,14.82,224.36,63.18,1.91,31.45,5.73,261.09,148.18,1.27,0.64,0.71,22.09,232.18,121.18,1.55,22.45,6.18,249.09,94.0,2.82,0.82,1.0,1
1127,2019,13,NYG,GB,7,7,19.73,244.55,95.55,2.18,28.0,6.09,275.73,117.45,2.36,0.91,0.67,23.45,257.91,103.45,0.64,22.0,6.64,273.55,125.55,2.55,0.82,0.93,0
1128,2019,13,PIT,CLE,7,7,19.64,212.73,87.82,1.55,19.27,7.36,240.64,103.45,3.45,1.27,0.91,21.18,249.18,124.18,1.55,22.91,8.55,235.73,124.0,3.09,0.91,0.86,1
1129,2019,13,ARI,LA,14,6,22.55,248.09,117.73,0.73,28.82,8.55,315.55,117.64,2.64,0.55,0.9,22.64,274.36,90.73,1.82,22.09,7.73,248.64,106.91,2.91,0.64,0.8,0
1130,2019,13,DEN,LAC,7,13,15.91,215.91,110.55,1.09,19.73,7.09,219.73,113.55,2.27,0.55,0.83,20.36,288.73,86.73,1.73,19.82,6.82,219.73,112.27,2.18,0.73,0.75,1
1131,2019,13,KC,OAK,13,7,28.0,315.18,94.36,0.82,23.27,7.09,255.36,143.09,2.91,0.91,0.86,0.0,0.0,0.0,0.0,0.0,0.0,0.0,0.0,0.0,0.0,0.0,1
1132,2019,13,HOU,NE,10,7,24.09,263.55,136.91,1.18,22.64,7.27,274.55,108.0,2.0,0.45,0.75,27.27,273.0,91.91,0.82,10.64,6.18,181.09,98.36,3.36,1.82,0.76,1
1133,2019,13,SEA,MIN,8,15,26.55,267.0,136.91,1.27,23.91,7.55,282.64,101.55,2.09,0.91,0.75,26.27,250.55,142.45,0.91,18.64,6.73,265.82,94.18,2.82,0.91,0.88,1
1134,2019,14,CHI,DAL,7,7,17.67,219.25,79.33,1.0,17.33,7.08,240.17,97.5,2.33,0.67,0.75,25.83,315.67,127.58,1.33,19.67,7.25,235.08,106.42,2.67,0.33,0.68,1
1135,2019,14,ATL,CAR,10,7,21.67,319.08,74.25,1.67,26.92,7.33,271.25,108.67,1.5,0.67,0.75,23.33,252.42,120.5,1.67,26.67,5.58,251.0,137.5,3.83,1.08,0.73,1
1136,2019,14,BUF,BAL,10,7,21.42,228.83,137.92,1.08,15.67,7.67,217.0,104.25,3.08,0.67,0.71,33.83,221.58,207.83,0.83,18.25,6.75,244.33,94.92,2.25,0.92,0.96,0
1137,2019,14,CLE,CIN,7,7,20.5,244.75,122.67,1.58,22.67,8.25,233.75,124.0,2.92,0.92,0.87,14.92,247.42,78.0,1.75,24.83,5.58,258.58,157.58,1.67,0.42,0.81,1
1138,2019,14,GB,WAS,7,7,24.08,256.67,101.42,0.58,21.25,6.67,270.75,123.0,2.33,1.0,0.93,14.42,188.83,99.42,1.42,24.17,7.5,248.08,131.58,3.0,1.08,0.79,1
1139,2019,14,HOU,DEN,7,7,24.42,261.58,129.83,1.08,22.58,7.33,278.83,111.08,2.08,0.5,0.75,16.5,209.08,108.33,1.08,19.75,6.75,223.5,113.67,2.33,0.58,0.85,0
1140,2019,14,MIN,DET,6,10,26.58,252.67,137.08,1.0,20.17,6.42,263.67,104.5,2.75,0.92,0.89,23.33,288.67,105.58,1.33,26.25,8.0,293.17,118.0,2.0,0.42,0.85,1
1141,2019,14,NO,SF,10,7,24.83,267.42,107.33,0.5,20.67,7.92,256.75,88.58,3.25,0.83,0.87,29.08,242.67,148.0,1.42,15.25,6.42,163.25,116.67,3.75,0.92,0.7,0
1142,2019,14,NYJ,MIA,7,7,17.0,214.42,72.58,1.33,23.33,8.08,257.83,75.25,2.25,0.58,0.65,16.67,236.17,62.75,1.83,31.42,5.83,265.17,143.5,1.33,0.67,0.73,1
1143,2019,14,TB,IND,7,7,28.33,304.92,96.25,2.25,28.83,8.33,303.25,76.25,2.75,0.75,0.88,21.75,218.08,139.0,1.33,21.42,5.42,243.25,101.75,2.67,0.67,0.68,1
1144,2019,14,JAX,LAC,7,7,18.33,264.0,113.42,1.42,24.33,8.75,244.58,136.58,3.08,0.67,0.96,20.33,286.75,89.08,1.67,20.08,6.83,212.58,109.92,2.0,0.75,0.74,0
1145,2019,14,ARI,PIT,7,7,21.25,241.0,114.08,0.75,29.25,8.0,324.83,118.83,2.5,0.5,0.9,19.67,212.67,90.83,1.5,18.75,7.58,236.92,103.67,3.58,1.25,0.92,0
1146,2019,14,NE,KC,7,7,26.83,277.42,96.33,0.83,12.08,6.33,186.0,94.5,3.33,1.67,0.77,29.0,303.5,94.5,0.75,22.08,6.5,252.58,141.33,2.83,1.0,0.86,0
1147,2019,14,OAK,TEN,7,7,0.0,0.0,0.0,0.0,0.0,0.0,0.0,0.0,0.0,0.0,0.0,23.0,232.67,125.42,1.08,19.5,6.67,277.25,102.0,2.67,0.92,0.5,0
1148,2019,14,LA,SEA,7,6,23.58,287.08,94.17,1.67,20.83,7.75,241.5,104.17,3.17,0.67,0.79,27.42,264.75,143.67,1.33,24.42,7.0,282.08,99.58,1.92,0.92,0.78,1
1149,2019,14,PHI,NYG,8,8,22.83,238.67,118.75,1.5,23.67,6.5,258.83,91.0,2.83,0.83,0.94,19.17,244.17,95.5,2.25,28.25,5.92,273.0,114.25,2.17,0.83,0.71,1
1150,2019,15,BAL,NYJ,4,4,33.08,215.69,200.92,0.85,18.15,6.92,236.77,95.62,2.54,0.85,0.96,17.38,218.69,75.62,1.31,23.15,7.85,256.85,78.85,2.23,0.62,0.7,1
1151,2019,15,CAR,SEA,7,7,23.08,255.54,118.92,1.77,27.69,5.69,255.77,139.15,3.62,1.0,0.75,26.23,263.23,140.77,1.31,24.69,7.08,282.92,104.38,1.77,1.0,0.8,0
1152,2019,15,CIN,NE,7,7,15.23,250.54,85.77,1.69,25.0,5.77,253.46,156.69,1.62,0.54,0.84,26.0,271.77,96.15,0.85,12.92,6.23,193.46,93.0,3.15,1.62,0.75,0
1153,2019,15,DET,TB,7,7,22.08,282.23,102.85,1.38,25.77,7.69,289.23,118.15,1.92,0.38,0.81,29.08,317.92,94.62,2.38,29.31,8.15,299.23,75.46,2.62,0.69,0.89,0
1154,2019,15,GB,CHI,7,10,23.77,251.92,107.0,0.62,20.77,6.54,263.0,122.85,2.46,1.0,0.94,18.69,221.15,84.85,1.08,17.85,6.85,247.38,96.31,2.31,0.62,0.76,1
1155,2019,15,KC,DEN,7,7,28.54,301.92,93.0,0.85,21.62,6.77,248.85,137.69,2.85,1.0,0.88,18.15,216.77,106.92,1.08,20.08,6.77,228.77,115.23,2.38,0.69,0.85,1
1156,2019,15,NYG,MIA,6,7,19.0,241.0,93.77,2.08,27.85,6.0,277.0,114.54,2.23,0.77,0.73,17.0,236.85,67.31,1.77,30.69,5.77,265.54,141.08,1.31,0.69,0.78,1
1157,2019,15,TEN,HOU,7,7,24.46,244.85,128.15,1.08,19.62,6.46,276.08,101.62,2.62,0.85,0.47,24.38,263.92,130.15,1.23,23.77,7.46,281.15,109.46,2.0,0.54,0.76,0
1158,2019,15,WAS,PHI,7,6,14.46,187.38,101.08,1.38,23.85,7.15,244.0,134.85,3.08,1.0,0.8,22.85,245.31,118.69,1.46,23.15,6.31,254.54,89.62,2.77,0.77,0.9,0
1159,2019,15,ARI,CLE,7,7,20.92,237.38,110.77,0.92,28.77,7.92,311.54,120.46,2.54,0.46,0.9,21.0,240.69,124.46,1.62,22.38,8.08,237.92,128.23,2.85,0.92,0.88,1
1160,2019,15,LAC,MIN,7,7,22.23,290.85,97.23,1.54,19.31,6.77,209.38,108.23,2.0,0.69,0.75,26.08,251.85,135.77,0.92,19.15,6.54,259.15,101.85,2.92,1.0,0.9,0
1161,2019,15,OAK,JAX,7,7,0.0,0.0,0.0,0.0,0.0,0.0,0.0,0.0,0.0,0.0,0.0,17.69,256.85,111.46,1.31,25.92,8.85,251.92,141.08,2.92,0.62,0.96,0
1162,2019,15,DAL,LA,10,7,25.69,317.08,124.08,1.23,20.54,7.15,235.77,109.85,2.62,0.38,0.67,23.92,287.54,99.38,1.69,20.15,7.38,241.77,104.31,3.31,0.69,0.76,1
1163,2019,15,SF,ATL,7,7,30.54,253.54,149.08,1.38,17.62,6.69,177.54,116.62,3.46,0.85,0.72,23.08,318.62,80.77,1.54,26.38,7.23,272.92,108.0,1.77,0.77,0.78,0
1164,2019,15,PIT,BUF,7,7,19.92,208.0,94.62,1.54,18.62,7.31,233.62,101.15,3.62,1.38,0.93,21.08,222.46,135.31,1.08,16.31,7.46,211.46,105.31,2.92,0.69,0.75,0
1165,2019,15,NO,IND,8,8,26.46,273.69,108.0,0.54,22.77,7.69,266.54,94.23,3.23,0.85,0.88,22.77,220.62,133.38,1.31,22.69,5.23,261.0,99.69,2.54,0.85,0.68,1
1166,2019,16,TB,HOU,7,7,29.71,327.93,91.36,2.29,28.43,8.21,296.43,73.29,2.57,0.79,0.86,24.36,262.43,130.86,1.29,23.57,7.29,281.0,113.29,2.0,0.57,0.77,0
1167,2019,16,NE,BUF,7,7,26.57,261.5,101.79,0.79,12.93,6.07,190.43,98.07,2.93,1.79,0.77,20.79,216.5,134.93,1.14,15.86,7.5,210.79,101.43,3.0,0.93,0.76,1
1168,2019,16,SF,LA,7,7,29.93,249.71,147.0,1.36,18.43,6.71,179.86,114.64,3.36,0.79,0.74,23.71,287.64,93.86,1.64,21.86,7.21,239.64,115.64,3.07,0.64,0.76,1
1169,2019,16,ATL,JAX,7,7,23.5,310.86,81.36,1.43,26.07,7.5,267.71,108.86,1.71,0.71,0.79,17.86,252.86,109.0,1.21,25.21,8.79,253.0,140.14,3.0,0.57,0.97,1
1170,2019,16,CLE,BAL,7,10,21.21,245.14,127.79,1.64,23.5,7.93,238.71,133.0,2.64,0.93,0.85,33.71,215.43,202.14,0.79,18.36,6.86,235.43,96.14,2.43,0.86,0.96,0
1171,2019,16,IND,CAR,6,7,21.64,216.64,127.14,1.21,23.5,5.36,264.29,100.93,2.36,0.79,0.68,23.14,257.07,120.79,1.86,27.86,5.43,257.93,140.21,3.5,1.0,0.76,1
1172,2019,16,MIA,CIN,7,7,17.21,239.86,71.21,1.71,31.07,5.86,266.86,140.86,1.29,0.86,0.77,15.07,243.43,91.36,1.86,25.64,5.71,244.5,158.0,1.64,0.5,0.85,1
1173,2019,16,NYJ,PIT,10,7,17.64,218.64,77.57,1.36,24.5,7.86,253.64,88.79,2.14,0.57,0.67,19.21,207.57,91.5,1.71,18.5,7.21,226.86,103.21,3.43,1.36,0.93,1
1174,2019,16,TEN,NO,7,6,24.21,247.29,130.64,1.07,19.93,6.29,273.71,104.36,2.5,0.93,0.44,27.0,276.07,108.64,0.5,21.64,7.57,259.29,90.79,3.07,0.79,0.89,0
1175,2019,16,WAS,NYG,7,7,15.36,192.64,101.07,1.36,24.79,7.0,245.57,136.43,3.0,0.93,0.81,20.21,244.07,96.93,2.14,27.29,5.86,277.14,115.07,2.29,0.71,0.73,0
1176,2019,16,DEN,DET,7,7,17.07,216.14,103.0,1.07,20.29,6.79,236.71,113.57,2.43,0.71,0.86,21.71,280.64,98.71,1.5,26.64,7.29,301.29,113.21,1.93,0.43,0.82,1
1177,2019,16,LAC,OAK,7,7,21.36,292.0,94.71,1.93,20.71,6.64,209.21,110.29,1.86,0.71,0.76,0.0,0.0,0.0,0.0,0.0,0.0,0.0,0.0,0.0,0.0,0.0,0
1178,2019,16,PHI,DAL,7,7,23.86,246.79,121.43,1.43,23.43,6.36,255.0,90.43,2.64,0.71,0.9,27.0,309.57,134.0,1.14,20.57,6.93,239.57,103.57,2.57,0.43,0.7,1
1179,2019,16,SEA,ARI,7,7,26.5,264.86,141.71,1.29,24.64,6.93,282.5,107.29,1.71,1.14,0.81,22.14,238.21,116.79,0.93,28.43,7.64,310.93,124.07,2.43,0.5,0.9,0
1180,2019,16,CHI,KC,7,7,18.29,229.21,85.64,1.14,18.07,6.64,244.21,96.57,2.21,0.57,0.78,28.14,304.64,92.93,0.86,20.29,6.64,245.93,131.57,2.79,1.0,0.89,0
1181,2019,16,MIN,GB,8,8,27.0,248.64,135.86,0.93,18.5,6.43,262.57,99.0,2.93,1.14,0.92,23.57,248.43,106.5,0.57,20.21,6.36,268.07,120.93,2.5,1.07,0.94,0
1182,2019,17,BUF,NYJ,7,7,20.53,215.93,132.07,1.07,16.4,7.47,214.8,104.2,2.8,0.87,0.77,17.53,216.27,78.07,1.33,23.53,7.53,250.93,87.87,2.27,0.67,0.71,0
1183,2019,17,CAR,NO,7,7,22.0,255.67,118.53,1.93,28.53,5.47,248.67,145.4,3.47,0.93,0.77,27.73,277.6,108.2,0.47,22.07,7.8,260.13,94.67,3.2,0.73,0.89,0
1184,2019,17,CIN,CLE,7,7,16.4,253.6,89.2,1.8,26.47,6.0,256.13,153.87,1.67,0.53,0.86,20.8,241.6,123.07,1.6,24.0,7.87,238.67,140.33,2.47,0.87,0.86,1
1185,2019,17,DET,GB,7,6,21.4,269.73,98.53,1.4,26.67,7.27,294.4,115.67,1.8,0.4,0.83,23.53,246.27,111.67,0.73,19.53,6.07,258.33,116.67,2.67,1.07,0.95,0
1186,2019,17,KC,LAC,7,7,28.0,301.07,93.8,0.8,19.13,6.8,240.0,129.53,2.8,0.93,0.89,21.07,291.13,89.67,1.8,20.93,6.33,214.67,109.53,1.93,0.67,0.76,1
1187,2019,17,MIN,CHI,6,7,25.87,240.2,130.6,0.93,18.8,6.2,259.47,104.67,2.93,1.13,0.92,17.27,224.4,86.67,1.07,18.6,6.67,244.67,97.2,2.13,0.53,0.79,0
1188,2019,17,NE,MIA,7,7,26.4,262.13,104.53,0.8,13.2,5.87,191.6,97.67,3.0,1.67,0.79,18.6,251.8,72.87,1.67,31.33,5.87,275.47,135.4,1.47,0.8,0.75,0
1189,2019,17,TB,ATL,7,7,29.07,328.4,92.33,2.47,28.07,8.07,288.93,72.93,2.73,0.8,0.84,23.53,315.73,84.93,1.47,25.13,7.6,262.4,109.27,1.8,0.67,0.77,0
1190,2019,17,BAL,PIT,7,7,33.53,216.93,204.87,0.8,18.13,6.87,232.53,93.53,2.33,0.87,0.96,18.6,207.93,90.4,1.73,18.33,7.0,223.93,102.0,3.33,1.27,0.93,1
1191,2019,17,DAL,WAS,7,7,25.8,306.6,128.67,1.13,20.33,6.6,244.87,104.53,2.47,0.4,0.72,16.67,199.93,99.67,1.27,25.87,6.93,252.67,141.07,2.87,0.87,0.81,1
1192,2019,17,DEN,OAK,7,7,17.73,214.93,106.13,1.0,20.07,6.73,228.73,112.4,2.53,0.67,0.87,0.0,0.0,0.0,0.0,0.0,0.0,0.0,0.0,0.0,0.0,0.0,1
1193,2019,17,HOU,TEN,7,7,24.27,257.2,126.67,1.33,23.33,7.07,284.6,112.8,2.07,0.8,0.8,24.47,248.93,131.87,1.07,21.13,6.27,275.4,104.2,2.53,0.87,0.44,0
1194,2019,17,JAX,IND,7,7,17.47,248.53,109.4,1.13,25.13,8.6,261.73,139.8,2.87,0.67,0.97,22.73,210.13,133.2,1.13,22.33,5.0,262.4,100.0,2.53,0.93,0.69,1
1195,2019,17,LA,ARI,7,7,24.2,290.0,92.4,1.6,22.67,7.2,240.2,115.87,3.27,0.73,0.74,22.47,233.47,125.87,0.87,27.4,7.47,301.47,121.87,2.6,0.47,0.88,1
1196,2019,17,NYG,PHI,7,7,21.6,251.27,104.2,2.0,27.8,5.73,278.8,112.73,2.33,0.67,0.69,23.4,251.6,121.2,1.33,22.47,6.2,255.67,88.0,2.6,0.67,0.83,0
1197,2019,17,SEA,SF,7,7,25.6,258.47,138.33,1.27,24.8,6.93,274.8,117.0,1.73,1.07,0.82,30.2,249.6,145.13,1.4,19.27,6.47,189.4,111.8,3.13,0.8,0.76,0
1198,2020,2,CLE,CIN,4,4,6.0,189.0,138.0,3.0,38.0,8.0,284.0,111.0,2.0,0.0,0.0,13.0,193.0,122.0,2.0,16.0,7.0,208.0,155.0,2.0,0.0,0.67,1
1199,2020,2,CHI,NYG,7,6,27.0,242.0,149.0,0.0,23.0,6.0,297.0,138.0,1.0,1.0,1.0,16.0,279.0,29.0,2.0,26.0,4.0,229.0,141.0,2.0,0.0,1.0,1
1200,2020,2,DAL,ATL,7,7,17.0,266.0,136.0,0.0,20.0,7.0,275.0,153.0,1.0,1.0,0.5,25.0,450.0,72.0,2.0,38.0,6.0,322.0,84.0,3.0,0.0,1.0,1
1201,2020,2,GB,DET,7,7,43.0,364.0,158.0,0.0,34.0,6.0,259.0,134.0,2.0,1.0,1.0,23.0,297.0,138.0,1.0,27.0,8.0,242.0,149.0,1.0,0.0,0.75,1
1202,2020,2,IND,MIN,7,7,20.0,363.0,88.0,2.0,27.0,5.0,173.0,91.0,4.0,0.0,0.67,34.0,259.0,134.0,1.0,43.0,5.0,364.0,158.0,0.0,0.0,1.0,1
1203,2020,2,MIA,BUF,7,7,11.0,191.0,87.0,3.0,21.0,4.0,155.0,217.0,2.0,0.0,1.0,27.0,312.0,98.0,2.0,17.0,7.0,215.0,52.0,3.0,1.0,0.5,0
1204,2020,2,NYJ,SF,7,7,17.0,215.0,52.0,2.0,27.0,9.0,312.0,98.0,3.0,0.0,1.0,20.0,259.0,123.0,0.0,24.0,5.0,230.0,180.0,2.0,1.0,1.0,0
1205,2020,2,PHI,LA,7,7,17.0,270.0,57.0,3.0,27.0,3.0,178.0,80.0,3.0,0.0,0.5,20.0,275.0,153.0,1.0,17.0,5.0,266.0,136.0,3.0,0.0,0.67,0
1206,2020,2,PIT,DEN,6,6,26.0,229.0,141.0,0.0,16.0,3.0,279.0,29.0,3.0,2.0,1.0,14.0,216.0,107.0,1.0,16.0,5.0,249.0,130.0,1.0,0.0,0.0,1
1207,2020,2,TB,CAR,7,7,23.0,239.0,86.0,2.0,34.0,9.0,198.0,82.0,1.0,0.0,0.5,30.0,269.0,129.0,0.0,34.0,5.0,239.0,133.0,0.0,0.0,1.0,1
1208,2020,2,TEN,JAX,6,7,16.0,249.0,130.0,0.0,14.0,5.0,216.0,107.0,0.0,0.0,0.25,27.0,173.0,91.0,0.0,20.0,6.0,363.0,88.0,1.0,2.0,1.0,1
1209,2020,2,ARI,WAS,7,7,24.0,230.0,180.0,1.0,20.0,9.0,259.0,123.0,3.0,0.0,0.33,27.0,178.0,80.0,0.0,17.0,7.0,270.0,57.0,8.0,2.0,0.67,1
1210,2020,2,HOU,BAL,10,7,20.0,253.0,118.0,1.0,34.0,5.0,211.0,166.0,1.0,0.0,0.0,38.0,284.0,111.0,1.0,6.0,7.0,189.0,138.0,2.0,1.0,1.0,0
1211,2020,2,LAC,KC,7,10,16.0,208.0,155.0,0.0,13.0,6.0,193.0,122.0,3.0,1.0,0.75,34.0,211.0,166.0,0.0,20.0,1.0,253.0,118.0,4.0,1.0,1.0,0
1212,2020,2,SEA,NE,7,7,38.0,322.0,84.0,0.0,25.0,6.0,450.0,72.0,2.0,1.0,1.0,21.0,155.0,217.0,1.0,11.0,3.0,191.0,87.0,1.0,3.0,0.0,1
1213,2020,2,LV,NO,8,8,34.0,239.0,133.0,0.0,30.0,3.0,269.0,129.0,1.0,0.0,1.0,34.0,198.0,82.0,0.0,23.0,6.0,239.0,86.0,3.0,2.0,1.0,1
1214,2020,3,JAX,MIA,4,4,28.5,256.0,128.0,1.0,26.5,7.0,301.0,105.5,1.0,1.0,1.0,19.5,259.5,93.0,1.5,26.0,3.5,285.0,164.5,1.5,0.0,1.0,0
1215,2020,3,ATL,CHI,7,7,32.0,361.5,92.5,1.0,39.0,7.0,386.0,104.5,2.0,0.0,1.0,22.0,216.0,142.0,1.0,18.0,5.5,269.0,106.5,2.5,1.0,0.75,0
1216,2020,3,BUF,LA,7,7,29.0,363.5,105.0,1.5,22.5,6.5,271.5,75.5,3.0,0.5,0.6,28.5,271.0,172.0,0.5,18.0,4.5,254.0,128.5,1.5,1.0,0.75,1
1217,2020,3,CLE,WAS,10,7,20.5,204.0,176.5,2.0,34.0,8.0,300.0,89.5,2.5,0.0,0.0,21.0,200.5,98.5,0.5,23.5,6.5,278.0,108.5,5.5,1.5,0.75,1
1218,2020,3,MIN,TEN,7,7,22.5,186.0,107.0,2.0,35.5,5.5,289.0,154.5,1.0,0.5,1.0,24.5,244.0,126.5,0.0,22.0,4.5,277.5,136.0,1.0,1.0,0.5,0
1219,2020,3,NE,LV,7,6,25.5,276.0,142.0,1.0,23.0,2.5,239.5,120.5,1.5,2.0,0.33,34.0,261.5,124.5,0.5,27.0,3.0,290.5,120.5,0.5,0.5,1.0,1
1220,2020,3,NYG,SF,7,7,14.5,260.0,52.0,2.0,21.5,3.5,209.5,138.0,3.0,1.0,0.75,25.5,230.5,152.5,0.5,18.5,5.0,204.5,142.0,1.5,0.5,1.0,0
1221,2020,3,PIT,HOU,7,7,26.0,270.0,125.0,1.0,18.5,6.5,277.5,66.5,5.0,1.5,1.0,18.0,264.0,84.5,1.5,33.5,4.5,207.5,198.0,2.5,0.0,0.75,1
1222,2020,3,IND,NYJ,7,7,24.0,288.5,119.5,1.5,19.0,7.0,143.0,85.5,3.5,1.5,0.86,15.0,197.0,78.0,1.0,29.0,7.0,257.0,140.0,3.0,0.5,1.0,1
1223,2020,3,LAC,CAR,7,7,18.0,259.5,169.0,0.5,18.0,6.0,247.5,123.5,2.0,0.5,0.83,23.5,318.0,108.0,2.0,32.5,7.0,228.0,127.5,0.0,0.5,1.0,0
1224,2020,3,ARI,DET,7,7,27.0,258.0,170.0,1.0,17.5,10.0,241.0,120.0,3.5,0.0,0.67,22.0,270.5,113.5,1.0,34.5,7.5,241.0,204.0,1.0,0.0,0.6,0
1225,2020,3,DEN,TB,7,7,17.5,246.0,105.5,1.5,21.0,4.5,280.0,119.5,1.0,0.5,0.67,27.0,228.0,104.0,2.0,25.5,7.0,282.5,84.5,3.0,1.0,0.67,0
1226,2020,3,SEA,DAL,7,7,36.5,305.0,119.0,0.5,27.5,7.5,423.5,69.5,1.5,1.0,1.0,28.5,358.0,130.5,1.5,29.5,7.0,274.0,133.0,1.0,0.5,0.75,1
1227,2020,3,NO,GB,6,7,29.0,255.0,97.0,0.5,28.5,8.0,261.5,101.0,3.0,1.0,1.0,42.5,302.0,208.5,0.0,27.5,7.0,251.5,111.5,3.0,1.0,1.0,0
1228,2020,3,BAL,KC,8,8,35.5,244.0,170.5,0.5,11.0,5.0,232.0,94.5,3.0,1.0,1.0,28.5,256.5,145.5,0.0,20.0,6.0,282.0,150.5,3.0,1.0,1.0,0
1229,2020,4,NYJ,DEN,4,4,12.33,187.33,88.33,1.67,31.33,7.0,249.33,133.0,2.0,0.33,1.0,15.0,240.33,84.33,1.67,23.33,4.33,285.67,102.33,1.33,0.33,0.75,0
1230,2020,4,CAR,ARI,7,7,22.67,290.33,99.0,1.33,27.0,5.67,262.0,124.0,0.67,0.67,1.0,25.67,262.0,149.67,1.67,20.33,9.0,250.67,110.0,3.67,0.0,0.71,1
1231,2020,4,CIN,JAX,7,10,22.0,273.67,79.33,1.0,24.67,6.67,217.33,180.67,1.67,1.0,0.89,23.33,262.33,109.33,1.33,28.0,7.33,254.0,116.33,1.0,0.67,1.0,1
1232,2020,4,DAL,CLE,7,7,29.33,396.0,107.33,2.0,32.33,8.0,287.67,127.67,2.0,0.33,0.83,25.0,188.0,170.33,1.33,29.33,7.33,274.67,94.0,2.67,1.0,0.67,0
1233,2020,4,DET,NO,7,7,23.33,270.33,105.67,0.67,30.67,7.33,250.67,172.33,1.0,1.0,0.78,29.33,266.0,105.33,0.67,31.33,8.0,268.67,100.0,2.33,0.67,1.0,0
1234,2020,4,HOU,MIN,7,7,19.0,264.0,66.0,1.33,31.67,4.33,217.33,188.33,2.33,0.0,0.75,25.0,207.67,146.67,2.33,34.0,4.67,299.67,147.67,1.33,0.67,0.75,0
1235,2020,4,MIA,SEA,10,7,23.33,226.33,108.0,1.0,21.67,4.33,281.67,133.67,2.33,0.33,1.0,37.0,308.33,118.33,0.67,28.67,6.67,439.67,66.67,1.67,1.33,1.0,0
1236,2020,4,TB,LAC,7,7,27.33,251.0,92.0,1.33,20.33,7.67,264.67,70.33,4.0,1.33,0.8,17.33,283.0,151.67,1.67,19.0,6.67,243.33,109.33,2.0,0.33,0.86,1
1237,2020,4,WAS,BAL,7,6,20.67,208.33,100.0,2.0,27.0,5.67,237.33,125.0,4.33,1.0,0.75,30.33,195.0,166.33,0.67,18.67,5.33,283.0,107.0,2.0,0.67,1.0,0
1238,2020,4,LA,NYG,7,7,29.67,287.67,170.33,0.67,23.67,4.0,273.0,119.33,2.33,1.0,0.67,12.67,233.0,56.67,2.33,26.33,4.0,254.0,123.0,2.67,0.67,0.86,1
1239,2020,4,CHI,IND,7,7,24.67,249.33,138.0,1.33,20.67,7.0,258.67,119.0,2.33,1.0,0.67,28.0,270.33,119.33,1.0,15.0,6.0,151.33,93.33,3.0,2.0,0.8,0
1240,2020,4,LV,BUF,7,7,29.33,261.33,125.0,1.33,30.0,4.0,247.67,163.67,1.0,0.67,0.86,31.0,346.0,103.67,1.67,25.67,6.0,288.0,106.0,2.67,0.67,0.6,0
1241,2020,4,SF,PHI,7,7,29.0,268.0,132.67,0.33,15.33,5.33,196.0,116.67,1.67,0.67,0.86,19.67,245.67,116.67,2.67,29.0,6.33,252.33,106.33,4.0,0.0,0.86,0
1242,2020,4,KC,NE,7,8,30.33,299.33,141.0,0.33,20.0,6.0,220.33,153.0,3.33,0.67,0.83,29.0,238.0,178.0,1.0,22.0,2.33,246.67,122.33,1.67,1.33,0.67,1
1243,2020,4,GB,ATL,8,8,40.67,295.67,171.67,0.0,28.33,5.33,263.67,115.0,2.67,0.67,1.0,30.0,320.33,109.67,1.0,36.0,7.0,362.67,113.0,2.0,0.67,0.89,1
1244,2020,5,CHI,TB,4,4,21.25,249.25,110.5,1.25,20.25,7.25,241.5,115.0,2.0,0.75,0.71,30.0,280.5,97.75,1.25,23.0,7.75,271.0,64.25,3.5,1.25,0.71,1
1245,2020,5,ATL,CAR,6,7,26.5,311.5,101.75,0.75,34.5,6.0,353.75,106.75,1.75,0.5,0.9,24.75,286.75,116.25,1.25,25.5,6.75,229.75,125.25,0.75,0.5,0.91,0
1246,2020,5,BAL,CIN,7,7,30.5,198.25,160.75,1.0,18.25,5.25,290.75,97.5,2.25,0.5,1.0,24.75,280.25,110.75,1.0,24.75,6.75,250.75,157.75,2.0,1.0,0.92,1
1247,2020,5,HOU,JAX,7,7,20.0,273.0,73.5,1.0,31.5,3.75,228.0,181.75,2.5,0.0,0.86,23.75,284.5,104.25,1.25,29.25,7.0,265.5,138.5,1.0,0.75,0.88,1
1248,2020,5,KC,LV,6,7,29.25,283.5,129.25,0.5,17.5,5.5,212.75,161.0,3.0,1.25,0.88,27.75,273.75,115.25,1.5,30.0,4.75,257.75,138.5,1.0,0.5,0.9,0
1249,2020,5,NYJ,ARI,10,7,16.25,202.0,98.5,1.25,32.75,8.0,247.5,129.0,1.5,1.0,1.0,24.5,229.75,144.5,1.5,23.0,8.0,257.0,124.5,2.75,0.25,0.71,0
1250,2020,5,PIT,PHI,14,7,26.67,259.0,139.67,0.67,19.33,5.0,273.0,54.0,5.0,1.33,1.0,21.0,232.5,110.75,2.25,26.75,5.5,273.75,108.75,4.25,0.5,0.88,1
1251,2020,5,WAS,LA,7,7,19.75,234.75,92.25,1.75,28.0,4.75,230.0,129.75,3.5,1.25,0.67,26.5,265.75,142.25,0.75,20.0,3.25,252.25,123.5,3.0,1.0,0.71,0
1252,2020,5,SF,MIA,7,7,26.75,285.5,128.5,1.0,17.75,5.5,195.25,110.75,2.0,0.75,0.86,23.25,248.5,106.75,1.25,24.0,4.0,301.25,124.75,2.25,0.5,1.0,0
1253,2020,5,CLE,IND,7,7,31.0,191.5,204.5,1.0,31.5,6.75,331.5,91.75,2.75,1.0,0.8,25.75,250.25,115.25,0.75,14.0,6.5,175.75,77.0,2.5,1.75,0.86,1
1254,2020,5,DAL,NYG,7,7,31.5,422.5,101.75,2.25,36.5,7.5,266.25,172.5,2.0,0.25,0.83,11.75,222.25,76.5,2.0,24.0,4.0,240.5,106.75,2.5,0.5,0.9,1
1255,2020,5,SEA,MIN,7,7,35.5,321.25,113.25,0.75,27.25,5.0,408.5,75.75,1.5,1.5,1.0,26.5,220.75,150.5,1.75,31.25,4.5,299.75,134.75,1.75,0.5,0.67,1
1256,2020,5,NO,LAC,8,8,30.75,261.0,120.0,0.75,30.75,7.0,253.0,97.5,2.5,0.75,1.0,20.75,284.75,125.25,1.75,23.75,6.75,274.75,110.75,1.5,0.5,0.78,1
1257,2020,5,TEN,BUF,16,9,26.67,269.67,129.0,0.33,24.67,4.33,268.67,166.0,1.33,1.33,0.75,30.75,331.5,93.5,1.25,25.0,5.75,293.75,101.0,2.5,0.5,0.67,1
1258,2020,6,CAR,CHI,7,10,24.4,292.0,117.8,1.0,23.6,6.2,229.0,133.4,1.0,0.6,0.93,21.0,248.0,95.4,1.2,20.0,7.0,243.8,113.2,2.2,0.6,0.78,0
1259,2020,6,IND,CIN,7,7,25.2,248.8,105.8,1.0,17.6,6.2,193.6,86.4,2.2,1.8,0.88,20.4,260.8,102.6,1.4,25.2,6.4,236.6,158.4,1.8,1.0,0.93,1
1260,2020,6,JAX,DET,7,14,21.8,287.8,98.4,1.4,29.4,6.4,284.2,136.6,1.0,1.0,0.7,24.75,254.25,101.75,0.75,31.75,6.75,249.5,170.25,1.25,1.0,0.78,0
1261,2020,6,MIN,ATL,7,7,26.4,226.4,160.6,1.8,30.4,4.8,283.2,132.6,2.2,0.6,0.75,24.4,294.4,114.6,0.8,32.2,5.4,345.6,110.2,1.4,0.4,0.92,0
1262,2020,6,NE,DEN,13,17,24.25,226.0,179.75,1.75,23.0,2.75,244.0,115.25,1.5,1.0,0.71,20.5,240.75,92.5,2.0,24.5,5.25,275.75,109.0,2.5,0.25,0.86,0
1263,2020,6,NYG,WAS,7,7,16.2,222.2,79.0,1.8,26.6,4.8,250.0,110.6,2.4,0.6,0.93,17.8,210.0,81.4,1.4,28.4,4.4,245.8,129.6,3.0,1.2,0.71,1
1264,2020,6,PHI,BAL,7,7,22.6,241.2,107.4,2.2,29.0,6.2,266.8,114.2,3.6,0.4,0.78,29.8,194.6,160.8,1.0,15.2,5.0,269.2,92.0,3.2,0.6,0.91,0
1265,2020,6,PIT,CLE,7,7,29.5,254.0,138.75,0.75,21.75,5.75,273.75,64.0,5.0,1.5,1.0,31.2,206.2,188.4,1.2,29.8,5.8,313.8,87.0,2.4,1.2,0.88,1
1266,2020,6,TEN,HOU,5,7,30.5,251.0,131.5,0.25,22.5,4.75,272.75,148.25,1.25,1.5,0.75,22.0,290.2,84.6,1.2,28.0,4.0,242.6,160.4,2.6,0.0,0.9,1
1267,2020,6,MIA,NYJ,7,7,27.2,268.8,104.2,1.0,22.6,4.6,275.2,126.0,2.8,0.8,1.0,15.0,200.6,103.4,1.0,32.2,7.6,274.0,128.6,1.4,1.0,1.0,1
1268,2020,6,TB,GB,10,13,27.8,275.0,99.4,1.2,22.4,8.4,265.4,58.4,3.4,1.2,0.82,38.0,303.5,150.75,0.0,25.25,4.75,269.0,105.75,3.0,0.5,1.0,1
1269,2020,6,SF,LA,7,7,24.8,262.6,129.0,1.4,22.8,5.8,226.2,107.4,2.0,0.6,0.88,27.2,274.4,139.6,0.8,18.0,3.6,224.0,106.4,4.0,0.8,0.75,1
1270,2020,6,BUF,KC,6,8,27.8,322.2,93.8,1.4,28.4,6.6,274.0,108.6,2.0,0.4,0.71,29.8,294.8,119.4,0.6,22.0,6.4,239.6,157.6,2.6,1.2,0.89,0
1271,2020,6,DAL,ARI,8,8,32.6,395.6,106.6,2.2,36.0,6.6,257.4,155.8,2.0,0.2,0.89,25.6,259.8,141.0,1.4,20.4,8.4,244.6,124.2,2.8,0.2,0.75,0
1272,2020,7,PHI,NYG,4,4,23.5,236.5,121.83,2.0,29.17,5.67,253.33,125.5,3.5,0.33,0.7,16.83,203.83,87.83,1.67,25.33,4.67,255.0,106.5,2.5,0.67,0.94,1
1273,2020,7,ATL,DET,7,7,27.0,307.17,112.0,0.83,30.67,5.33,345.17,97.17,1.33,0.83,0.94,26.6,248.0,117.4,0.8,28.6,6.8,248.2,145.0,1.2,1.0,0.75,0
1274,2020,7,CIN,CLE,7,7,21.5,269.5,101.83,1.33,26.17,6.33,259.0,141.83,1.67,1.0,0.88,27.17,199.33,169.5,1.33,31.17,6.0,289.5,94.0,2.33,1.0,0.88,0
1275,2020,7,HOU,GB,7,7,24.33,297.67,85.83,1.0,30.33,4.0,263.17,177.5,2.5,0.17,0.91,32.4,274.8,139.4,0.4,27.8,5.0,248.4,116.2,2.4,0.4,1.0,0
1276,2020,7,NO,CAR,13,7,30.6,273.8,115.0,0.8,30.0,6.6,255.2,100.2,2.6,0.6,1.0,23.0,279.33,116.83,1.33,23.5,6.5,223.83,121.67,0.83,0.67,0.89,1
1277,2020,7,NYJ,BUF,7,6,12.5,198.17,105.33,1.0,30.83,7.5,261.67,125.5,1.5,1.17,0.9,26.0,288.83,92.17,1.33,28.0,6.17,265.83,131.33,1.83,0.33,0.67,0
1278,2020,7,TEN,PIT,7,7,32.8,274.0,157.8,0.6,25.2,5.2,285.2,137.0,1.4,1.2,0.64,31.2,236.8,136.8,0.6,18.8,5.8,252.0,66.2,4.8,1.6,1.0,0
1279,2020,7,WAS,DAL,7,6,18.0,221.67,82.17,1.5,27.0,5.0,223.5,130.0,2.67,1.17,0.7,28.83,374.0,105.0,2.5,36.33,6.5,245.83,173.33,1.83,0.17,0.82,1
1280,2020,7,LV,TB,14,7,30.2,288.4,121.0,1.4,30.4,5.4,274.2,126.8,1.4,0.6,0.92,29.5,256.83,109.17,1.0,20.33,7.0,247.83,64.33,3.67,1.33,0.83,0
1281,2020,7,DEN,KC,7,6,20.0,230.4,101.0,2.0,22.0,4.6,259.6,110.6,2.8,0.6,0.92,29.17,283.17,140.33,0.67,21.17,6.67,220.0,145.33,2.17,1.17,0.91,0
1282,2020,7,LAC,JAX,13,7,22.0,280.6,122.4,1.4,25.0,5.6,284.8,107.6,1.6,0.6,0.7,20.83,280.33,89.33,1.5,30.17,6.17,274.0,143.83,0.83,1.0,0.67,1
1283,2020,7,NE,SF,7,7,21.8,219.8,167.2,2.0,22.0,2.4,233.0,119.2,1.6,1.2,0.78,24.67,263.5,127.83,1.17,21.67,6.0,221.5,108.33,1.67,0.67,0.89,0
1284,2020,7,ARI,SEA,6,14,27.67,247.83,161.0,1.17,18.67,8.17,248.17,119.67,2.83,0.5,0.78,33.8,300.4,115.4,0.8,27.0,4.6,376.6,100.8,1.8,1.4,1.0,1
1285,2020,7,LA,CHI,8,8,25.33,261.67,135.17,0.83,19.0,4.0,231.33,109.0,3.33,0.67,0.78,21.33,239.67,90.0,1.17,19.33,7.5,239.17,113.0,2.5,0.83,0.83,1
1286,2020,8,CAR,ATL,4,4,23.14,275.71,105.43,1.14,24.0,5.71,232.86,124.0,0.86,0.57,0.85,26.29,311.57,105.43,0.86,29.57,5.71,344.43,92.43,1.43,0.71,0.94,0
1287,2020,8,BAL,PIT,14,7,29.83,193.17,164.33,0.83,17.33,6.17,259.83,109.0,3.67,0.5,0.93,30.5,242.0,129.67,1.0,19.67,6.17,246.67,68.83,4.33,1.33,1.0,0
1288,2020,8,BUF,NE,7,7,24.86,291.43,97.0,1.29,25.43,6.86,245.0,126.86,2.43,0.57,0.71,19.17,210.17,155.0,2.33,23.83,2.5,240.33,132.17,1.5,1.33,0.82,1
1289,2020,8,CIN,TEN,7,7,23.29,291.29,98.86,1.43,27.71,6.43,267.14,133.29,1.43,1.0,0.89,31.33,265.0,145.17,0.5,25.5,5.5,282.33,129.83,1.17,1.5,0.62,1
1290,2020,8,CLE,LV,7,7,28.57,216.0,157.0,1.29,31.57,5.86,308.43,92.14,2.57,1.0,0.89,28.5,287.67,113.5,1.33,32.83,5.17,290.0,119.83,1.17,0.5,0.93,0
1291,2020,8,DET,IND,7,14,26.0,263.33,108.5,0.67,27.5,6.5,263.17,131.83,1.33,0.83,0.75,26.17,269.17,98.0,1.17,19.17,6.17,213.5,88.33,2.17,1.67,0.89,0
1292,2020,8,GB,MIN,7,14,32.83,276.17,132.17,0.33,26.5,5.0,258.5,110.0,2.5,0.33,1.0,25.83,245.83,139.17,2.0,32.0,4.5,297.83,127.0,2.17,0.5,0.75,0
1293,2020,8,KC,NYJ,7,7,31.14,273.14,134.71,0.71,20.43,5.86,224.86,149.86,2.29,1.29,0.93,12.14,187.0,104.57,1.14,29.0,7.29,268.14,125.57,1.57,1.0,0.91,1
1294,2020,8,MIA,LA,14,6,26.67,257.33,105.17,1.17,18.83,4.67,260.33,124.17,2.83,0.83,1.0,25.14,255.71,138.71,0.86,17.71,4.0,235.57,100.43,3.43,0.86,0.73,1
1295,2020,8,DEN,LAC,7,7,19.33,234.33,113.67,2.33,25.5,4.67,251.83,109.0,3.0,0.5,0.93,24.83,292.33,124.5,1.17,25.67,5.17,266.17,113.0,2.17,0.5,0.69,1
1296,2020,8,CHI,NO,6,7,19.71,242.71,84.14,1.29,20.0,7.29,236.43,119.71,2.29,0.71,0.85,30.0,276.0,118.83,0.83,29.0,6.5,255.0,89.67,2.33,0.5,1.0,0
1297,2020,8,SEA,SF,7,7,33.83,315.0,129.5,1.17,28.67,5.17,373.83,110.5,1.5,1.33,1.0,25.86,265.43,137.71,1.29,19.43,6.0,213.0,106.29,1.71,1.14,0.91,1
1298,2020,8,PHI,DAL,10,7,23.29,254.0,118.14,1.86,28.0,5.86,243.86,130.43,3.43,0.43,0.67,25.14,336.86,101.86,2.29,34.71,6.43,238.43,178.29,1.86,0.14,0.83,1
1299,2020,8,NYG,TB,11,8,17.43,201.43,98.14,1.86,24.86,5.29,269.86,105.0,2.57,0.71,0.94,31.71,272.86,105.71,0.86,20.29,6.57,253.0,66.0,3.57,1.29,0.85,0
1300,2020,9,SF,GB,4,4,26.0,272.5,127.0,1.25,21.62,6.0,219.0,105.62,1.75,1.0,0.91,31.29,278.29,128.86,0.43,26.71,5.57,244.43,119.0,2.29,0.29,1.0,0
1301,2020,9,ATL,DEN,10,7,26.12,307.75,108.62,0.88,28.0,5.75,323.75,99.25,1.62,0.75,0.95,21.0,236.29,112.86,2.14,26.14,5.14,255.57,123.43,2.86,0.71,0.93,1
1302,2020,9,BUF,SEA,7,7,24.75,274.25,108.62,1.25,24.88,6.62,236.12,134.5,2.38,0.5,0.72,34.29,307.29,125.43,1.0,28.43,5.29,366.43,102.14,1.71,1.29,1.0,1
1303,2020,9,IND,BAL,7,7,28.29,268.14,101.0,1.0,19.43,5.71,231.0,79.86,2.57,1.57,0.89,29.0,195.29,178.71,1.29,18.86,6.57,248.71,100.29,3.43,0.43,0.93,0
1304,2020,9,JAX,HOU,14,14,22.0,265.0,96.57,1.29,31.43,6.14,285.0,142.57,0.86,0.86,0.67,23.71,299.29,84.86,1.0,31.0,4.29,266.0,165.86,2.14,0.14,0.86,0
1305,2020,9,KC,CAR,7,10,31.62,294.75,124.12,0.62,19.0,6.0,213.38,142.75,2.12,1.12,0.93,22.38,263.62,110.62,1.12,24.12,5.75,238.88,124.88,1.0,0.62,0.86,1
1306,2020,9,MIN,DET,7,7,26.14,233.57,144.0,1.71,30.57,4.86,296.86,124.43,2.0,0.43,0.75,25.29,273.71,97.14,0.86,29.43,6.14,263.0,130.0,1.43,0.71,0.71,1
1307,2020,9,TEN,CHI,7,7,29.71,260.43,155.57,0.57,26.29,5.71,277.57,128.14,1.0,1.29,0.59,20.12,246.38,85.62,1.25,20.75,7.25,241.88,120.0,2.12,0.62,0.88,1
1308,2020,9,WAS,NYG,14,6,19.0,217.71,100.14,1.29,23.57,4.86,207.86,123.29,3.14,1.14,0.67,18.12,210.5,98.5,1.88,24.88,5.5,271.0,102.0,2.5,0.62,0.94,0
1309,2020,9,LAC,LV,7,7,25.57,290.29,136.71,1.29,26.43,5.29,263.57,112.29,2.14,0.57,0.75,26.71,262.43,127.14,1.14,29.0,5.14,266.0,117.14,1.0,0.43,0.89,0
1310,2020,9,ARI,MIA,14,7,29.0,263.86,160.71,1.29,20.86,7.86,268.14,131.14,2.71,0.86,0.77,26.86,233.86,98.0,1.29,18.57,4.43,273.86,125.14,2.71,1.0,1.0,0
1311,2020,9,DAL,PIT,7,7,23.12,317.25,105.75,2.25,33.25,6.5,225.12,170.88,2.12,0.38,0.81,30.14,233.43,118.0,1.0,20.29,5.71,241.14,96.86,4.29,1.43,1.0,0
1312,2020,9,TB,NO,6,7,30.88,273.62,102.62,0.88,20.62,6.12,255.62,70.38,3.5,1.38,0.88,29.43,276.57,119.29,0.71,28.14,6.29,257.43,90.57,2.71,0.57,0.94,0
1313,2020,9,NYJ,NE,8,8,11.75,180.25,103.12,1.12,29.75,6.75,290.38,116.12,1.38,0.88,0.87,19.43,205.0,159.71,2.14,23.86,2.86,228.0,140.43,1.43,1.29,0.85,0
1314,2020,10,TEN,IND,4,4,29.0,247.62,147.62,0.5,25.12,5.75,284.75,119.12,1.25,1.12,0.61,26.0,263.0,102.38,1.12,20.0,5.5,223.38,83.62,2.5,1.38,0.89,0
1315,2020,10,CAR,TB,7,7,23.33,271.89,109.89,1.0,25.11,6.44,253.67,115.0,1.11,0.56,0.79,27.78,266.44,92.11,1.11,22.56,6.0,258.56,77.89,3.22,1.22,0.89,0
1316,2020,10,CLE,HOU,14,7,25.75,204.25,150.0,1.25,29.62,6.0,283.75,106.75,2.5,0.88,0.83,24.12,297.0,87.62,1.0,30.25,4.12,270.75,159.5,2.12,0.25,0.88,1
1317,2020,10,DET,WAS,7,7,24.62,277.62,101.12,1.12,30.0,5.75,257.62,148.12,1.38,0.62,0.7,19.12,238.88,92.25,1.62,23.5,5.0,208.38,128.62,3.25,1.0,0.71,1
1318,2020,10,GB,JAX,10,7,31.62,281.62,126.62,0.38,25.5,5.5,250.25,111.0,2.12,0.38,1.0,22.38,269.88,98.88,1.25,30.88,5.88,284.5,138.12,1.0,0.75,0.71,1
1319,2020,10,NYG,PHI,7,14,18.67,210.67,106.0,1.67,24.33,5.33,283.89,94.78,2.44,0.89,0.95,23.25,238.75,118.25,2.12,25.62,5.62,235.88,130.75,3.5,0.38,0.67,1
1320,2020,10,ARI,BUF,7,7,29.25,266.25,162.88,1.25,22.5,7.75,265.62,126.12,2.75,0.75,0.73,26.89,289.89,100.33,1.11,25.89,6.56,253.22,125.89,2.67,0.67,0.73,1
1321,2020,10,LV,DEN,7,7,27.25,250.25,131.25,1.12,28.62,4.75,273.5,118.5,1.12,0.38,0.89,21.75,245.88,111.62,2.0,27.12,5.12,259.12,119.5,2.75,0.75,0.94,1
1322,2020,10,MIA,LAC,7,7,27.75,235.62,97.12,1.12,20.12,4.75,275.0,131.75,2.5,0.88,1.0,25.62,294.75,135.62,1.12,27.0,5.25,251.25,118.25,2.0,0.5,0.74,1
1323,2020,10,LA,SEA,14,7,24.12,268.12,137.75,1.25,19.0,4.12,217.75,94.75,3.12,0.75,0.69,34.25,317.62,116.88,1.38,30.38,5.12,372.5,93.62,2.38,1.12,1.0,1
1324,2020,10,NO,SF,7,10,30.5,277.25,121.62,0.88,25.0,5.88,251.38,80.25,2.75,0.88,0.94,25.0,274.56,119.0,1.33,23.0,5.78,228.56,106.22,1.67,0.89,0.92,1
1325,2020,10,PIT,CIN,7,14,29.38,242.88,109.0,0.88,20.12,5.38,241.38,102.75,4.0,1.38,1.0,24.25,286.0,101.25,1.25,26.75,6.5,262.88,143.88,1.38,1.0,0.9,1
1326,2020,10,NE,BAL,6,7,20.75,213.62,159.62,1.88,24.25,3.25,232.25,131.0,1.38,1.25,0.88,28.38,192.12,170.12,1.25,17.75,6.38,246.0,101.75,3.0,0.5,0.94,1
1327,2020,10,CHI,MIN,8,8,19.78,256.22,82.33,1.33,21.11,7.0,232.56,116.89,2.22,0.56,0.88,27.12,231.88,160.38,1.5,29.25,5.38,297.88,125.0,2.0,0.75,0.75,0
1328,2020,11,SEA,ARI,4,4,32.22,309.89,116.44,1.56,29.56,5.0,364.67,95.0,2.44,1.0,1.0,29.56,263.89,168.89,1.33,23.33,7.67,269.0,120.22,2.44,0.89,0.79,1
1329,2020,11,BAL,TEN,7,10,27.11,198.44,164.0,1.22,18.33,6.56,234.44,109.67,2.78,0.44,0.94,27.67,236.44,148.67,0.44,26.11,5.44,287.33,120.67,1.22,1.0,0.6,0
1330,2020,11,CAR,DET,7,7,23.3,259.5,105.4,1.0,27.2,6.3,262.4,124.5,1.1,0.5,0.8,25.22,277.44,101.56,1.0,29.67,6.11,272.33,141.56,1.44,0.56,0.74,1
1331,2020,11,CLE,PHI,7,7,24.0,196.22,159.0,1.11,27.11,6.0,270.33,104.89,2.44,0.78,0.85,22.56,235.33,122.44,1.89,25.78,6.22,236.78,133.0,3.44,0.33,0.69,1
1332,2020,11,HOU,NE,7,7,22.22,282.11,87.89,0.89,28.0,4.33,255.33,167.44,2.0,0.22,0.82,21.0,205.67,161.11,1.67,23.44,3.22,234.11,129.22,1.44,1.22,0.88,1
1333,2020,11,JAX,PIT,7,7,22.11,258.67,100.0,1.22,30.11,6.0,289.0,131.67,1.0,0.78,0.75,30.11,252.89,101.78,0.78,19.0,5.44,238.22,106.78,4.0,1.22,1.0,0
1334,2020,11,NO,ATL,7,14,30.11,261.89,120.78,0.89,23.67,5.78,250.89,76.78,2.67,1.0,0.95,27.0,305.11,106.78,0.89,27.89,5.67,322.56,99.67,1.56,0.78,0.96,1
1335,2020,11,WAS,CIN,7,7,20.0,255.67,91.89,1.56,24.22,5.11,215.89,126.0,3.0,0.89,0.71,22.67,277.89,105.44,1.22,27.78,6.44,270.67,132.78,1.22,0.89,0.9,1
1336,2020,11,DEN,MIA,7,7,20.67,247.11,106.56,2.33,28.22,5.33,247.44,128.78,2.44,0.67,0.95,27.89,228.22,98.67,1.0,20.22,4.56,265.22,128.11,2.44,0.89,0.95,1
1337,2020,11,LAC,NYJ,7,13,25.11,282.78,131.56,1.11,27.22,5.22,242.11,117.44,1.78,0.44,0.74,13.44,189.33,98.89,1.11,29.78,6.44,288.56,120.89,1.22,0.78,0.88,1
1338,2020,11,IND,GB,10,7,26.89,268.0,105.78,1.0,19.67,5.89,214.89,91.78,2.33,1.22,0.9,30.78,286.44,121.44,0.56,24.89,5.33,241.22,110.78,2.22,0.44,1.0,1
1339,2020,11,MIN,DAL,6,14,26.22,238.56,153.56,1.56,27.44,5.22,278.56,115.67,2.0,0.78,0.8,22.67,309.0,110.0,2.22,32.22,6.56,234.44,157.0,1.89,0.33,0.85,0
1340,2020,11,LV,KC,7,14,28.33,239.56,139.22,1.0,26.78,5.11,271.67,112.67,1.22,0.78,0.91,31.78,303.33,114.33,0.67,20.33,6.22,227.22,138.44,2.11,1.0,0.88,0
1341,2020,11,TB,LA,8,8,29.6,273.9,103.9,1.1,22.6,5.7,247.5,76.6,3.2,1.2,0.91,24.0,271.89,134.22,1.22,18.67,4.11,221.11,96.78,3.44,0.89,0.71,0
1342,2020,12,DET,HOU,4,4,22.7,267.5,95.4,0.9,28.7,5.9,270.9,139.0,1.4,0.7,0.71,22.7,288.3,84.6,0.8,27.2,4.4,266.3,159.3,2.0,0.2,0.84,0
1343,2020,12,DAL,WAS,4,4,23.5,298.4,117.0,2.1,31.8,6.3,242.4,153.8,1.9,0.3,0.86,20.0,246.7,99.1,1.5,22.7,5.2,217.6,120.4,3.1,0.9,0.7,0
1344,2020,12,ATL,LV,7,7,25.2,297.8,101.3,1.0,27.5,5.8,313.6,106.3,1.7,0.7,0.96,28.6,243.1,134.2,1.0,27.6,5.4,279.7,112.2,1.1,0.8,0.91,1
1345,2020,12,BUF,LAC,14,7,27.2,290.5,97.6,1.2,26.5,6.8,252.4,135.0,2.7,0.7,0.76,26.0,291.1,121.3,1.1,27.3,5.6,238.4,115.3,1.7,0.5,0.76,1
1346,2020,12,CIN,NYG,7,14,21.3,273.4,101.9,1.3,27.0,6.1,260.2,135.9,1.3,0.9,0.83,19.5,214.0,110.5,1.5,23.6,5.5,276.3,100.9,2.5,0.8,0.95,0
1347,2020,12,IND,TEN,7,7,27.6,270.0,109.2,1.1,20.8,6.1,224.5,89.2,2.2,1.2,0.88,27.9,239.4,151.1,0.5,25.9,5.3,277.2,121.5,1.2,1.0,0.65,0
1348,2020,12,JAX,CLE,7,7,20.2,247.9,97.3,1.5,29.8,6.2,286.8,129.1,0.9,0.8,0.76,23.8,197.0,156.8,1.1,26.1,5.7,266.8,105.0,2.7,0.9,0.81,0
1349,2020,12,MIN,CAR,7,7,26.4,246.1,150.7,1.6,27.8,5.5,271.0,122.1,1.9,0.8,0.8,23.0,259.36,106.36,1.09,24.73,6.36,254.73,116.82,1.45,0.45,0.81,1
1350,2020,12,NE,ARI,7,10,20.9,221.6,153.6,1.5,23.8,3.6,245.1,121.8,1.3,1.1,0.89,28.7,264.4,157.7,1.2,23.8,7.9,261.8,124.7,2.5,0.8,0.79,1
1351,2020,12,NYJ,MIA,7,7,14.9,190.9,98.6,1.1,30.2,6.6,296.3,111.7,1.4,0.7,0.88,26.4,225.4,94.4,1.0,20.2,4.6,265.7,134.2,2.2,0.9,0.96,0
1352,2020,12,DEN,NO,7,7,20.6,249.4,114.8,2.3,26.7,5.6,242.7,121.5,2.8,0.7,0.95,29.5,259.0,125.3,0.9,22.2,5.7,249.0,74.3,3.2,1.1,0.9,0
1353,2020,12,LA,SF,6,14,24.3,282.3,124.5,1.3,19.2,4.2,220.6,91.3,3.2,1.0,0.71,23.8,271.8,112.0,1.4,23.4,5.8,219.6,107.0,1.8,0.8,0.93,0
1354,2020,12,TB,KC,6,7,29.09,268.64,98.27,1.18,23.0,5.36,259.18,73.0,2.91,1.27,0.91,32.1,308.2,113.7,0.7,21.4,6.6,232.0,133.5,1.9,1.0,0.88,0
1355,2020,12,GB,CHI,7,13,30.8,288.9,115.9,0.8,25.8,5.5,245.9,113.7,2.1,0.5,1.0,19.1,243.0,78.2,1.3,20.9,6.4,238.5,115.1,2.1,0.6,0.89,1
1356,2020,12,PHI,SEA,8,11,22.0,235.3,120.8,2.0,25.4,6.1,233.5,133.4,3.4,0.3,0.71,31.8,298.6,121.3,1.4,28.7,5.3,355.1,91.2,2.5,0.9,1.0,0
1357,2020,12,PIT,BAL,10,10,29.8,254.3,102.2,0.8,17.4,5.5,229.5,103.4,3.8,1.5,0.94,26.8,197.2,160.5,1.2,19.5,6.5,237.6,116.0,2.7,0.5,0.95,1
1358,2020,13,ATL,NO,7,7,26.82,287.55,103.45,1.0,25.55,5.82,306.91,100.27,2.0,0.73,0.97,29.64,242.55,134.73,0.91,20.45,5.64,227.55,76.64,3.0,1.18,0.91,0
1359,2020,13,CHI,DET,7,10,19.64,242.91,82.09,1.45,22.73,6.27,236.0,121.18,1.91,0.55,0.9,22.91,270.0,96.64,1.09,29.82,5.73,275.18,133.36,1.45,0.64,0.72,0
1360,2020,13,HOU,IND,10,7,24.36,291.0,83.91,0.82,27.0,4.91,268.91,154.73,2.18,0.27,0.86,27.45,272.27,104.36,1.09,23.0,6.09,224.18,101.91,2.09,1.09,0.88,0
1361,2020,13,MIA,CIN,7,7,25.82,228.27,95.27,1.09,18.64,4.45,259.45,129.91,2.27,1.0,0.96,20.91,260.91,96.27,1.45,26.27,5.82,258.73,136.45,1.18,0.82,0.84,1
1362,2020,13,MIN,JAX,7,7,26.55,251.64,145.73,1.64,27.73,5.73,270.64,120.73,1.73,0.82,0.83,20.64,246.73,101.18,1.36,29.55,6.09,284.18,136.18,1.0,0.73,0.75,1
1363,2020,13,NYJ,LV,7,7,13.82,191.45,97.55,1.18,29.27,6.55,292.73,111.0,1.64,0.64,0.84,26.55,242.82,125.64,1.36,29.0,5.91,271.09,113.36,1.09,0.82,0.92,0
1364,2020,13,TEN,CLE,7,7,29.45,237.73,158.18,0.45,25.91,5.64,278.82,115.55,1.27,1.0,0.67,24.09,202.55,161.36,1.09,26.0,5.73,263.91,108.18,2.45,0.82,0.83,0
1365,2020,13,ARI,LA,7,7,27.64,255.82,155.91,1.18,23.45,7.73,245.64,123.36,2.55,0.91,0.76,23.91,274.64,124.64,1.55,19.55,4.09,223.45,93.18,3.09,1.0,0.74,0
1366,2020,13,SEA,NYG,6,7,31.0,292.36,117.18,1.27,27.64,5.55,342.91,89.27,2.82,0.91,1.0,19.45,216.73,113.36,1.45,23.0,5.45,263.55,95.36,2.45,0.82,0.96,0
1367,2020,13,GB,PHI,7,6,31.73,281.82,121.91,0.73,25.73,5.27,245.55,114.36,2.18,0.64,1.0,21.55,234.0,116.18,1.91,25.18,6.36,233.18,128.18,3.27,0.27,0.73,1
1368,2020,13,LAC,NE,7,7,25.18,293.36,117.18,1.09,27.27,5.55,232.82,120.45,1.82,0.55,0.77,20.82,209.09,149.64,1.55,23.18,3.82,238.27,123.27,1.36,1.09,0.9,0
1369,2020,13,KC,DEN,7,7,31.64,322.18,111.27,0.73,21.64,6.91,242.27,128.18,1.82,1.09,0.89,19.0,227.91,113.45,2.27,27.09,5.27,227.73,131.27,2.82,0.73,0.95,1
1370,2020,13,PIT,WAS,5,11,28.82,255.36,99.09,0.82,17.09,5.45,218.64,105.73,3.73,1.45,0.95,21.91,240.36,106.64,1.45,22.09,5.18,217.36,114.91,3.18,0.91,0.73,0
1371,2020,13,SF,BUF,8,8,23.73,270.0,112.0,1.55,23.09,5.73,217.64,108.73,1.82,0.91,0.89,27.18,280.18,104.36,1.36,25.64,7.0,258.18,129.64,2.73,0.73,0.78,0
1372,2020,13,BAL,DAL,6,12,25.64,189.27,157.64,1.27,19.45,6.55,240.18,111.64,2.45,0.55,0.95,22.82,290.82,111.82,2.09,32.64,6.18,236.45,156.36,2.0,0.36,0.88,1
1373,2020,14,LA,NE,4,4,25.08,281.0,124.17,1.42,20.25,4.25,219.25,93.08,3.0,1.0,0.71,22.83,202.5,150.92,1.42,21.25,3.75,235.83,118.83,1.5,1.17,0.91,1
1374,2020,14,CAR,DEN,14,7,23.33,260.0,106.42,1.08,25.0,6.42,259.08,115.08,1.5,0.42,0.77,18.75,221.5,118.92,2.25,26.67,5.17,235.25,131.5,2.67,0.67,0.92,0
1375,2020,14,CHI,HOU,7,7,20.5,244.92,86.92,1.42,23.67,6.0,249.83,116.08,1.92,0.58,0.9,24.0,295.17,84.42,0.92,26.92,4.75,270.25,150.92,2.25,0.25,0.83,1
1376,2020,14,CIN,DAL,7,5,19.75,255.25,91.58,1.5,25.67,5.83,261.83,134.25,1.08,0.75,0.81,22.33,290.33,111.75,2.0,32.75,6.25,225.67,167.83,1.83,0.42,0.79,0
1377,2020,14,JAX,TEN,7,7,20.92,249.5,103.08,1.58,29.33,6.42,285.92,136.92,1.25,0.75,0.73,29.92,250.33,150.17,0.67,27.17,5.58,283.92,115.75,1.17,0.92,0.67,0
1378,2020,14,MIA,KC,7,7,25.25,233.92,96.5,1.08,17.67,4.75,253.92,122.42,2.58,1.08,0.97,30.83,321.83,113.17,0.67,21.17,6.75,234.67,132.42,1.67,1.17,0.92,0
1379,2020,14,NYG,ARI,7,7,19.25,207.42,119.75,1.42,22.08,5.5,263.5,96.67,2.67,0.83,0.96,27.67,248.92,150.58,1.25,24.67,7.5,254.42,123.0,2.42,0.83,0.73,0
1380,2020,14,TB,MIN,14,7,28.67,275.0,96.33,1.25,23.33,5.58,276.08,74.17,2.83,1.17,0.92,26.58,256.08,145.67,1.67,27.42,5.75,271.42,121.0,1.75,0.92,0.8,1
1381,2020,14,LV,IND,7,7,26.92,254.33,121.17,1.42,28.92,5.67,264.0,121.08,1.25,0.83,0.92,27.33,273.33,104.75,1.0,22.75,6.17,233.92,100.92,2.33,1.08,0.89,0
1382,2020,14,SEA,NYJ,7,7,29.42,289.92,116.67,1.33,26.75,5.58,323.08,97.67,2.75,0.92,1.0,15.0,191.0,106.58,1.33,29.42,6.5,300.08,107.75,1.67,0.67,0.84,1
1383,2020,14,DET,GB,7,7,23.83,281.0,93.58,1.08,29.83,5.83,274.5,133.92,1.5,0.58,0.72,31.58,282.92,124.17,0.67,24.92,5.25,240.75,114.58,2.58,0.67,1.0,0
1384,2020,14,LAC,ATL,7,7,23.08,286.33,113.25,1.17,28.75,5.5,224.25,124.17,1.75,0.5,0.71,25.92,286.33,100.67,1.0,25.17,5.42,300.67,109.17,2.0,0.67,0.97,1
1385,2020,14,PHI,NO,7,7,21.08,230.17,116.25,1.83,25.58,6.17,238.33,129.92,3.17,0.25,0.75,28.92,241.67,140.75,0.92,20.08,6.0,231.33,76.08,3.0,1.08,0.87,1
1386,2020,14,SF,WAS,6,6,23.75,273.83,109.83,1.58,24.0,5.83,230.75,106.42,1.75,0.83,0.89,22.0,245.0,101.5,1.33,21.67,5.5,224.67,107.08,2.92,0.92,0.76,0
1387,2020,14,BUF,PIT,6,6,27.75,288.08,102.42,1.33,25.5,6.75,263.0,126.0,2.5,0.83,0.79,27.83,259.5,92.58,0.83,17.58,5.5,225.08,100.67,3.67,1.33,0.95,1
1388,2020,14,CLE,BAL,8,6,25.5,214.0,157.75,1.08,26.75,6.33,274.33,104.33,2.5,0.83,0.85,26.33,182.42,169.0,1.25,19.25,6.33,243.92,111.58,2.33,0.58,0.91,0
1389,2020,15,LV,LAC,4,4,26.92,261.31,117.92,1.54,30.08,5.69,262.46,128.08,1.15,0.77,0.93,22.85,283.0,112.62,1.15,27.85,5.54,227.23,120.0,1.77,0.69,0.73,0
1390,2020,15,DEN,BUF,6,6,19.77,226.0,117.15,2.15,26.69,4.92,238.92,131.0,2.77,0.62,0.92,27.62,284.23,102.54,1.38,24.69,6.77,257.15,119.92,2.38,0.92,0.81,0
1391,2020,15,GB,CAR,6,6,31.54,283.46,123.85,0.62,24.85,5.77,243.23,109.69,2.69,0.62,1.0,23.62,261.77,107.85,1.0,25.54,6.46,260.69,113.62,1.46,0.38,0.79,1
1392,2020,15,ATL,TB,7,7,25.23,284.54,98.31,1.15,24.77,5.31,296.23,108.85,1.92,0.69,0.97,28.46,268.92,97.15,1.15,22.62,5.54,272.15,80.92,3.08,1.08,0.92,0
1393,2020,15,BAL,JAX,6,7,27.92,181.92,173.77,1.15,21.0,6.46,252.46,113.62,2.15,0.62,0.92,20.08,250.54,102.15,1.54,29.46,6.69,280.23,145.54,1.23,0.69,0.71,1
1394,2020,15,DAL,SF,7,7,22.92,282.23,110.92,1.85,30.77,6.15,225.38,162.69,1.85,0.38,0.81,23.08,272.77,109.69,1.69,23.92,5.77,221.31,105.77,1.77,0.85,0.89,1
1395,2020,15,IND,HOU,7,7,28.62,271.08,113.0,0.92,23.08,6.15,242.46,99.23,2.15,1.15,0.9,22.69,289.31,86.23,0.92,27.62,4.85,270.0,152.31,2.31,0.23,0.83,1
1396,2020,15,MIA,NE,7,10,25.38,240.23,95.23,1.08,18.85,4.62,264.62,120.23,2.62,1.23,0.94,21.31,198.15,147.54,1.38,21.46,3.85,228.23,124.0,1.46,1.15,0.91,1
1397,2020,15,MIN,CHI,7,7,25.62,253.69,146.92,1.62,27.31,5.69,265.62,119.92,1.62,0.85,0.67,21.69,246.62,93.23,1.31,22.38,6.08,247.46,115.46,2.31,0.54,0.91,0
1398,2020,15,TEN,DET,7,7,30.0,247.38,157.77,0.69,25.85,5.69,282.31,113.85,1.08,0.92,0.68,23.85,280.38,90.31,1.0,29.92,5.69,275.69,132.85,1.38,0.54,0.73,1
1399,2020,15,WAS,SEA,7,7,22.08,234.46,101.23,1.31,21.15,5.46,227.38,107.15,3.0,0.92,0.76,30.23,286.0,121.08,1.31,24.92,5.46,308.38,95.46,2.77,0.85,1.0,0
1400,2020,15,ARI,PHI,7,7,27.54,248.54,151.23,1.15,23.31,7.23,246.0,119.54,2.85,0.77,0.77,21.31,225.31,126.23,1.77,25.23,6.15,242.38,127.31,3.31,0.31,0.72,1
1401,2020,15,LA,NYJ,10,7,25.0,269.92,128.92,1.38,18.92,4.31,213.62,94.15,3.23,1.0,0.73,14.08,186.46,103.69,1.31,30.23,6.54,295.38,112.85,1.62,0.69,0.74,0
1402,2020,15,NO,KC,7,7,28.31,245.46,137.31,1.0,20.38,6.15,226.38,89.15,2.77,1.0,0.8,31.0,327.31,111.69,0.92,21.62,6.85,240.92,128.38,1.85,1.15,0.92,0
1403,2020,15,NYG,CLE,7,6,18.31,202.62,116.54,1.46,22.38,5.23,262.0,101.46,2.54,0.77,0.96,26.77,224.85,156.23,1.08,28.31,6.46,266.77,114.08,2.62,0.77,0.81,0
1404,2020,15,CIN,PIT,8,8,18.77,252.69,92.31,1.62,26.0,5.62,255.92,131.69,1.15,0.69,0.81,26.85,253.92,89.08,0.92,18.23,5.31,226.08,100.92,3.46,1.31,0.95,1
1405,2020,16,NO,MIN,5,5,28.36,244.64,131.79,1.0,21.21,6.43,228.36,95.57,2.79,0.93,0.8,25.71,254.93,147.71,1.57,27.71,5.36,261.07,125.57,1.57,0.86,0.7,1
1406,2020,16,DET,TB,6,6,23.93,282.29,92.64,1.14,31.07,5.5,275.5,137.29,1.36,0.5,0.74,28.64,277.57,93.86,1.07,22.93,5.21,278.14,77.79,3.07,1.0,0.93,0
1407,2020,16,ARI,SF,6,6,27.93,261.64,147.79,1.29,23.5,7.36,252.57,119.36,3.07,0.71,0.78,23.79,276.07,112.57,1.79,25.14,5.64,221.29,104.43,1.79,0.79,0.9,0
1408,2020,16,LV,MIA,9,6,26.93,262.57,121.86,1.5,30.07,5.71,266.14,125.79,1.14,0.71,0.93,25.14,233.43,106.29,1.07,18.36,4.79,260.64,120.0,2.64,1.14,0.91,0
1409,2020,16,BAL,NYG,7,7,28.79,186.79,172.71,1.14,20.5,6.29,250.57,109.93,2.36,0.57,0.88,17.43,203.93,113.5,1.36,22.21,5.0,264.5,101.79,2.43,0.71,0.97,1
1410,2020,16,HOU,CIN,7,6,22.5,295.29,86.0,1.0,27.57,4.86,267.0,150.5,2.21,0.21,0.85,19.36,241.0,96.57,1.5,25.36,5.36,249.79,128.43,1.14,0.71,0.79,0
1411,2020,16,JAX,CHI,7,7,19.64,248.79,99.29,1.5,30.21,6.71,278.07,146.5,1.21,0.71,0.71,22.5,243.43,100.79,1.29,22.71,5.93,249.14,118.5,2.36,0.57,0.93,0
1412,2020,16,KC,ATL,7,7,31.07,322.07,116.5,0.93,22.14,6.71,240.43,123.5,1.79,1.14,0.92,25.36,289.64,93.93,1.07,25.21,5.14,302.93,104.71,2.0,0.64,0.97,1
1413,2020,16,NYJ,CLE,7,7,14.71,187.93,102.93,1.21,29.5,6.5,289.21,112.93,1.71,0.71,0.77,26.29,230.0,152.64,1.0,26.71,6.43,263.5,111.21,2.5,0.71,0.81,1
1414,2020,16,PIT,IND,6,7,26.14,247.93,88.86,1.07,18.86,5.21,216.29,104.57,3.36,1.21,0.95,28.5,268.0,114.0,0.86,22.86,6.0,251.79,98.07,2.36,1.07,0.91,1
1415,2020,16,LAC,DEN,10,8,23.36,285.21,111.43,1.07,27.79,5.36,230.93,123.79,1.71,0.71,0.69,19.71,219.29,118.79,2.07,28.21,5.07,247.5,134.64,2.64,0.57,0.88,1
1416,2020,16,WAS,CAR,7,8,21.57,238.79,100.0,1.36,21.07,5.5,219.79,112.43,2.79,0.93,0.77,23.07,261.5,108.36,1.0,25.43,6.5,252.29,119.43,1.71,0.36,0.81,0
1417,2020,16,DAL,PHI,7,7,24.21,277.86,109.21,1.71,30.93,6.07,232.07,161.79,1.86,0.5,0.79,21.64,233.36,125.57,1.64,25.79,6.36,255.93,125.57,3.14,0.36,0.72,1
1418,2020,16,SEA,LA,7,7,29.5,274.21,125.36,1.29,24.21,5.36,307.43,94.64,2.86,0.93,1.0,24.64,265.57,127.86,1.36,19.21,4.36,213.14,94.07,3.14,0.93,0.75,1
1419,2020,16,GB,TEN,8,7,31.0,273.43,128.93,0.57,24.21,5.71,244.29,110.07,2.71,0.57,1.0,31.14,249.21,160.43,0.64,25.79,5.5,284.07,114.5,1.0,0.93,0.69,1
1420,2020,16,NE,BUF,8,9,20.64,198.93,145.36,1.36,21.5,3.71,222.29,133.0,1.5,1.14,0.93,29.07,289.57,108.21,1.29,24.29,6.86,248.21,121.36,2.43,0.86,0.82,0
1421,2020,17,BUF,MIA,6,8,29.67,293.2,109.67,1.2,23.27,6.6,236.87,122.93,2.47,0.8,0.82,25.2,236.27,107.87,1.0,18.8,4.8,265.67,118.93,2.67,1.07,0.92,1
1422,2020,17,CIN,BAL,7,7,20.53,249.67,101.4,1.4,25.73,5.33,254.73,130.93,1.13,0.67,0.79,28.67,186.53,177.8,1.13,20.0,6.53,250.67,106.2,2.6,0.53,0.89,0
1423,2020,17,CLE,PIT,7,7,25.6,233.67,145.47,1.07,26.47,6.4,260.47,112.53,2.47,0.67,0.78,26.27,254.13,84.4,1.0,19.2,5.27,219.87,106.07,3.47,1.2,0.95,1
1424,2020,17,DET,MIN,8,9,22.8,273.6,91.33,1.2,32.13,5.87,289.87,135.53,1.4,0.47,0.74,26.2,257.33,143.87,1.47,29.33,5.2,264.93,134.8,1.47,0.93,0.7,0
1425,2020,17,NE,NYJ,6,7,19.87,190.87,145.33,1.27,22.6,3.73,230.4,132.8,1.4,1.07,0.93,15.27,189.93,104.8,1.13,28.6,6.53,288.93,108.4,1.87,0.67,0.75,1
1426,2020,17,NYG,DAL,7,7,17.13,207.13,109.53,1.27,22.53,5.0,259.07,111.6,2.27,0.67,0.97,25.07,284.47,112.0,1.67,30.0,6.0,239.4,161.07,1.93,0.6,0.81,1
1427,2020,17,TB,ATL,8,7,29.87,291.8,95.0,1.0,21.87,5.4,269.73,77.47,3.13,1.0,0.89,24.6,290.33,93.67,1.07,24.67,5.27,301.27,105.53,1.87,0.73,0.95,1
1428,2020,17,CAR,NO,7,9,22.87,257.2,108.67,1.07,24.6,6.27,254.87,118.67,1.8,0.47,0.81,29.93,249.6,140.6,1.07,22.0,6.27,232.53,95.2,2.73,0.87,0.81,0
1429,2020,17,CHI,GB,7,7,23.73,244.87,102.6,1.27,22.33,5.8,246.6,115.67,2.27,0.67,0.93,31.6,270.6,135.93,0.6,23.53,5.33,236.07,113.13,2.67,0.67,1.0,0
1430,2020,17,DEN,LV,7,8,19.47,222.27,119.73,2.07,27.6,5.13,247.87,131.6,2.6,0.53,0.86,26.8,267.47,120.67,1.4,29.8,5.6,266.8,126.07,1.27,0.67,0.94,0
1431,2020,17,HOU,TEN,7,7,23.07,297.2,91.33,1.0,28.2,4.93,273.93,151.73,2.07,0.2,0.85,30.0,240.67,160.13,0.73,26.73,5.33,280.53,122.47,1.0,0.93,0.69,0
1432,2020,17,IND,JAX,7,7,28.2,268.13,114.87,0.93,23.2,6.2,257.73,93.0,2.27,1.0,0.91,19.47,246.27,97.73,1.53,30.93,6.93,277.2,145.27,1.2,0.73,0.72,1
1433,2020,17,KC,LAC,7,7,30.13,319.13,116.53,1.0,21.6,6.67,244.4,121.27,1.93,1.07,0.93,23.07,283.07,109.93,1.0,27.0,5.4,233.13,124.4,1.73,0.8,0.73,0
1434,2020,17,LA,ARI,7,8,23.6,263.47,127.2,1.33,19.27,4.4,213.93,94.13,3.27,0.87,0.78,26.87,260.67,145.93,1.33,23.27,7.13,247.87,126.53,3.07,0.67,0.79,1
1435,2020,17,SF,SEA,8,7,23.53,269.8,120.2,1.73,24.27,5.53,223.0,105.47,1.87,0.8,0.83,28.87,270.93,123.33,1.2,23.2,5.33,302.53,96.2,2.87,0.93,1.0,0
1436,2020,17,PHI,WAS,7,7,21.33,240.6,127.27,1.73,26.53,6.73,264.0,127.27,3.07,0.4,0.74,21.0,242.27,100.53,1.47,21.0,5.47,218.27,112.47,2.87,0.93,0.78,0
1437,2021,2,WAS,NYG,4,4,16.0,135.0,126.0,1.0,20.0,8.0,337.0,90.0,2.0,1.0,0.75,13.0,267.0,60.0,1.0,27.0,4.0,264.0,165.0,2.0,0.0,0.0,1
1438,2021,2,CAR,NO,7,7,19.0,279.0,111.0,1.0,14.0,6.0,258.0,45.0,6.0,1.0,1.0,38.0,151.0,171.0,0.0,3.0,6.0,201.0,43.0,2.0,2.0,1.0,1
1439,2021,2,CHI,CIN,7,7,14.0,216.0,134.0,2.0,34.0,3.0,321.0,74.0,1.0,0.0,0.0,27.0,261.0,149.0,0.0,24.0,3.0,362.0,67.0,3.0,0.0,1.0,1
1440,2021,2,CLE,HOU,7,7,29.0,321.0,153.0,2.0,33.0,5.0,337.0,73.0,2.0,0.0,0.0,37.0,291.0,160.0,0.0,21.0,5.0,332.0,76.0,1.0,3.0,1.0,1
1441,2021,2,IND,LA,7,7,16.0,251.0,113.0,1.0,28.0,2.0,254.0,140.0,3.0,0.0,1.0,34.0,321.0,74.0,0.0,14.0,4.0,216.0,134.0,3.0,1.0,1.0,0
1442,2021,2,JAX,DEN,7,7,21.0,332.0,76.0,3.0,37.0,10.0,291.0,160.0,1.0,0.0,0.0,27.0,264.0,165.0,1.0,13.0,5.0,267.0,60.0,2.0,0.0,1.0,0
1443,2021,2,MIA,BUF,7,7,17.0,202.0,74.0,1.0,16.0,5.0,281.0,125.0,0.0,0.0,1.0,16.0,270.0,117.0,1.0,23.0,8.0,188.0,75.0,2.0,0.0,1.0,0
1444,2021,2,NYJ,NE,7,7,14.0,258.0,45.0,1.0,19.0,5.0,279.0,111.0,1.0,0.0,0.0,16.0,281.0,125.0,2.0,17.0,8.0,202.0,74.0,2.0,1.0,1.0,0
1445,2021,2,PHI,SF,7,7,32.0,264.0,173.0,0.0,6.0,14.0,164.0,124.0,3.0,0.0,1.0,41.0,319.0,131.0,2.0,33.0,7.0,338.0,116.0,3.0,1.0,0.67,0
1446,2021,2,PIT,LV,7,6,23.0,188.0,75.0,0.0,16.0,5.0,270.0,117.0,3.0,0.0,1.0,33.0,435.0,82.0,1.0,27.0,10.0,235.0,189.0,3.0,0.0,1.0,0
1447,2021,2,ARI,MIN,7,7,38.0,289.0,136.0,1.0,13.0,8.0,218.0,86.0,6.0,1.0,0.5,24.0,362.0,67.0,1.0,27.0,12.0,261.0,149.0,5.0,0.0,1.0,1
1448,2021,2,TB,ATL,10,7,31.0,379.0,52.0,4.0,29.0,11.0,403.0,60.0,1.0,1.0,1.0,6.0,164.0,124.0,0.0,32.0,12.0,264.0,173.0,1.0,0.0,1.0,1
1449,2021,2,LAC,DAL,7,10,20.0,337.0,90.0,2.0,16.0,6.0,135.0,126.0,1.0,0.0,1.0,29.0,403.0,60.0,1.0,31.0,8.0,379.0,52.0,0.0,2.0,0.6,0
1450,2021,2,SEA,TEN,7,7,28.0,254.0,140.0,1.0,16.0,7.0,251.0,113.0,3.0,0.0,0.0,13.0,218.0,86.0,3.0,38.0,7.0,289.0,136.0,2.0,1.0,0.0,0
1451,2021,2,BAL,KC,6,7,27.0,235.0,189.0,2.0,33.0,5.0,435.0,82.0,3.0,1.0,1.0,33.0,337.0,73.0,0.0,29.0,5.0,321.0,153.0,2.0,1.0,1.0,1
1452,2021,2,GB,DET,8,8,3.0,201.0,43.0,3.0,38.0,5.0,151.0,171.0,0.0,0.0,1.0,33.0,338.0,116.0,1.0,41.0,5.0,319.0,131.0,1.0,0.0,0.5,1
1453,2021,3,HOU,CAR,4,4,29.0,259.0,121.0,0.5,26.0,7.0,272.5,116.0,1.5,2.0,0.75,22.5,292.0,100.0,1.0,10.5,5.5,184.5,46.5,5.0,1.5,0.8,0
1454,2021,3,BUF,WAS,7,10,25.5,224.5,130.0,1.5,11.5,7.0,185.0,73.0,4.0,0.5,0.75,23.0,235.5,106.5,1.0,24.5,8.5,293.0,126.5,3.0,0.5,0.86,1
1455,2021,3,CLE,CHI,7,7,30.0,267.0,154.5,2.0,27.0,5.0,282.0,77.5,1.5,0.5,1.0,17.0,166.0,128.5,1.5,25.5,5.5,264.0,71.5,3.0,1.5,1.0,1
1456,2021,3,DET,BAL,6,7,25.0,292.0,112.0,1.5,38.0,7.0,287.0,113.5,2.0,0.0,0.67,31.5,237.0,220.0,2.0,34.0,6.5,389.0,72.0,1.5,1.0,1.0,0
1457,2021,3,JAX,ARI,7,7,17.0,225.0,75.5,2.5,30.0,8.5,309.5,128.0,2.0,0.0,0.0,36.0,344.5,119.5,1.5,23.0,6.5,231.0,131.5,3.5,0.5,0.75,0
1458,2021,3,KC,LAC,7,7,34.0,340.0,67.5,1.0,32.5,5.0,280.0,202.0,1.5,1.5,1.0,18.5,337.5,92.5,2.0,18.0,9.0,186.0,162.0,1.5,0.5,0.83,0
1459,2021,3,NE,NO,7,7,20.5,233.5,113.0,1.0,11.5,7.0,206.0,113.0,3.0,2.5,1.0,22.5,131.0,109.5,1.0,14.5,8.5,253.0,66.0,2.0,1.5,1.0,0
1460,2021,3,NYG,ATL,10,7,21.0,258.0,111.5,0.5,28.5,7.5,300.0,126.0,1.5,0.5,1.0,15.5,232.0,89.5,1.5,40.0,9.0,270.0,127.5,2.0,0.0,1.0,0
1461,2021,3,PIT,CIN,7,7,20.0,241.5,57.0,0.5,21.0,5.0,326.0,84.5,2.5,0.0,1.0,22.0,234.0,109.0,2.0,22.0,3.5,239.0,95.0,3.0,0.5,1.0,0
1462,2021,3,TEN,IND,7,7,23.0,282.5,149.0,2.0,34.0,6.0,316.0,106.5,2.5,0.5,0.67,20.0,261.5,111.0,1.5,27.5,2.5,266.0,120.5,2.0,0.5,1.0,1
1463,2021,3,DEN,NYJ,7,7,25.0,296.0,130.5,0.5,13.0,7.5,192.5,67.5,1.5,1.0,1.0,10.0,234.0,98.5,2.5,22.0,6.5,232.5,106.0,2.0,0.0,0.67,1
1464,2021,3,LV,MIA,7,7,29.5,408.5,67.0,0.5,22.0,7.5,265.0,114.0,2.5,0.5,1.0,8.5,192.0,72.5,1.5,25.5,7.0,230.0,134.0,0.5,0.5,1.0,1
1465,2021,3,LA,TB,7,7,30.5,299.5,87.5,1.0,19.0,3.0,244.0,121.5,3.0,1.5,1.0,39.5,327.5,67.0,2.5,27.0,10.0,351.5,57.5,1.0,2.0,1.0,1
1466,2021,3,MIN,SEA,7,7,28.5,303.0,122.0,0.5,30.5,7.5,330.5,126.0,4.0,1.0,0.75,29.0,298.5,108.5,0.5,24.5,8.5,299.0,162.5,3.0,0.0,1.0,1
1467,2021,3,SF,GB,7,6,29.0,254.0,124.0,1.0,22.0,6.0,264.0,133.5,2.5,0.5,0.75,19.0,228.0,69.5,1.5,27.5,5.0,198.5,139.5,0.0,0.5,1.0,0
1468,2021,3,DAL,PHI,8,8,24.5,320.0,129.0,1.0,24.0,8.0,358.5,73.5,1.0,2.0,0.71,21.5,227.0,162.0,0.0,11.5,11.0,176.5,120.5,1.5,0.0,0.67,1
1469,2021,4,CIN,JAX,4,4,22.67,213.33,104.67,1.67,18.0,5.67,265.33,78.33,3.33,1.0,1.0,17.67,223.0,103.33,3.0,30.33,7.0,311.67,115.67,1.33,0.33,0.0,1
1470,2021,4,ATL,WAS,7,7,16.0,235.67,82.67,1.33,31.33,7.33,268.67,118.33,2.0,0.0,1.0,22.33,227.67,97.0,1.67,30.67,7.33,315.0,125.0,2.0,0.33,0.86,0
1471,2021,4,BUF,HOU,7,10,31.33,269.33,127.33,1.0,14.67,6.33,194.0,74.67,3.0,1.0,0.86,22.33,228.67,94.67,0.33,25.33,7.0,283.0,116.33,2.0,1.33,0.8,1
1472,2021,4,CHI,DET,7,7,13.33,133.33,101.0,1.0,25.67,5.33,258.0,119.33,3.67,1.0,1.0,22.33,267.0,105.67,1.0,31.67,7.0,287.0,114.33,2.67,0.33,0.75,1
1473,2021,4,DAL,CAR,6,10,30.0,292.67,139.33,1.0,23.0,6.67,347.67,70.33,1.33,2.0,0.71,23.0,296.0,105.67,0.67,10.0,6.33,179.0,45.0,4.67,1.0,0.83,1
1474,2021,4,MIA,IND,7,7,15.0,199.67,92.67,1.0,27.33,7.33,282.0,136.0,1.33,0.67,0.75,18.67,239.0,103.0,1.0,26.67,3.0,243.0,140.33,1.67,1.0,0.88,0
1475,2021,4,MIN,CLE,7,7,29.0,309.67,128.0,0.33,26.0,6.33,319.67,119.33,3.33,0.67,0.86,28.67,260.0,174.67,1.33,20.0,5.67,210.67,67.0,4.0,0.33,1.0,0
1476,2021,4,NO,NYG,7,7,24.33,130.0,120.33,0.67,14.0,6.33,258.67,60.33,2.0,2.0,0.33,18.67,260.67,107.67,0.67,24.67,7.67,281.0,107.0,2.0,0.33,1.0,0
1477,2021,4,NYJ,TEN,7,7,6.67,209.33,80.0,2.33,23.33,7.33,233.33,110.67,2.0,0.0,0.67,23.67,254.0,159.33,2.33,28.0,5.33,275.33,100.0,2.33,0.33,0.71,1
1478,2021,4,PHI,KC,6,7,21.33,260.0,129.33,0.67,21.33,11.67,197.0,133.67,2.33,0.0,0.67,30.67,313.33,107.0,2.0,31.67,5.33,280.33,160.33,1.33,1.0,1.0,0
1479,2021,4,LA,ARI,7,7,31.67,314.0,83.67,0.67,20.67,2.33,306.67,92.67,3.0,1.0,1.0,34.33,335.0,110.0,1.33,21.67,6.67,227.0,140.67,3.0,1.0,0.67,0
1480,2021,4,SF,SEA,7,7,28.67,255.0,105.0,1.33,24.67,5.33,263.0,122.33,2.0,0.33,0.75,25.0,298.33,107.67,0.33,26.33,7.0,307.0,155.0,2.33,0.0,0.67,0
1481,2021,4,DEN,BAL,7,7,25.33,275.67,127.0,0.67,8.67,7.0,181.67,59.33,2.67,1.33,1.0,27.33,253.67,185.33,1.67,28.33,6.33,331.67,79.0,1.67,0.67,0.88,0
1482,2021,4,GB,PIT,7,7,22.67,239.0,79.67,1.0,27.67,5.67,218.0,115.33,1.33,0.67,1.0,16.67,267.0,53.0,1.0,22.0,6.67,274.67,88.33,1.67,0.33,0.83,1
1483,2021,4,NE,TB,7,7,18.0,245.67,91.67,1.67,17.0,6.0,180.0,122.67,3.0,1.67,1.0,34.33,362.33,56.33,1.67,29.33,9.0,348.67,63.67,1.0,1.33,0.67,0
1484,2021,4,LAC,LV,8,8,22.33,318.67,87.33,1.33,20.0,8.67,210.67,170.0,1.67,1.0,0.86,30.0,401.0,91.33,0.67,24.0,7.67,248.33,120.33,2.33,0.33,1.0,1
1485,2021,5,SEA,LA,4,4,25.75,261.0,107.0,0.25,25.0,6.5,310.75,152.0,2.25,0.25,0.67,28.75,305.5,93.0,1.0,24.75,3.0,297.0,123.5,3.0,0.75,0.89,0
1486,2021,5,ATL,NYJ,7,7,19.5,247.5,86.75,1.0,32.0,7.25,274.0,119.25,1.75,0.0,1.0,11.75,231.25,76.5,2.0,23.5,7.0,249.5,127.25,3.25,0.0,0.8,1
1487,2021,5,CAR,PHI,7,7,24.25,297.25,107.5,1.0,16.5,6.25,181.25,95.0,3.5,0.75,0.71,23.5,291.75,122.75,0.5,26.5,11.0,217.25,150.25,2.0,0.25,0.83,0
1488,2021,5,CIN,GB,10,7,23.0,247.0,98.0,1.25,18.75,5.75,250.0,93.5,2.75,0.75,0.83,23.75,241.25,92.5,1.0,25.0,5.0,221.5,102.0,1.5,0.75,1.0,0
1489,2021,5,HOU,NE,7,7,16.75,193.25,83.0,1.5,29.0,7.75,276.25,137.0,1.75,1.25,0.8,17.75,264.25,68.5,1.75,17.5,6.5,202.25,122.0,2.5,1.25,0.91,0
1490,2021,5,JAX,TEN,10,7,18.5,218.25,112.25,2.25,28.75,5.75,320.75,106.25,1.25,0.25,0.0,23.75,265.0,163.75,1.75,27.75,6.0,280.75,91.5,2.0,0.5,0.73,0
1491,2021,5,MIN,DET,7,7,23.5,283.0,112.25,0.5,23.0,6.5,278.5,135.5,3.25,0.5,0.86,20.25,275.0,101.75,1.25,29.75,6.25,267.5,132.75,2.25,0.5,0.75,1
1492,2021,5,PIT,DEN,7,7,16.75,258.25,55.25,1.25,23.25,6.25,268.0,99.0,2.0,0.25,0.86,20.75,251.25,121.75,0.75,12.25,6.25,215.25,70.0,2.75,1.0,1.0,1
1493,2021,5,TB,MIA,7,7,30.5,339.0,72.25,1.25,26.25,8.5,341.5,47.5,1.75,1.25,0.75,15.5,199.5,78.25,1.0,27.25,6.75,268.5,136.75,1.5,0.5,0.8,1
1494,2021,5,WAS,NO,7,7,25.25,243.25,103.25,1.25,30.5,7.0,307.0,118.5,1.75,0.25,0.88,23.5,156.25,132.75,0.75,17.25,6.0,294.5,66.0,1.5,1.75,0.25,0
1495,2021,5,LAC,CLE,6,7,23.75,294.5,107.5,1.0,18.5,8.25,207.0,139.5,2.25,1.0,0.86,25.0,233.75,177.0,1.0,16.75,6.0,208.75,66.5,3.5,0.5,1.0,1
1496,2021,5,LV,CHI,6,7,26.0,349.75,80.5,0.75,25.0,7.5,241.75,132.25,2.25,0.25,0.9,16.0,152.25,122.75,1.0,22.75,5.75,268.25,112.0,3.75,0.75,1.0,0
1497,2021,5,ARI,SF,7,7,35.0,318.25,136.5,1.0,21.25,6.75,240.25,135.75,2.25,1.0,0.78,26.75,271.75,114.5,1.25,25.5,6.0,234.5,118.0,2.25,0.25,0.6,1
1498,2021,5,DAL,NYG,7,7,31.5,266.5,165.75,0.75,24.25,6.75,336.0,81.0,2.25,2.0,0.75,20.75,296.0,101.5,0.75,23.75,6.5,269.5,122.75,1.5,0.5,0.9,1
1499,2021,5,KC,BUF,7,7,33.5,304.5,130.25,1.75,31.25,5.75,307.0,146.0,1.75,0.75,1.0,33.5,266.0,145.25,1.0,11.0,5.5,167.25,68.0,2.75,1.75,0.91,0
1500,2021,5,BAL,IND,8,8,26.25,269.25,164.5,1.25,23.0,6.25,293.25,85.75,2.5,0.75,0.91,20.75,236.25,112.0,0.75,24.25,4.25,232.0,114.0,2.0,0.75,0.9,1
1501,2021,6,PHI,TB,4,4,23.0,273.0,116.4,0.8,24.8,10.0,209.2,142.0,2.2,0.8,0.88,33.4,361.6,82.0,1.0,24.4,8.0,328.2,45.8,2.0,1.2,0.7,0
1502,2021,6,JAX,MIA,7,7,18.6,229.2,129.4,2.2,30.4,5.4,296.0,121.8,1.6,0.2,0.0,15.8,214.6,70.4,1.2,30.8,6.4,305.2,133.6,1.6,0.4,0.83,1
1503,2021,6,BAL,LAC,6,7,27.2,303.8,148.8,1.2,23.4,6.6,315.0,93.2,2.4,0.6,0.92,28.4,315.2,108.4,1.0,23.2,7.8,226.6,157.6,2.0,0.8,0.86,1
1504,2021,6,CAR,MIN,7,7,23.0,273.2,107.8,1.4,17.4,6.8,184.6,94.2,3.2,0.8,0.8,22.6,281.4,113.8,0.8,21.8,6.6,263.4,130.0,3.4,0.6,0.83,0
1505,2021,6,CHI,GB,7,7,16.8,145.6,126.8,0.8,20.0,6.2,255.8,103.8,3.6,0.8,1.0,24.0,261.8,100.6,1.0,24.4,4.4,233.4,102.2,1.8,1.0,0.77,0
1506,2021,6,DET,CIN,7,7,19.6,260.6,103.0,1.4,27.6,5.6,269.0,130.2,2.2,0.6,0.86,22.8,253.8,99.0,1.4,20.0,5.0,268.8,101.4,2.6,0.8,0.62,0
1507,2021,6,IND,HOU,6,7,21.6,269.4,114.2,0.8,25.6,4.4,274.0,108.4,2.0,0.6,0.79,17.8,217.0,79.8,1.4,28.2,7.8,267.2,134.8,1.6,1.2,0.71,1
1508,2021,6,NYG,LA,7,10,20.6,295.6,95.8,1.0,27.8,6.2,280.4,138.4,1.6,0.6,0.85,28.2,317.4,98.0,1.0,23.2,3.4,294.2,117.2,2.8,1.0,0.91,0
1509,2021,6,WAS,KC,7,7,24.6,244.2,108.8,1.4,31.0,6.6,301.4,114.4,1.8,0.4,0.91,30.8,298.0,128.2,2.0,32.6,6.0,308.6,141.0,1.4,0.6,1.0,0
1510,2021,6,CLE,ARI,7,7,28.4,248.0,187.6,0.8,22.8,6.2,246.6,75.6,3.2,0.4,1.0,31.4,302.4,128.0,1.0,19.0,6.6,230.6,139.0,2.2,1.0,0.73,0
1511,2021,6,DEN,LV,7,7,20.4,258.6,118.6,0.8,15.2,6.4,222.8,85.4,2.4,0.8,1.0,22.6,321.0,78.6,0.8,24.0,8.0,217.2,134.4,2.2,0.2,0.91,0
1512,2021,6,NE,DAL,7,7,19.2,257.6,80.0,1.8,18.4,6.2,224.2,111.0,2.6,1.0,0.93,34.0,278.0,172.8,1.0,23.4,7.0,327.6,79.4,1.8,2.0,0.82,0
1513,2021,6,PIT,SEA,7,10,18.8,257.2,73.6,1.2,22.4,6.6,272.0,100.4,2.0,0.4,0.89,24.0,265.4,104.0,0.6,25.2,5.8,321.6,145.2,2.0,0.4,0.6,1
1514,2021,6,TEN,BUF,8,8,26.4,251.4,167.8,1.4,26.0,6.2,279.2,112.8,2.0,0.6,0.75,34.4,275.8,140.4,0.8,12.8,6.4,188.2,78.4,2.6,1.8,0.92,1
1515,2021,7,CLE,DEN,4,4,26.0,246.67,168.5,1.17,25.17,6.67,243.67,87.0,3.0,0.33,1.0,21.0,271.17,117.5,1.33,18.33,6.33,242.5,85.5,2.33,0.67,1.0,1
1516,2021,7,BAL,CIN,7,7,28.33,281.0,155.17,1.33,20.5,5.83,295.0,82.0,2.33,0.67,0.93,24.67,257.83,106.17,1.33,18.5,4.83,257.67,90.5,2.33,0.83,0.7,0
1517,2021,7,GB,WAS,7,7,24.0,250.67,109.5,0.83,22.67,4.17,223.5,108.5,2.17,1.0,0.79,22.67,233.83,106.33,1.5,31.0,6.5,317.33,113.5,2.0,0.67,0.86,1
1518,2021,7,MIA,ATL,7,14,16.5,237.83,71.5,1.17,29.5,6.5,307.5,125.33,1.67,0.33,0.78,21.0,266.4,91.0,1.2,29.6,6.6,257.6,108.2,1.8,0.2,1.0,0
1519,2021,7,NE,NYJ,7,14,20.83,252.83,86.67,1.83,21.17,6.0,261.0,112.83,2.17,1.0,0.93,13.4,223.4,74.0,1.8,24.2,7.0,268.0,123.4,2.6,0.0,0.86,1
1520,2021,7,NYG,CAR,7,7,19.0,286.67,89.83,1.5,29.5,6.0,275.5,137.17,1.67,0.83,0.86,23.83,262.17,109.5,1.67,20.17,6.67,216.0,111.5,2.67,0.67,0.83,1
1521,2021,7,TEN,KC,6,7,27.67,245.5,164.17,1.33,26.83,6.33,291.5,107.67,2.17,0.67,0.79,30.83,314.5,125.0,2.17,29.33,5.83,287.5,133.17,1.17,0.67,1.0,1
1522,2021,7,LA,DET,7,7,29.83,306.33,103.5,1.17,21.17,4.0,285.5,107.67,3.0,1.33,0.92,18.17,250.83,91.83,1.33,28.67,6.17,270.5,132.17,2.17,0.67,0.88,1
1523,2021,7,LV,PHI,7,10,24.5,324.33,79.83,0.67,24.0,7.67,236.67,130.67,2.67,0.67,0.86,22.83,246.67,113.67,0.83,25.33,9.0,223.83,135.33,1.83,0.83,0.78,1
1524,2021,7,ARI,HOU,7,7,32.33,290.17,130.67,0.83,18.17,6.33,232.17,128.0,2.67,1.0,0.79,15.33,221.33,87.17,1.67,28.67,7.17,259.83,141.33,1.67,1.0,0.75,1
1525,2021,7,TB,CHI,10,7,32.5,350.83,85.33,1.0,24.0,7.83,292.67,54.83,2.0,1.17,0.7,16.33,150.33,129.0,0.83,20.67,6.33,245.67,112.17,3.5,0.67,1.0,1
1526,2021,7,SF,IND,14,7,23.4,255.8,122.0,1.2,23.8,6.2,235.4,113.2,2.2,0.2,0.67,23.17,261.67,124.17,0.67,21.83,4.0,268.83,111.0,2.0,0.83,0.8,0
1527,2021,7,SEA,NO,8,15,23.33,256.0,110.67,0.67,24.83,5.83,306.17,140.83,1.67,0.33,0.71,25.4,180.8,125.8,1.0,18.2,6.0,285.2,79.0,1.6,1.8,0.25,0
1528,2021,8,ARI,GB,4,4,32.14,286.0,136.57,0.86,16.29,6.43,218.29,115.71,2.57,0.86,0.8,24.0,254.0,102.0,0.86,20.86,4.14,229.86,120.86,2.43,1.0,0.75,0
1529,2021,8,ATL,CAR,7,7,22.5,278.0,87.83,1.33,29.33,6.0,263.17,112.17,1.67,0.5,1.0,20.86,245.43,101.86,1.57,20.86,6.71,216.43,110.29,2.57,0.57,0.85,0
1530,2021,8,BUF,MIA,13,7,33.83,288.67,130.67,0.83,16.33,6.67,192.83,89.67,2.17,1.67,0.93,18.14,245.43,80.14,1.29,29.57,6.43,311.57,117.71,1.57,0.43,0.7,1
1531,2021,8,CHI,SF,7,7,14.43,155.14,131.0,1.43,23.14,6.0,242.86,122.14,3.0,0.57,1.0,22.5,243.33,120.17,1.67,24.83,6.33,221.17,119.0,2.0,0.17,0.75,0
1532,2021,8,CLE,PIT,10,14,24.71,239.86,170.43,1.0,23.57,7.0,235.57,80.43,2.86,0.43,0.91,19.5,252.5,81.17,1.17,22.0,6.33,261.5,107.67,2.5,0.33,0.92,0
1533,2021,8,DET,PHI,7,7,18.29,255.71,98.29,1.43,28.57,6.43,279.57,120.0,2.0,0.57,0.92,22.71,245.14,116.71,1.0,26.43,8.29,238.0,133.0,1.57,0.86,0.78,0
1534,2021,8,HOU,LA,7,7,13.86,209.0,80.71,1.57,29.0,7.29,260.0,145.71,2.0,1.0,0.78,29.57,310.29,95.43,1.0,20.86,4.0,285.43,111.86,2.86,1.43,0.93,0
1535,2021,8,IND,TEN,7,7,24.14,245.71,127.57,0.86,21.29,4.29,256.29,111.0,2.0,1.0,0.81,27.57,249.71,155.43,1.29,23.43,6.29,291.0,103.29,2.43,0.71,0.81,0
1536,2021,8,NYJ,CIN,7,7,13.33,228.33,72.0,2.0,29.17,6.67,291.83,127.5,2.33,0.0,0.75,27.0,280.43,106.86,1.29,18.29,4.29,263.14,94.0,2.71,0.71,0.75,1
1537,2021,8,LAC,NE,14,7,24.67,295.17,94.67,1.0,25.0,7.17,216.67,162.5,2.17,1.0,0.86,25.57,275.43,95.43,1.57,20.0,6.0,259.86,105.57,2.14,1.14,0.94,0
1538,2021,8,SEA,JAX,6,14,21.43,243.29,107.71,0.57,23.14,5.86,294.14,134.14,1.71,0.29,0.6,19.33,244.17,121.83,2.0,28.67,5.83,305.67,114.33,1.33,0.33,0.43,1
1539,2021,8,DEN,WAS,10,7,20.0,259.14,106.57,1.29,18.14,5.71,236.29,99.29,2.14,0.57,1.0,20.86,238.71,119.0,1.57,30.0,6.14,311.14,105.43,2.14,0.57,0.81,1
1540,2021,8,NO,TB,6,7,23.33,187.67,120.5,1.0,16.83,6.17,265.5,80.83,2.17,1.5,0.5,33.29,333.0,99.14,1.0,21.0,6.86,277.14,67.43,2.29,1.43,0.67,1
1541,2021,8,MIN,DAL,14,14,24.5,296.67,127.83,0.83,22.83,7.33,254.0,128.0,3.5,0.67,0.76,34.17,305.83,164.33,1.17,24.33,7.83,311.17,86.17,1.83,1.83,0.8,0
1542,2021,8,KC,NYG,8,8,26.86,310.71,118.14,2.29,29.0,6.29,285.71,128.86,1.14,0.71,0.88,19.86,277.0,91.71,1.29,25.71,6.29,256.86,125.57,2.29,0.86,0.88,1
1543,2021,9,IND,NYJ,4,4,25.0,243.88,122.0,1.0,22.88,4.88,257.38,108.75,2.12,1.12,0.82,16.29,256.0,75.57,2.14,29.43,6.86,293.71,115.14,2.43,0.14,0.73,1
1544,2021,9,BAL,MIN,14,7,26.71,283.14,149.43,1.14,23.43,5.71,312.29,86.14,2.14,0.71,0.93,23.29,280.57,124.0,0.71,22.43,7.29,269.14,120.86,3.43,0.71,0.8,1
1545,2021,9,CAR,NE,7,7,20.62,230.88,114.5,1.5,19.88,6.88,207.62,106.75,2.62,0.75,0.88,25.75,268.12,101.25,1.5,20.5,5.75,255.25,112.75,2.25,1.25,0.95,0
1546,2021,9,CIN,CLE,7,7,27.5,283.5,98.62,1.25,20.25,4.38,283.0,94.38,2.62,0.88,0.77,22.88,238.0,161.12,1.0,22.5,6.75,239.38,84.75,2.75,0.38,0.92,0
1547,2021,9,DAL,DEN,7,7,32.14,313.57,152.0,1.29,23.14,8.29,293.0,88.29,1.71,1.57,0.78,19.62,253.38,103.62,1.25,17.12,5.5,240.5,100.88,2.5,0.75,0.93,0
1548,2021,9,JAX,BUF,7,7,17.57,243.29,116.14,1.86,29.0,6.71,289.86,107.86,1.57,0.29,0.43,32.71,283.0,126.57,0.71,15.57,7.0,194.57,86.57,2.14,1.57,0.94,1
1549,2021,9,MIA,HOU,7,7,17.25,240.38,78.62,1.25,29.12,6.75,303.75,115.75,1.38,0.38,0.67,14.88,221.62,76.12,1.5,30.12,7.12,266.25,148.12,1.88,0.88,0.7,1
1550,2021,9,NO,ATL,7,7,25.14,191.57,125.0,0.86,18.29,5.57,281.14,79.43,2.29,1.57,0.67,21.14,259.14,87.0,1.43,27.86,5.57,244.0,125.14,1.43,0.43,0.92,0
1551,2021,9,NYG,LV,6,14,19.5,272.5,89.25,1.25,25.0,6.75,259.12,123.25,2.25,0.88,0.89,25.71,324.14,85.43,0.71,23.71,7.57,236.57,131.29,2.57,0.57,0.88,1
1552,2021,9,PHI,LAC,7,7,25.38,228.75,131.62,0.88,23.88,7.5,236.0,123.5,2.12,0.75,0.83,24.57,284.86,104.43,1.14,25.29,6.86,216.71,159.57,2.0,0.86,0.88,0
1553,2021,9,KC,GB,6,10,26.0,306.25,116.75,2.25,27.5,7.0,280.12,121.75,1.38,0.75,0.9,24.0,245.25,108.12,0.75,20.88,4.5,235.38,115.0,2.38,1.12,0.76,1
1554,2021,9,SF,ARI,7,10,24.0,254.57,123.71,1.43,24.43,6.43,214.57,127.14,2.29,0.29,0.77,30.75,284.5,128.75,1.0,17.25,6.5,214.0,120.12,2.38,0.75,0.8,0
1555,2021,9,LA,TEN,7,7,30.62,310.25,104.12,0.88,21.0,3.88,288.5,103.38,3.12,1.38,0.93,28.38,251.62,147.62,1.38,24.38,6.88,283.5,100.75,2.25,0.88,0.83,0
1556,2021,9,PIT,CHI,8,8,18.86,254.43,86.0,1.0,20.29,6.57,256.29,106.0,2.71,0.29,0.92,15.38,157.62,136.62,1.38,24.38,5.75,252.75,125.0,2.62,0.5,1.0,1
1557,2021,10,MIA,BAL,4,4,17.22,240.78,75.11,1.56,26.89,6.22,296.67,111.0,1.78,0.67,0.69,27.62,281.0,161.62,1.25,24.38,6.0,296.62,91.75,1.88,0.62,0.94,1
1558,2021,10,DAL,ATL,7,7,30.12,303.38,142.75,1.25,24.0,7.88,287.5,101.0,2.0,1.38,0.78,21.88,269.62,80.38,1.25,27.5,5.62,248.75,123.12,1.38,0.38,0.93,1
1559,2021,10,IND,JAX,10,7,27.22,247.0,137.33,0.89,23.67,4.56,274.56,106.44,2.11,1.11,0.83,16.5,231.75,111.5,1.75,26.12,6.88,286.62,103.38,1.88,0.5,0.55,1
1560,2021,10,NE,CLE,7,7,25.56,253.78,106.78,1.56,18.89,5.78,246.0,108.89,2.11,1.44,0.91,24.89,235.78,160.22,0.89,21.78,7.11,244.78,84.78,3.0,0.56,0.87,1
1561,2021,10,NYJ,BUF,10,7,18.0,275.5,77.12,2.12,31.38,6.88,291.0,133.25,2.25,0.12,0.75,29.38,280.62,119.75,1.0,14.75,7.62,189.12,85.62,2.12,1.38,0.95,0
1562,2021,10,TEN,NO,7,7,28.33,239.56,138.89,1.33,23.44,6.56,284.67,100.0,2.56,1.0,0.83,25.12,202.88,123.0,0.88,19.38,6.12,288.88,73.75,2.25,1.38,0.73,1
1563,2021,10,WAS,TB,14,14,19.5,242.62,118.12,1.62,28.38,5.88,298.88,102.62,2.38,0.5,0.74,32.5,338.25,95.62,1.25,22.88,7.38,269.38,78.0,2.12,1.25,0.67,1
1564,2021,10,ARI,CAR,7,7,30.78,284.22,132.56,0.89,17.22,6.78,226.44,111.11,2.67,0.78,0.81,19.0,224.33,110.44,1.67,20.33,7.22,200.0,111.67,2.56,0.78,0.89,0
1565,2021,10,LAC,MIN,7,7,24.88,293.75,102.5,1.0,25.12,6.5,209.88,161.62,1.88,0.75,0.9,24.25,268.88,124.88,0.62,23.88,7.38,268.75,136.62,3.38,0.88,0.81,0
1566,2021,10,DEN,PHI,7,7,20.78,252.89,113.22,1.11,17.0,5.44,239.56,98.33,2.44,0.78,0.89,25.22,221.33,136.56,0.78,24.22,7.0,249.33,119.67,1.89,0.67,0.85,0
1567,2021,10,GB,SEA,7,14,22.11,239.11,109.67,0.78,20.0,4.44,227.67,110.78,2.22,1.0,0.68,22.62,237.25,102.88,0.5,21.12,5.75,287.12,127.62,1.62,0.38,0.64,1
1568,2021,10,LV,KC,7,7,24.5,320.62,89.38,1.0,23.62,7.38,220.75,133.5,2.62,0.5,0.85,24.56,290.67,112.33,2.0,25.22,6.89,270.11,121.78,1.33,0.78,0.92,0
1569,2021,10,SF,LA,8,8,23.12,263.5,113.12,1.62,25.25,6.0,223.0,131.62,2.25,0.25,0.79,29.0,308.44,103.0,1.0,21.78,4.78,272.33,99.56,3.11,1.33,0.94,1
1570,2021,11,ATL,NE,4,4,19.78,254.22,82.89,1.44,29.22,5.67,256.33,122.11,1.22,0.33,0.94,27.5,256.7,114.5,1.4,17.7,5.8,236.8,107.9,2.4,1.4,0.92,0
1571,2021,11,BUF,IND,7,7,31.11,290.11,121.89,1.11,15.0,7.56,201.22,83.89,2.0,1.67,0.95,26.8,240.3,136.3,0.8,23.0,4.8,263.3,113.7,2.2,1.0,0.86,0
1572,2021,11,CAR,WAS,7,7,20.5,219.4,116.0,1.7,19.3,7.4,194.3,107.0,2.7,0.8,0.91,20.56,244.11,115.44,1.56,27.33,5.56,290.11,97.11,2.11,0.67,0.77,0
1573,2021,11,CHI,BAL,13,10,16.67,172.44,136.56,1.33,24.89,6.44,247.44,122.78,2.78,0.44,0.93,25.67,276.22,154.11,1.33,24.11,5.78,298.56,88.22,2.11,0.56,0.89,0
1574,2021,11,CLE,DET,7,7,23.1,227.6,154.1,0.9,24.1,7.0,248.6,94.7,2.9,0.5,0.87,16.67,236.22,108.22,1.22,28.89,6.78,257.0,135.67,1.56,0.56,0.8,1
1575,2021,11,JAX,SF,7,6,16.56,224.0,119.0,1.67,25.78,7.0,274.78,106.0,1.78,0.44,0.54,24.0,254.44,117.89,1.44,23.56,6.33,225.44,122.78,2.22,0.44,0.8,0
1576,2021,11,MIN,GB,7,7,24.56,271.67,122.44,0.67,23.44,7.67,260.56,130.56,3.22,0.89,0.83,21.6,244.4,109.3,0.8,18.0,4.3,221.0,107.2,2.3,1.1,0.67,1
1577,2021,11,NYJ,MIA,7,10,17.89,278.0,76.33,2.44,32.89,7.11,299.33,133.89,2.22,0.22,0.77,17.7,248.1,73.6,1.4,25.2,6.7,290.8,109.3,2.0,0.7,0.75,0
1578,2021,11,PHI,NO,7,7,25.7,217.0,144.5,0.8,23.1,7.0,247.0,117.3,1.8,0.6,0.88,24.67,214.67,118.89,0.78,19.78,6.44,280.44,72.89,2.22,1.22,0.75,1
1579,2021,11,TEN,HOU,7,14,27.8,236.9,131.6,1.2,23.2,6.7,287.1,98.6,2.7,0.9,0.86,14.22,223.67,75.78,1.78,28.67,7.22,263.78,136.89,2.11,1.0,0.77,0
1580,2021,11,LV,CIN,7,14,23.33,314.0,85.0,1.11,25.56,7.56,243.11,129.11,2.33,0.44,0.85,26.22,284.0,97.11,1.44,22.56,4.33,275.78,100.89,2.56,0.78,0.79,0
1581,2021,11,KC,DAL,7,7,26.2,303.8,110.5,1.8,24.1,6.6,269.2,114.6,1.4,0.8,0.87,31.56,304.89,139.56,1.22,21.67,7.89,270.11,101.22,2.0,1.56,0.78,1
1582,2021,11,SEA,ARI,7,7,20.11,228.78,99.78,0.67,20.67,5.67,287.67,125.22,1.56,0.44,0.64,28.7,270.1,125.8,1.0,18.9,6.5,221.3,116.6,2.4,0.8,0.82,0
1583,2021,11,LAC,PIT,7,7,24.33,282.78,100.22,1.0,25.33,6.56,219.22,155.11,1.89,0.67,0.92,19.67,247.56,94.67,1.11,20.56,6.44,244.33,123.0,2.89,0.33,0.95,1
1584,2021,11,TB,NYG,8,15,31.0,325.11,90.89,1.33,23.56,7.22,267.89,79.78,2.44,1.11,0.71,19.89,254.44,95.89,1.22,24.0,6.44,263.22,122.56,2.11,1.0,0.9,1
1585,2021,12,DET,CHI,4,4,16.0,220.3,114.2,1.3,27.3,6.8,248.9,140.5,1.5,0.7,0.81,16.3,183.2,132.1,1.3,24.0,6.4,244.6,122.8,3.1,0.5,0.87,0
1586,2021,12,DAL,LV,4,4,29.3,296.0,133.8,1.4,21.4,7.7,269.1,103.7,2.1,1.5,0.81,22.3,304.1,83.7,1.2,26.2,7.5,233.6,132.1,2.4,0.4,0.86,0
1587,2021,12,NO,BUF,4,4,25.1,214.6,117.9,1.0,21.8,6.1,267.1,89.8,2.3,1.1,0.77,29.5,283.9,118.8,1.3,17.6,7.5,191.7,101.9,1.8,1.5,0.86,0
1588,2021,12,CIN,PIT,7,7,26.8,270.4,103.3,1.4,21.6,4.0,269.7,98.0,2.5,0.8,0.83,21.4,250.1,90.7,1.0,22.6,6.6,258.1,126.6,2.8,0.4,0.95,1
1589,2021,12,HOU,NYJ,7,7,15.0,212.0,76.5,1.6,27.1,7.2,269.7,133.5,2.1,1.3,0.81,17.8,279.3,78.9,2.3,32.0,7.1,296.7,132.0,2.0,0.3,0.69,0
1590,2021,12,IND,TB,7,6,28.09,228.09,147.91,0.73,22.27,4.64,260.09,111.64,2.09,1.18,0.87,30.9,324.4,91.2,1.3,22.2,7.1,257.8,78.4,2.4,1.2,0.76,0
1591,2021,12,JAX,ATL,7,10,15.9,217.4,112.5,1.6,26.2,7.1,264.9,112.5,1.8,0.4,0.57,17.8,244.6,78.6,1.7,28.8,6.0,251.4,123.3,1.4,0.4,0.88,0
1592,2021,12,MIA,CAR,7,7,18.27,250.36,77.36,1.36,24.45,6.82,290.82,108.64,2.0,0.64,0.72,20.55,216.64,115.55,1.55,20.0,7.36,195.36,114.55,2.73,0.73,0.91,1
1593,2021,12,NE,TEN,10,7,27.27,252.18,116.27,1.36,16.09,5.73,229.64,101.73,2.55,1.64,0.93,26.45,244.73,129.0,1.45,23.09,6.55,270.73,97.18,2.45,0.82,0.86,1
1594,2021,12,NYG,PHI,6,7,18.9,245.7,92.9,1.4,24.6,6.2,268.7,119.7,2.0,1.0,0.91,27.0,210.64,153.36,0.82,23.64,6.91,244.0,116.55,1.64,0.73,0.9,1
1595,2021,12,DEN,LAC,14,7,20.0,250.2,111.5,1.1,18.3,5.3,233.4,110.1,2.4,0.8,0.86,26.0,292.7,106.1,1.0,26.5,7.1,224.6,145.1,2.0,0.6,0.93,1
1596,2021,12,GB,LA,7,13,22.45,257.18,108.0,0.73,19.45,4.64,231.91,105.64,2.27,1.0,0.65,27.1,302.1,97.9,1.1,22.7,4.8,263.3,105.2,2.9,1.2,0.95,1
1597,2021,12,SF,MIN,7,7,24.6,246.6,123.2,1.3,22.2,5.8,218.7,115.9,2.3,0.4,0.83,25.5,278.6,119.2,0.6,24.2,7.2,273.0,127.0,3.1,0.8,0.84,1
1598,2021,12,BAL,CLE,7,7,24.7,270.5,151.0,1.3,23.0,5.8,296.7,88.6,2.2,0.5,0.91,22.18,222.91,156.82,1.0,22.82,7.27,233.0,101.36,2.64,0.64,0.81,1
1599,2021,12,WAS,SEA,8,8,21.2,240.3,122.9,1.5,26.7,5.8,280.0,98.5,2.0,0.6,0.79,19.4,226.6,98.4,0.6,20.9,5.3,291.7,122.2,1.6,0.4,0.69,1
1600,2021,13,NO,DAL,7,7,23.36,209.91,111.18,1.0,22.64,5.91,266.45,91.91,2.27,1.18,0.77,29.64,303.18,127.45,1.27,22.73,8.27,278.55,107.27,2.18,1.36,0.79,0
1601,2021,13,ATL,TB,7,7,18.09,239.64,85.0,1.64,27.45,5.91,249.27,124.91,1.36,0.45,0.88,31.55,315.45,95.82,1.36,23.0,6.82,262.18,81.0,2.45,1.27,0.78,0
1602,2021,13,CHI,ARI,10,14,16.27,195.36,126.27,1.27,23.09,6.27,237.91,118.55,2.91,0.45,0.84,28.18,275.36,123.0,0.91,18.36,6.18,220.0,113.82,2.55,0.73,0.75,0
1603,2021,13,CIN,LAC,7,7,28.09,263.09,111.91,1.36,20.55,3.91,269.09,93.73,2.55,0.91,0.85,24.82,293.64,103.0,1.09,26.64,7.27,218.27,145.27,1.91,0.64,0.87,0
1604,2021,13,DET,MIN,10,7,15.82,215.82,110.73,1.27,26.27,7.09,255.09,133.91,1.45,0.73,0.81,25.55,277.09,114.45,0.73,25.09,7.0,269.09,134.36,3.0,0.82,0.84,1
1605,2021,13,HOU,IND,7,7,14.91,207.09,78.27,1.55,26.55,6.91,258.36,135.64,2.27,1.27,0.76,28.33,234.58,144.5,1.0,23.58,4.75,257.25,114.17,2.08,1.17,0.88,0
1606,2021,13,MIA,NYG,7,7,19.5,248.67,80.17,1.25,23.25,6.67,281.5,104.92,2.25,0.83,0.75,18.36,241.73,90.82,1.27,23.0,5.82,256.0,127.73,1.91,1.18,0.88,1
1607,2021,13,NYJ,PHI,7,7,18.09,267.09,86.0,2.18,30.36,6.91,284.09,128.73,2.27,0.36,0.68,25.33,203.83,157.92,1.08,22.75,6.67,240.5,112.67,1.58,0.67,0.9,0
1608,2021,13,LA,JAX,7,7,27.18,302.09,95.18,1.18,23.91,4.73,267.27,104.0,2.73,1.09,0.95,15.73,218.36,115.09,1.64,25.73,7.0,258.09,115.82,1.73,0.45,0.62,1
1609,2021,13,LV,WAS,10,6,23.55,310.36,89.09,1.09,26.82,8.09,246.45,125.91,2.27,0.36,0.89,20.82,238.73,125.55,1.45,25.64,5.64,277.0,92.64,2.0,0.55,0.8,0
1610,2021,13,PIT,BAL,7,7,20.36,251.27,87.09,1.18,24.27,6.36,251.91,133.09,2.73,0.45,0.96,23.91,260.91,150.73,1.55,21.82,5.73,292.18,84.18,2.18,0.45,0.92,1
1611,2021,13,SEA,SF,6,7,19.0,228.45,92.55,0.64,20.55,5.36,285.45,124.91,1.55,0.45,0.69,25.45,245.09,130.91,1.27,22.55,5.73,222.64,111.45,2.18,0.45,0.81,1
1612,2021,13,KC,DEN,14,7,25.55,299.82,111.91,1.82,22.73,6.55,264.36,111.64,1.73,0.91,0.83,20.73,241.55,114.73,1.09,17.82,5.27,239.73,106.64,2.45,0.91,0.86,1
1613,2021,13,BUF,NE,11,8,29.64,281.73,118.27,1.36,16.55,7.18,189.09,96.64,1.82,1.45,0.87,28.0,257.0,115.33,1.25,15.83,5.58,218.25,115.75,2.5,1.58,0.91,0
1614,2021,14,MIN,PIT,4,4,25.67,282.33,113.25,0.75,25.42,7.0,271.33,131.5,3.0,0.83,0.86,20.33,250.0,86.92,1.08,23.83,6.25,252.0,130.92,3.08,0.5,0.96,1
1615,2021,14,CAR,ATL,14,7,19.67,213.5,111.25,1.67,21.08,7.33,198.25,114.25,2.67,0.67,0.92,18.0,244.42,88.0,1.58,27.67,5.92,259.17,119.25,1.25,0.5,0.89,0
1616,2021,14,CLE,BAL,14,7,21.17,224.92,147.08,1.08,22.25,7.08,227.33,105.25,2.58,0.92,0.78,23.5,260.25,147.08,1.5,21.67,6.08,287.5,84.25,2.08,0.42,0.93,1
1617,2021,14,HOU,SEA,7,7,13.67,197.67,78.75,1.58,26.92,6.67,250.0,144.17,2.17,1.17,0.76,19.92,228.67,97.0,0.83,20.75,5.42,286.58,120.42,1.5,0.58,0.64,0
1618,2021,14,KC,LV,7,7,25.25,290.17,110.0,1.75,21.58,6.58,263.75,115.17,1.67,1.0,0.86,22.83,305.25,88.0,1.0,26.0,7.92,242.25,124.75,2.17,0.42,0.9,1
1619,2021,14,NYJ,NO,7,10,18.08,263.67,84.67,2.08,30.58,6.83,280.58,133.42,2.17,0.33,0.68,22.83,214.42,114.67,1.25,23.0,6.0,264.08,96.42,2.17,1.17,0.73,0
1620,2021,14,TEN,JAX,14,7,25.33,232.08,140.75,1.67,24.17,6.42,274.0,97.83,2.42,0.75,0.82,15.0,212.25,110.58,1.67,26.67,6.67,261.17,116.83,1.67,0.42,0.62,1
1621,2021,14,WAS,DAL,7,10,20.5,235.17,124.42,1.42,24.75,5.67,274.67,91.25,2.0,0.5,0.81,29.42,297.75,129.0,1.25,22.25,8.0,277.33,111.08,2.17,1.58,0.81,0
1622,2021,14,DEN,DET,7,7,19.75,242.83,118.0,1.17,18.17,5.25,235.08,105.17,2.33,0.92,0.86,16.92,222.5,109.83,1.33,26.33,6.75,262.17,131.08,1.58,0.67,0.84,1
1623,2021,14,LAC,NYG,7,7,26.17,295.58,101.0,1.25,26.25,7.25,225.08,141.17,2.25,0.75,0.88,17.58,237.17,90.83,1.25,22.75,5.58,255.0,122.75,1.92,1.08,0.86,1
1624,2021,14,CIN,SF,7,7,27.58,266.17,110.58,1.58,22.25,4.17,273.08,92.5,2.67,0.92,0.86,25.25,249.58,125.92,1.33,23.17,6.08,223.33,114.33,2.33,0.5,0.82,0
1625,2021,14,TB,BUF,7,6,31.42,319.83,92.58,1.33,22.5,6.5,265.08,84.33,2.67,1.17,0.79,28.0,270.33,116.67,1.33,16.33,6.83,174.92,107.08,1.67,1.33,0.84,1
1626,2021,14,GB,CHI,14,7,23.58,261.33,106.67,0.67,20.17,4.5,237.75,102.5,2.25,1.0,0.67,16.75,198.17,125.08,1.5,23.92,6.25,228.33,120.08,2.75,0.42,0.84,1
1627,2021,14,ARI,LA,8,8,28.58,262.67,124.17,0.83,18.67,6.33,220.75,113.67,2.58,1.0,0.77,28.0,301.5,97.92,1.08,22.5,4.92,257.08,100.42,2.67,1.0,0.96,0
1628,2021,15,LAC,KC,4,4,27.0,294.0,104.92,1.15,25.85,7.15,222.46,140.69,2.23,0.77,0.9,27.0,287.69,111.69,1.62,20.62,6.69,263.69,109.69,1.85,1.0,0.87,0
1629,2021,15,IND,NE,14,13,28.54,228.69,151.69,1.0,21.77,4.77,244.69,111.85,2.23,1.15,0.85,26.92,238.69,123.54,1.15,15.38,5.62,212.62,114.46,2.46,1.46,0.92,1
1630,2021,15,BUF,CAR,7,7,27.92,273.23,121.0,1.31,17.62,6.85,189.38,109.38,1.69,1.23,0.85,19.77,216.54,109.69,1.77,21.69,7.23,197.62,115.31,2.46,0.62,0.92,1
1631,2021,15,DET,ARI,7,6,16.38,221.92,110.46,1.38,27.23,6.69,255.77,135.15,1.54,0.62,0.85,28.15,271.92,122.54,0.92,19.54,6.38,225.85,111.77,2.62,0.92,0.8,1
1632,2021,15,JAX,HOU,7,7,13.85,212.92,102.69,1.85,26.15,6.85,255.77,115.69,1.85,0.38,0.62,13.62,207.92,77.54,1.46,27.38,6.62,250.77,147.92,2.0,1.08,0.79,0
1633,2021,15,MIA,NYJ,14,7,19.54,248.31,79.23,1.15,22.15,6.38,274.23,103.85,2.31,0.85,0.74,17.38,258.92,84.15,1.92,30.54,6.69,272.46,138.77,2.15,0.31,0.73,1
1634,2021,15,NYG,DAL,7,7,17.85,233.62,94.23,1.31,23.85,5.38,256.54,125.0,1.92,1.0,0.86,29.23,291.08,128.46,1.31,22.08,7.92,269.46,110.23,2.38,1.54,0.83,0
1635,2021,15,PIT,TEN,10,7,20.92,254.46,88.38,1.08,24.77,6.54,249.23,139.46,2.85,0.62,0.92,24.92,228.92,137.77,1.54,22.31,6.08,269.92,90.92,2.46,1.0,0.8,1
1636,2021,15,DEN,CIN,7,7,21.15,237.92,123.08,1.08,17.54,5.0,233.54,106.15,2.31,0.92,0.87,27.23,272.46,108.69,1.46,22.54,4.0,274.85,93.08,2.77,0.85,0.84,0
1637,2021,15,SF,ATL,7,7,25.31,253.15,123.92,1.23,23.15,6.08,232.92,112.15,2.54,0.46,0.8,18.85,240.23,91.08,1.54,27.15,5.92,258.69,117.08,1.23,0.62,0.9,1
1638,2021,15,BAL,GB,7,7,23.38,262.31,144.85,1.54,21.85,6.38,280.0,85.46,1.92,0.46,0.93,25.23,267.46,107.62,0.62,20.92,4.38,236.69,105.15,2.23,1.08,0.68,0
1639,2021,15,TB,NO,7,7,31.54,323.15,96.0,1.23,22.85,6.31,268.38,91.15,2.69,1.15,0.81,23.38,211.38,121.46,1.15,21.92,5.85,259.31,95.0,2.23,1.08,0.78,0
1640,2021,15,CLE,LV,7,7,21.38,222.23,143.46,1.08,22.23,6.85,231.92,106.23,2.69,0.85,0.75,21.77,302.0,84.62,1.31,27.69,8.0,243.46,125.31,2.23,0.38,0.9,0
1641,2021,15,CHI,MIN,8,11,17.77,200.15,126.0,1.62,25.54,6.31,237.0,120.0,2.77,0.38,0.86,26.46,277.23,123.15,0.85,25.62,7.31,274.15,129.54,3.15,0.85,0.84,0
1642,2021,15,LA,SEA,6,7,28.15,300.38,97.23,1.0,22.54,4.92,266.77,100.62,2.77,1.08,0.96,20.92,231.08,104.38,0.77,20.15,5.62,290.0,116.0,1.54,0.54,0.69,1
1643,2021,15,PHI,WAS,14,7,25.92,206.77,160.0,1.0,22.38,6.38,239.38,109.38,1.62,0.69,0.92,20.46,230.54,122.54,1.62,24.92,5.77,269.77,93.62,2.15,0.62,0.81,1
1644,2021,16,TEN,SF,4,4,24.07,223.5,142.29,1.71,22.07,6.14,261.21,86.93,2.5,0.93,0.81,25.71,251.86,126.64,1.14,22.43,6.0,233.14,108.57,2.57,0.43,0.81,1
1645,2021,16,GB,CLE,6,6,25.64,267.5,106.79,0.57,21.57,4.64,235.14,107.86,2.14,1.0,0.69,20.86,216.86,139.57,1.0,21.79,6.57,232.21,105.64,2.64,0.86,0.71,1
1646,2021,16,ARI,IND,6,6,27.0,274.86,121.29,0.93,20.29,6.43,225.14,112.79,2.57,0.86,0.81,28.43,216.43,157.0,1.0,21.43,4.57,248.57,109.64,2.14,1.21,0.83,0
1647,2021,16,ATL,DET,7,7,18.43,239.93,89.0,1.5,27.43,5.79,257.0,120.29,1.14,0.57,0.91,17.36,221.5,111.57,1.36,26.14,6.64,259.86,133.0,1.57,0.64,0.87,1
1648,2021,16,CAR,TB,7,7,19.36,212.21,112.64,1.71,22.36,7.07,198.5,115.57,2.57,0.64,0.92,29.29,315.36,97.57,1.29,21.86,6.07,260.21,89.0,2.64,1.07,0.77,0
1649,2021,16,CIN,BAL,7,7,26.36,264.21,109.0,1.36,21.64,4.14,268.5,95.93,2.79,0.79,0.86,23.86,258.93,144.71,1.43,22.5,6.5,279.14,86.21,2.0,0.43,0.94,1
1650,2021,16,HOU,LAC,7,10,14.79,208.0,77.36,1.43,26.57,6.79,247.86,145.0,2.07,1.0,0.82,27.07,289.86,111.14,1.21,26.43,7.0,235.86,136.79,2.14,0.79,0.9,1
1651,2021,16,MIN,LA,6,7,25.79,263.64,123.79,0.86,24.43,7.29,274.93,128.5,3.14,0.79,0.85,27.57,296.36,99.07,1.0,21.64,4.86,258.86,99.14,2.79,1.07,0.97,0
1652,2021,16,NE,BUF,7,7,26.21,243.0,120.5,1.21,16.21,5.79,201.5,122.43,2.36,1.43,0.92,28.14,268.71,120.86,1.29,17.36,6.93,187.0,112.36,1.86,1.21,0.86,0
1653,2021,16,NYJ,JAX,7,7,17.86,252.57,85.43,1.86,30.57,6.43,267.0,141.93,2.07,0.43,0.74,14.0,212.71,103.0,1.71,26.43,6.64,252.43,112.79,1.79,0.43,0.68,1
1654,2021,16,PHI,NYG,7,7,26.0,213.14,165.57,1.07,22.0,6.21,236.14,106.07,1.64,0.64,0.92,17.0,229.86,96.36,1.5,23.64,5.43,253.71,125.0,2.0,0.93,0.87,1
1655,2021,16,SEA,CHI,7,6,20.14,225.71,102.64,0.79,20.14,5.79,286.71,116.5,1.71,0.57,0.71,17.14,206.21,125.21,1.64,24.93,6.5,226.29,120.86,2.86,0.43,0.83,0
1656,2021,16,KC,PIT,10,7,27.5,296.43,109.86,1.64,21.14,6.5,261.71,115.57,1.71,1.0,0.88,20.79,246.86,84.57,1.0,23.93,6.43,242.36,143.86,2.93,0.64,0.9,1
1657,2021,16,LV,DEN,7,7,21.36,297.29,85.57,1.36,26.71,7.93,236.57,122.71,2.07,0.36,0.91,20.36,234.21,123.79,1.07,17.36,5.07,228.07,106.64,2.36,0.86,0.84,1
1658,2021,16,DAL,WAS,7,7,28.64,285.79,128.21,1.29,20.93,7.79,263.14,111.21,2.29,1.64,0.85,20.21,227.93,118.29,1.5,25.07,5.5,271.64,103.93,2.21,0.64,0.81,1
1659,2021,16,NO,MIA,8,8,22.36,207.29,117.14,1.07,20.36,5.86,256.07,96.64,2.36,1.07,0.81,20.36,244.57,86.64,1.29,22.29,6.29,266.79,103.71,2.57,0.79,0.75,0
1660,2021,17,BAL,LA,7,7,23.67,261.93,137.67,1.4,23.73,6.47,295.53,85.6,2.07,0.4,0.94,27.73,289.73,103.07,1.13,21.73,4.6,262.6,96.93,2.8,1.07,0.97,0
1661,2021,17,BUF,ATL,7,7,28.47,271.73,120.4,1.2,17.6,6.8,184.2,114.8,1.8,1.27,0.87,18.53,238.27,86.2,1.47,26.67,5.53,253.73,120.93,1.07,0.6,0.92,1
1662,2021,17,CHI,NYG,7,7,17.67,209.13,122.73,1.53,24.87,6.6,223.27,124.13,2.8,0.4,0.84,16.53,222.4,95.53,1.53,24.33,5.47,250.07,125.33,1.93,0.87,0.88,1
1663,2021,17,CIN,KC,7,7,27.33,281.6,106.87,1.27,21.6,4.2,270.87,92.13,2.67,0.8,0.84,28.07,293.87,111.0,1.53,20.4,6.4,257.2,116.53,1.73,1.0,0.86,1
1664,2021,17,IND,LV,8,7,28.0,217.0,154.93,0.93,21.07,4.6,248.33,111.2,2.0,1.13,0.81,21.07,290.87,90.53,1.47,25.8,7.6,231.0,115.73,2.07,0.33,0.91,0
1665,2021,17,NE,JAX,7,7,25.87,236.47,122.4,1.27,17.33,5.6,209.0,121.87,2.2,1.33,0.92,14.47,217.2,104.93,1.67,26.4,6.33,242.4,123.47,1.73,0.4,0.73,1
1666,2021,17,NYJ,TB,7,7,18.4,242.53,97.93,1.73,29.93,6.47,267.87,141.27,2.0,0.4,0.76,29.47,309.8,101.67,1.2,20.8,6.07,259.6,87.53,2.93,1.07,0.81,0
1667,2021,17,TEN,MIA,10,6,23.8,222.53,138.8,1.6,21.73,6.13,265.27,86.67,2.47,1.0,0.83,20.33,241.47,86.6,1.27,21.0,6.33,258.0,102.33,2.93,0.87,0.74,1
1668,2021,17,WAS,PHI,7,7,19.8,225.27,116.07,1.53,27.13,5.2,280.2,104.2,2.27,0.6,0.81,26.53,212.2,163.2,1.0,21.2,6.53,228.27,104.6,1.67,0.73,0.9,0
1669,2021,17,LAC,DEN,7,7,27.2,292.93,109.67,1.33,27.4,6.87,237.07,140.27,2.07,0.73,0.91,19.87,228.8,116.73,1.0,17.33,4.93,226.27,110.2,2.33,0.87,0.82,1
1670,2021,17,SF,HOU,10,7,25.13,256.53,123.73,1.2,22.27,5.93,231.53,107.33,2.67,0.4,0.81,16.53,211.07,84.8,1.33,26.73,7.0,253.73,141.27,2.0,1.07,0.8,1
1671,2021,17,DAL,ARI,7,8,30.47,293.4,126.87,1.2,20.47,7.47,258.13,109.47,2.47,1.67,0.85,26.27,272.87,122.07,0.87,20.4,6.73,225.13,113.67,2.53,0.8,0.77,0
1672,2021,17,NO,CAR,6,7,21.07,202.47,114.87,1.13,20.33,5.93,252.2,95.93,2.4,1.07,0.82,18.47,214.8,109.6,1.67,23.0,7.0,200.73,118.47,2.4,0.6,0.92,1
1673,2021,17,SEA,DET,7,7,20.4,222.73,107.13,0.73,20.47,5.87,284.27,114.6,1.87,0.53,0.68,17.27,220.6,112.8,1.33,25.73,6.6,256.87,127.27,1.67,0.6,0.88,1
1674,2021,17,GB,MIN,8,7,25.53,263.13,106.93,0.53,21.6,4.53,234.27,115.27,2.33,1.2,0.7,25.6,267.07,119.93,0.87,24.8,6.93,269.73,130.53,2.93,0.93,0.86,1
1675,2021,17,PIT,CLE,8,9,20.07,243.33,87.6,1.13,24.73,6.33,243.4,142.73,2.87,0.6,0.88,20.93,217.2,144.87,1.2,21.93,6.53,230.2,105.87,2.47,0.8,0.73,1
1676,2021,18,DEN,KC,7,7,19.44,229.88,114.62,0.94,18.38,4.81,226.94,109.81,2.19,0.81,0.83,28.25,291.69,113.75,1.44,21.25,6.62,269.0,113.0,1.88,0.94,0.87,0
1677,2021,18,PHI,DAL,7,7,26.12,212.31,160.38,0.94,20.88,6.5,229.44,103.94,1.75,0.75,0.9,29.94,291.12,121.75,1.19,20.75,7.62,259.88,110.56,2.38,1.56,0.82,0
1678,2021,18,BAL,PIT,7,6,23.38,257.88,139.38,1.38,23.5,6.31,296.38,84.81,2.0,0.5,0.94,20.44,235.81,94.0,1.12,24.06,6.25,239.75,139.62,3.25,0.69,0.89,0
1679,2021,18,CLE,CIN,6,7,20.5,215.19,141.62,1.25,22.19,6.75,223.5,111.12,2.44,0.81,0.73,27.75,291.88,103.94,1.19,22.19,4.25,270.12,96.06,2.5,0.75,0.85,1
1680,2021,18,DET,GB,7,7,18.0,223.19,111.69,1.44,27.31,6.44,255.56,135.88,1.62,0.56,0.85,26.25,265.88,111.12,0.5,20.88,4.31,231.75,109.75,2.31,1.12,0.73,1
1681,2021,18,HOU,TEN,7,7,15.94,208.06,84.88,1.31,26.5,6.88,253.44,143.38,1.94,1.06,0.77,24.44,216.12,142.5,1.5,20.56,6.12,261.5,85.88,2.5,1.0,0.84,0
1682,2021,18,JAX,IND,7,7,14.19,215.69,103.38,1.75,27.88,6.12,245.38,127.06,1.62,0.38,0.74,27.5,212.69,152.88,0.88,21.19,4.5,248.75,109.56,2.0,1.19,0.82,1
1683,2021,18,MIN,CHI,7,7,24.62,262.5,114.12,0.81,25.56,6.69,272.06,133.25,2.75,0.88,0.86,18.38,206.88,120.5,1.56,23.5,6.5,210.81,126.44,2.88,0.5,0.85,1
1684,2021,18,NYG,WAS,7,7,15.69,210.0,99.62,1.69,24.62,5.31,245.25,122.94,1.94,0.94,0.88,19.56,226.62,114.69,1.5,26.69,4.94,276.06,105.06,2.19,0.56,0.83,0
1685,2021,18,ARI,SEA,7,7,26.19,273.69,122.38,0.81,20.5,6.75,227.12,109.38,2.44,0.75,0.79,22.31,223.56,117.0,0.69,21.0,5.81,282.88,113.38,1.75,0.69,0.73,0
1686,2021,18,ATL,NO,7,7,18.31,235.69,86.81,1.44,26.81,5.44,245.38,127.94,1.06,0.75,0.93,20.88,203.69,112.25,1.06,19.69,5.88,244.69,95.44,2.69,1.06,0.85,0
1687,2021,18,BUF,NYJ,7,7,28.5,262.25,127.44,1.31,17.44,6.81,185.0,113.62,2.0,1.19,0.87,18.75,242.0,101.19,1.69,29.81,6.19,276.75,136.31,1.94,0.44,0.77,1
1688,2021,18,LA,SF,7,7,27.25,290.94,101.19,1.25,21.56,4.56,258.5,101.19,2.94,1.06,0.94,25.0,256.06,126.94,1.19,21.31,6.0,227.25,106.0,2.69,0.44,0.83,0
1689,2021,18,MIA,NE,7,7,19.25,239.19,85.81,1.31,21.81,6.25,249.38,108.31,2.81,0.81,0.72,27.38,239.81,126.06,1.19,16.88,5.44,208.0,119.25,2.19,1.44,0.92,1
1690,2021,18,TB,CAR,7,7,29.38,316.06,99.19,1.19,21.0,5.94,258.0,91.44,2.81,1.0,0.82,17.94,209.62,108.25,1.69,22.69,6.62,202.06,115.62,2.38,0.56,0.89,1
1691,2021,18,LV,LAC,7,7,21.19,288.62,90.19,1.5,25.44,7.5,225.81,116.12,2.0,0.31,0.92,27.62,289.44,109.31,1.25,26.5,6.62,237.62,136.69,2.0,0.69,0.92,1
1692,2022,2,KC,LAC,4,4,44.0,360.0,128.0,1.0,21.0,3.0,205.0,103.0,3.0,0.0,1.0,24.0,279.0,76.0,0.0,19.0,5.0,295.0,64.0,6.0,3.0,0.5,1
1693,2022,2,BAL,MIA,7,7,24.0,213.0,63.0,1.0,9.0,5.0,309.0,83.0,3.0,1.0,1.0,20.0,270.0,65.0,0.0,7.0,4.0,213.0,78.0,2.0,1.0,1.0,0
1694,2022,2,CLE,NYJ,7,7,26.0,147.0,217.0,0.0,24.0,9.0,235.0,54.0,4.0,1.0,1.0,9.0,309.0,83.0,2.0,24.0,6.0,213.0,63.0,2.0,1.0,0.5,0
1695,2022,2,DET,WAS,7,7,35.0,215.0,181.0,1.0,38.0,7.0,243.0,216.0,1.0,0.0,0.0,28.0,313.0,85.0,3.0,22.0,6.0,275.0,123.0,2.0,1.0,0.0,1
1696,2022,2,JAX,IND,7,7,22.0,275.0,123.0,1.0,28.0,13.0,313.0,85.0,1.0,2.0,0.75,20.0,352.0,177.0,2.0,20.0,7.0,240.0,77.0,3.0,0.0,0.67,1
1697,2022,2,NO,TB,7,7,27.0,269.0,151.0,1.0,26.0,8.0,215.0,201.0,0.0,0.0,0.67,19.0,212.0,152.0,1.0,3.0,5.0,198.0,71.0,4.0,1.0,0.8,0
1698,2022,2,NYG,CAR,7,7,21.0,188.0,238.0,2.0,20.0,8.0,266.0,93.0,1.0,0.0,0.0,24.0,235.0,54.0,1.0,26.0,8.0,147.0,217.0,1.0,0.0,1.0,1
1699,2022,2,PIT,NE,7,7,23.0,194.0,75.0,0.0,20.0,8.0,338.0,133.0,7.0,4.0,0.75,7.0,213.0,78.0,3.0,20.0,3.0,270.0,65.0,3.0,0.0,0.0,0
1700,2022,2,LA,ATL,10,7,10.0,240.0,52.0,3.0,31.0,4.0,297.0,121.0,2.0,2.0,1.0,26.0,215.0,201.0,2.0,27.0,8.0,269.0,151.0,4.0,0.0,0.8,1
1701,2022,2,SF,SEA,7,6,10.0,164.0,176.0,2.0,19.0,12.0,121.0,99.0,2.0,1.0,1.0,17.0,195.0,76.0,1.0,16.0,5.0,340.0,103.0,2.0,0.0,1.0,1
1702,2022,2,DAL,CIN,7,7,3.0,198.0,71.0,1.0,19.0,10.0,212.0,152.0,2.0,1.0,1.0,20.0,338.0,133.0,5.0,23.0,4.0,194.0,75.0,1.0,0.0,0.67,1
1703,2022,2,DEN,HOU,6,7,16.0,340.0,103.0,2.0,17.0,12.0,195.0,76.0,2.0,0.0,0.75,20.0,240.0,77.0,1.0,20.0,6.0,352.0,177.0,2.0,1.0,1.0,1
1704,2022,2,LV,ARI,7,7,19.0,295.0,64.0,3.0,24.0,3.0,279.0,76.0,0.0,0.0,1.0,21.0,205.0,103.0,0.0,44.0,5.0,360.0,128.0,0.0,0.0,0.0,0
1705,2022,2,GB,CHI,7,7,7.0,260.0,111.0,2.0,23.0,2.0,277.0,126.0,1.0,0.0,0.0,19.0,121.0,99.0,1.0,10.0,3.0,164.0,176.0,2.0,1.0,0.0,1
1706,2022,2,BUF,TEN,11,8,31.0,297.0,121.0,4.0,10.0,5.0,240.0,52.0,7.0,3.0,1.0,20.0,266.0,93.0,0.0,21.0,7.0,188.0,238.0,5.0,1.0,0.67,1
1707,2022,2,PHI,MIN,8,8,38.0,243.0,216.0,0.0,35.0,10.0,215.0,181.0,1.0,1.0,1.0,23.0,277.0,126.0,0.0,7.0,3.0,260.0,111.0,4.0,1.0,1.0,1
1708,2022,3,CLE,PIT,4,4,28.0,188.0,200.5,0.5,27.5,7.0,279.5,73.5,3.0,0.5,1.0,18.5,181.0,83.0,0.5,18.5,5.5,295.0,128.5,3.5,2.5,0.83,1
1709,2022,3,CAR,NO,7,7,20.0,190.0,100.0,1.0,22.5,6.5,161.5,160.0,2.0,0.0,1.0,18.5,252.5,125.5,3.0,23.0,8.5,202.5,136.5,0.5,0.0,0.75,1
1710,2022,3,CHI,HOU,7,7,14.5,95.5,139.5,1.0,18.5,5.0,199.0,189.5,2.5,0.5,1.0,14.5,208.5,78.5,0.5,18.0,7.0,285.5,163.0,2.5,1.0,1.0,1
1711,2022,3,IND,KC,7,10,10.0,273.5,115.5,2.5,22.0,6.0,237.5,86.5,1.5,0.0,0.67,35.5,297.5,110.5,0.5,22.5,4.5,269.5,89.0,2.5,0.5,1.0,1
1712,2022,3,MIA,BUF,7,6,31.0,369.5,75.5,1.0,22.5,6.0,265.5,116.5,1.0,0.5,1.0,36.0,307.0,111.0,2.0,8.5,6.5,181.5,66.0,4.5,2.5,1.0,1
1713,2022,3,MIN,DET,6,7,15.0,249.0,94.0,1.5,15.5,4.0,296.5,137.0,3.5,1.0,1.0,35.5,235.5,186.0,0.5,32.5,4.0,290.0,152.0,3.0,0.5,1.0,1
1714,2022,3,NE,BAL,7,7,12.0,232.5,101.0,2.0,17.0,5.0,219.0,78.0,3.0,0.5,0.5,31.0,265.5,109.0,0.5,25.5,3.0,389.0,84.5,2.0,1.5,1.0,0
1715,2022,3,NYJ,CIN,7,7,20.0,316.5,88.0,1.5,27.0,7.0,221.0,123.5,1.5,1.0,0.67,18.5,268.5,111.0,2.5,21.5,5.5,214.5,91.0,1.0,0.0,0.83,0
1716,2022,3,TEN,LV,6,7,13.5,194.5,86.5,1.5,31.0,8.0,252.5,169.5,3.0,0.5,0.67,21.0,273.5,72.0,2.0,26.5,6.5,278.0,109.5,0.5,0.5,1.0,1
1717,2022,3,WAS,PHI,7,6,27.5,325.0,86.5,2.0,29.0,4.0,265.5,157.0,2.5,0.5,0.0,31.0,288.0,189.5,0.5,21.0,9.0,218.0,121.5,1.5,2.0,0.67,0
1718,2022,3,LAC,JAX,10,7,24.0,306.5,75.5,0.5,23.0,4.0,265.0,78.5,3.5,1.5,0.67,23.0,255.0,109.5,0.5,14.0,8.0,254.0,69.5,3.0,2.5,0.8,0
1719,2022,3,ARI,LA,7,7,25.0,241.0,123.0,0.5,33.5,8.5,306.0,104.0,0.5,0.0,0.0,20.5,256.0,58.5,3.0,29.0,3.5,246.5,105.5,2.5,2.0,1.0,0
1720,2022,3,SEA,ATL,7,7,12.0,196.0,56.0,1.5,21.5,7.5,262.0,146.0,1.5,0.0,1.0,26.5,205.5,145.5,2.5,29.0,6.5,270.5,108.0,2.5,1.0,0.71,0
1721,2022,3,TB,GB,7,7,19.5,201.0,112.0,1.0,6.5,6.5,217.0,85.5,5.0,2.0,0.86,17.0,247.0,157.0,1.5,16.5,2.5,173.5,153.0,2.0,0.5,1.0,0
1722,2022,3,DEN,SF,7,7,16.0,279.5,126.0,1.5,13.0,12.5,186.0,78.0,2.5,0.0,0.86,18.5,174.0,182.5,1.0,13.0,6.5,159.0,67.5,2.0,1.5,0.75,1
1723,2022,3,NYG,DAL,8,8,20.0,182.0,170.5,1.0,18.0,8.0,205.5,119.5,1.5,0.0,1.0,11.5,216.5,89.0,1.0,18.0,7.5,205.5,120.5,4.0,0.5,1.0,0
1724,2022,4,CIN,MIA,4,4,21.33,270.67,97.0,2.0,18.33,5.33,238.0,86.0,2.0,0.67,0.78,27.67,308.33,64.0,0.67,21.33,5.33,310.33,116.0,2.0,0.33,1.0,1
1725,2022,4,NO,MIN,7,7,17.0,286.0,111.67,3.0,22.67,8.0,191.67,139.33,1.33,0.0,0.5,19.33,252.67,103.67,1.33,18.33,3.67,290.0,137.67,2.33,1.0,0.6,0
1726,2022,4,ATL,CLE,7,10,26.67,213.33,156.67,2.33,27.0,5.0,288.67,109.33,2.33,1.0,0.78,28.33,198.67,190.67,0.33,24.0,6.33,255.33,83.67,2.33,0.33,1.0,1
1727,2022,4,BAL,BUF,7,7,33.0,249.67,135.33,1.0,25.67,2.67,366.33,104.67,2.33,2.0,1.0,30.33,338.0,112.33,1.67,12.67,6.67,183.0,57.67,3.67,1.67,0.8,0
1728,2022,4,DAL,WAS,6,7,15.33,216.0,118.0,0.67,17.33,7.67,202.33,136.0,4.33,0.67,0.86,21.0,287.0,86.67,1.67,27.33,4.0,290.33,128.67,2.67,0.33,0.0,1
1729,2022,4,DET,SEA,7,7,31.67,249.33,170.33,0.67,31.0,5.0,280.0,142.33,2.33,0.33,0.6,15.67,239.0,74.67,1.33,23.33,7.0,251.0,157.0,2.0,0.33,1.0,0
1730,2022,4,HOU,LAC,7,7,16.33,220.67,83.0,1.0,19.67,5.67,225.67,202.33,3.33,1.33,1.0,19.33,303.33,59.0,1.0,28.0,5.0,264.0,102.67,2.33,1.0,0.75,0
1731,2022,4,IND,TEN,7,7,13.33,256.33,104.33,2.0,20.33,5.33,245.67,77.0,1.33,0.33,0.8,17.0,217.67,94.0,1.33,28.0,7.67,270.67,145.0,2.33,0.67,0.75,0
1732,2022,4,NYG,CHI,6,7,18.67,186.67,169.33,1.0,19.67,8.0,208.67,138.33,1.0,0.0,0.88,17.33,99.0,186.67,1.33,19.0,5.33,214.33,157.0,2.0,1.0,1.0,1
1733,2022,4,PHI,JAX,7,7,28.67,305.33,150.33,0.33,16.67,7.67,215.67,110.0,4.0,1.33,0.75,28.0,257.33,123.33,0.33,12.67,6.0,268.33,55.0,2.33,2.0,0.88,1
1734,2022,4,PIT,NYJ,10,7,18.0,189.67,90.0,0.33,22.0,5.33,270.0,142.67,3.0,1.67,0.75,17.33,306.0,84.0,2.33,27.0,6.0,239.0,105.33,1.67,0.67,0.86,0
1735,2022,4,CAR,ARI,7,7,20.67,183.33,115.0,0.67,19.67,5.67,225.33,134.67,1.67,0.67,1.0,20.67,265.33,105.33,0.33,29.0,7.67,287.0,102.67,0.67,0.0,1.0,0
1736,2022,4,GB,NE,7,7,16.0,249.67,127.0,1.67,15.0,4.33,206.0,113.33,2.33,0.33,1.0,16.67,262.0,115.67,2.67,23.67,4.33,218.67,114.67,3.33,0.67,0.75,1
1737,2022,4,LV,DEN,7,7,21.33,284.67,80.0,1.67,25.67,6.33,273.33,109.33,0.67,0.67,1.0,14.33,247.67,117.67,1.0,12.0,10.0,194.33,81.33,3.0,0.33,0.78,1
1738,2022,4,TB,KC,7,7,17.0,224.33,86.0,1.33,9.0,6.33,229.67,79.33,3.67,1.67,0.89,29.33,285.67,93.0,0.67,21.67,5.0,253.67,86.67,3.33,0.33,0.8,0
1739,2022,4,SF,LA,8,8,15.67,186.33,151.0,1.67,12.33,6.67,167.33,78.67,2.67,1.0,0.8,20.33,253.67,72.33,2.33,23.33,4.33,269.0,93.67,2.33,1.33,1.0,1
1740,2022,5,DEN,IND,4,4,16.5,245.0,109.5,1.0,17.0,9.25,192.75,114.0,2.75,0.25,0.8,14.25,281.25,87.75,2.25,21.25,5.75,218.5,89.5,1.75,0.25,0.71,0
1741,2022,5,GB,NYG,7,7,18.75,250.0,145.0,1.75,17.25,4.25,188.5,126.75,2.75,0.25,1.0,19.0,160.5,192.5,1.0,17.75,7.75,200.0,141.0,2.0,0.0,0.82,0
1742,2022,5,BUF,PIT,7,7,28.5,306.75,115.5,1.75,14.5,6.0,173.25,83.75,3.25,1.75,0.88,18.5,193.25,97.25,1.25,22.5,6.0,266.0,131.5,2.5,1.75,0.8,1
1743,2022,5,CLE,LAC,7,7,26.25,207.5,187.25,0.75,23.75,6.5,226.25,113.25,2.0,0.5,1.0,23.0,312.5,64.5,0.75,27.0,5.25,259.5,109.75,2.75,1.25,0.83,0
1744,2022,5,JAX,HOU,7,7,26.25,236.5,110.25,1.5,16.75,5.5,252.25,93.75,2.25,1.75,0.88,18.25,227.0,95.0,1.25,23.25,6.5,254.25,172.0,2.75,1.0,0.89,0
1745,2022,5,MIN,CHI,7,7,21.5,261.0,98.0,1.25,20.0,4.0,276.5,131.0,2.25,0.75,0.8,16.0,117.75,177.25,1.5,19.25,5.25,181.25,183.25,1.75,1.0,1.0,1
1746,2022,5,NE,DET,7,7,18.5,230.5,128.5,2.25,24.5,5.0,226.75,135.75,2.75,0.75,0.8,35.0,283.0,164.0,1.0,35.25,5.75,290.0,165.5,1.75,0.25,0.67,1
1747,2022,5,NO,SEA,7,7,19.0,273.5,111.5,2.5,24.0,8.5,215.25,124.75,1.75,0.25,0.5,23.75,259.25,114.75,1.0,28.75,8.0,284.25,154.0,1.75,0.5,0.86,1
1748,2022,5,NYJ,MIA,7,10,19.0,293.0,87.5,2.25,25.25,6.25,230.25,108.75,2.0,1.5,0.88,24.5,307.0,69.25,1.0,22.75,5.5,310.25,103.75,1.75,0.25,0.83,1
1749,2022,5,TB,ATL,7,7,20.5,264.5,65.25,1.25,17.0,6.0,234.5,106.75,3.5,1.5,0.9,25.75,194.75,168.0,2.0,25.25,4.0,275.0,126.25,2.0,1.0,0.83,1
1750,2022,5,WAS,TEN,7,7,18.25,257.75,100.5,1.75,26.75,5.75,273.5,112.0,2.25,0.25,1.0,18.75,197.5,102.25,1.0,25.25,7.25,292.0,118.25,2.5,0.75,0.8,0
1751,2022,5,CAR,SF,7,6,19.5,186.75,96.25,1.25,21.25,5.75,220.75,134.0,1.5,0.75,1.0,17.75,199.5,135.25,1.25,11.5,6.0,189.0,73.25,3.75,1.0,0.71,0
1752,2022,5,ARI,PHI,7,7,22.0,250.75,112.0,0.5,25.75,7.5,264.5,87.0,1.0,0.5,1.0,28.75,280.0,165.25,0.5,17.75,6.5,205.25,100.25,3.75,1.25,0.8,0
1753,2022,5,LA,DAL,6,7,17.5,253.75,68.5,2.25,23.5,3.5,261.5,92.25,1.75,1.0,1.0,17.75,217.75,104.0,0.5,15.5,6.75,194.25,137.5,3.75,1.0,0.91,0
1754,2022,5,BAL,CIN,7,10,29.75,223.25,142.0,1.25,25.0,4.25,328.0,109.75,2.0,1.75,1.0,22.75,280.5,89.5,1.5,17.5,5.5,254.25,85.75,1.75,1.0,0.82,1
1755,2022,5,KC,LV,8,8,32.25,276.5,117.0,0.75,24.0,4.75,286.5,65.75,2.75,0.25,0.86,24.0,260.5,113.0,1.25,25.0,5.75,264.25,103.25,1.25,0.5,1.0,1
1756,2022,6,CHI,WAS,4,4,17.2,135.8,157.4,1.4,21.2,5.4,208.8,170.0,1.6,1.0,1.0,18.0,278.0,89.0,1.6,25.6,6.4,255.0,110.6,2.8,0.2,1.0,0
1757,2022,6,ATL,SF,7,7,23.6,185.2,164.6,1.6,24.4,4.4,290.2,114.8,1.6,0.8,0.77,21.6,210.2,138.8,1.2,12.2,6.6,206.2,71.4,4.2,1.0,0.67,1
1758,2022,6,CLE,NE,7,7,26.6,212.0,192.4,0.8,25.0,6.4,226.6,138.2,1.8,0.4,0.8,20.6,222.0,138.0,2.0,19.6,5.2,227.2,128.8,2.6,0.8,0.9,0
1759,2022,6,GB,NYJ,7,7,19.4,244.4,134.8,1.4,19.2,4.8,194.2,126.4,2.4,0.2,1.0,23.2,276.4,97.0,1.8,23.6,6.0,217.4,114.4,2.0,1.4,0.89,0
1760,2022,6,IND,JAX,10,7,13.8,275.2,91.4,2.2,18.8,6.2,229.6,96.6,2.2,0.6,0.82,22.2,246.4,115.4,1.6,16.0,5.6,229.8,98.2,2.0,1.4,0.9,1
1761,2022,6,MIA,MIN,7,7,23.0,278.8,82.8,1.2,26.2,6.6,290.2,110.0,1.8,0.2,0.75,23.0,272.6,101.8,1.2,20.4,4.6,262.8,120.4,2.2,0.6,0.67,0
1762,2022,6,NO,CIN,7,7,23.0,260.6,136.2,2.4,25.6,8.0,225.8,130.0,2.0,0.2,0.56,21.6,267.8,91.8,1.4,17.8,5.2,238.2,99.6,1.6,1.0,0.83,0
1763,2022,6,NYG,BAL,7,7,20.6,171.8,179.0,0.8,18.6,7.4,204.4,131.6,2.0,0.0,0.85,27.6,213.4,144.6,1.2,23.4,4.6,305.8,108.0,2.2,1.6,1.0,1
1764,2022,6,PIT,TB,7,7,15.4,220.0,88.6,1.2,25.6,6.0,299.2,129.2,2.0,1.6,0.69,20.6,281.8,66.0,1.0,16.6,6.0,217.0,115.6,3.8,1.2,0.92,1
1765,2022,6,LA,CAR,7,7,16.0,267.0,62.4,2.4,23.2,3.4,229.6,106.4,2.0,0.8,0.89,18.6,204.4,89.8,1.2,24.4,5.6,227.2,137.8,1.6,0.6,0.92,1
1766,2022,6,SEA,ARI,7,7,25.4,261.0,122.0,1.0,30.8,8.8,269.2,170.2,1.6,0.6,0.89,21.0,250.6,114.4,0.6,24.6,6.4,259.4,97.4,1.2,0.4,0.88,1
1767,2022,6,KC,BUF,6,7,31.8,279.6,114.2,0.6,25.0,4.8,277.4,83.6,2.6,0.2,0.78,30.4,331.8,116.4,1.8,12.2,5.8,204.0,77.8,3.2,1.6,0.8,0
1768,2022,6,PHI,DAL,7,7,27.0,271.8,160.0,0.4,17.6,5.8,214.2,105.0,3.2,1.2,0.86,18.6,194.6,115.8,0.4,14.4,6.4,219.4,117.6,4.0,1.0,0.93,1
1769,2022,6,LAC,DEN,8,11,24.4,295.6,99.2,0.6,27.2,5.0,253.6,130.4,2.2,1.2,0.89,15.0,250.8,112.6,1.2,16.0,8.8,204.4,112.4,3.4,0.6,0.79,1
1770,2022,7,ARI,NO,4,4,19.0,245.83,119.33,0.83,23.67,6.33,249.0,103.83,1.83,0.33,0.89,23.5,246.83,151.5,2.0,26.33,7.33,238.17,120.83,2.17,0.17,0.69,1
1771,2022,7,BAL,CLE,7,7,26.33,212.83,155.67,1.33,23.5,5.5,283.67,103.83,2.5,1.33,0.92,24.67,221.0,172.0,1.17,27.17,6.5,240.33,131.5,1.83,0.33,0.85,1
1772,2022,7,CAR,TB,7,7,17.17,190.17,90.33,1.17,24.33,5.17,231.5,133.33,1.5,0.67,0.92,20.17,275.33,67.5,0.83,17.17,6.0,216.0,109.17,3.5,1.0,0.94,1
1773,2022,7,CIN,ATL,7,7,23.0,273.17,89.0,1.17,19.17,4.83,228.17,121.0,1.5,0.83,0.85,24.33,175.83,165.17,1.33,22.67,4.5,291.17,104.0,1.33,1.0,0.77,1
1774,2022,7,DAL,DET,7,14,18.33,192.33,118.83,0.83,16.33,7.0,208.67,120.67,4.0,0.83,0.88,28.0,272.2,151.4,1.2,34.0,6.0,269.6,167.6,1.4,0.4,0.67,1
1775,2022,7,JAX,NYG,7,7,23.0,232.83,136.67,1.5,19.0,5.33,256.33,89.33,1.67,1.17,0.9,21.17,172.0,163.0,0.83,18.83,6.67,205.33,144.83,2.0,0.17,0.86,0
1776,2022,7,TEN,IND,14,7,19.2,194.2,102.8,0.8,23.6,7.4,305.4,103.2,2.6,0.8,0.8,17.17,294.17,83.67,1.83,20.17,6.33,218.83,121.0,2.5,0.5,0.85,1
1777,2022,7,WAS,GB,10,7,17.0,248.17,95.5,1.33,22.5,6.5,244.17,131.67,3.17,0.33,0.8,17.83,246.0,122.33,1.33,20.5,5.17,180.17,135.17,2.33,0.17,0.88,1
1778,2022,7,DEN,NYJ,6,7,15.17,240.33,110.17,1.0,16.5,9.0,210.0,105.83,3.17,0.67,0.82,23.83,248.67,110.67,1.5,21.33,6.17,223.5,105.33,2.33,1.17,0.83,0
1779,2022,7,LV,HOU,13,14,25.0,256.6,121.4,1.0,26.0,6.8,269.8,103.2,1.6,0.4,1.0,17.2,209.6,99.2,1.0,19.8,6.0,260.6,164.8,2.2,1.2,0.91,1
1780,2022,7,LAC,SEA,6,7,23.5,286.0,94.83,0.67,25.33,5.67,242.67,125.0,2.5,1.0,0.92,24.33,250.33,124.33,1.0,27.17,8.33,261.33,165.83,2.33,0.67,0.92,0
1781,2022,7,SF,KC,7,7,20.33,224.5,124.0,1.5,14.83,6.33,193.33,87.5,3.83,0.83,0.67,29.83,289.33,106.5,0.83,24.83,4.83,286.0,90.5,2.33,0.17,0.75,0
1782,2022,7,MIA,PIT,7,7,21.83,302.0,81.17,1.5,25.83,7.17,271.0,104.67,2.0,0.17,0.7,16.17,218.5,86.67,1.0,24.33,6.17,289.83,120.17,2.0,1.33,0.73,1
1783,2022,7,NE,CHI,8,11,23.5,236.5,131.33,1.83,18.83,6.33,233.67,119.0,2.67,1.0,0.83,15.5,144.83,170.67,1.33,19.67,5.17,190.5,163.0,1.83,0.83,1.0,0
1784,2022,8,TB,BAL,4,4,17.71,277.43,64.43,0.71,17.71,5.71,210.43,118.29,3.14,0.86,0.94,25.86,199.57,156.29,1.29,23.0,5.14,280.0,105.14,2.86,1.14,0.93,0
1785,2022,8,JAX,DEN,7,7,22.14,243.86,137.43,1.43,19.57,6.43,248.57,110.29,1.57,1.0,0.91,14.29,238.14,109.43,1.0,16.43,8.29,197.29,112.86,3.14,0.57,0.79,0
1786,2022,8,ATL,CAR,7,7,23.29,168.43,156.86,1.14,24.43,4.29,318.29,100.29,1.57,0.86,0.79,17.71,188.29,102.14,1.0,21.29,4.86,239.86,120.86,1.43,0.57,0.92,1
1787,2022,8,DAL,CHI,7,6,19.14,194.43,121.71,0.86,14.86,7.0,211.43,120.14,4.14,1.0,0.88,18.0,149.71,181.0,1.29,18.86,5.0,191.57,149.71,1.71,1.14,1.0,1
1788,2022,8,DET,MIA,7,7,24.33,264.83,145.67,1.83,32.33,6.33,259.17,162.83,1.5,0.33,0.75,21.0,296.14,85.43,1.29,23.57,6.86,269.0,103.29,2.0,0.57,0.77,0
1789,2022,8,MIN,ARI,14,10,23.17,256.33,97.83,1.0,19.67,4.17,288.67,112.5,2.83,0.83,0.69,22.29,239.86,121.86,0.71,25.14,6.0,271.86,101.14,1.57,0.71,0.91,1
1790,2022,8,NO,LV,10,7,25.0,270.0,142.0,2.14,28.57,7.43,233.29,123.14,2.14,0.14,0.73,27.17,254.0,128.5,0.83,25.0,6.5,275.17,104.0,1.5,0.5,1.0,1
1791,2022,8,NYJ,NE,7,6,22.71,230.43,117.0,1.29,19.57,6.86,223.71,105.29,2.14,1.14,0.87,22.14,231.0,122.57,2.14,20.86,6.0,225.86,136.71,2.86,1.0,0.83,0
1792,2022,8,PHI,PIT,14,7,26.83,252.33,156.0,0.33,17.5,5.17,208.67,109.83,2.67,1.5,0.89,15.29,224.0,87.86,1.29,23.14,6.0,285.71,118.86,1.71,1.14,0.75,1
1793,2022,8,HOU,TEN,7,7,17.67,225.0,100.67,1.0,22.83,5.5,257.33,164.67,2.0,1.0,0.86,19.17,183.83,108.67,0.83,21.33,6.5,295.0,96.83,2.67,1.0,0.89,0
1794,2022,8,IND,WAS,7,7,16.14,286.86,81.0,2.0,20.0,6.0,206.43,123.43,2.43,0.43,0.86,17.86,241.43,105.57,1.29,22.29,6.57,237.0,118.29,2.71,0.29,0.78,0
1795,2022,8,LA,SF,14,7,17.33,264.67,70.5,2.17,21.0,4.0,211.17,104.17,2.0,0.83,0.9,20.71,245.14,120.71,1.71,19.0,6.86,226.14,91.0,3.43,0.86,0.75,0
1796,2022,8,SEA,NYG,7,7,26.14,244.57,137.0,1.14,26.57,8.14,265.86,149.71,2.43,0.71,0.94,21.43,176.29,173.43,0.71,18.57,6.86,220.29,144.43,1.71,0.14,0.88,1
1797,2022,8,BUF,GB,14,7,29.33,331.33,117.83,1.67,13.5,6.0,226.33,76.17,3.17,1.67,0.82,18.29,238.57,110.29,1.14,20.86,5.71,183.14,139.57,2.14,0.29,0.88,1
1798,2022,8,CLE,CIN,8,8,24.0,226.29,163.57,1.29,26.57,6.43,223.14,135.57,2.0,0.29,0.81,24.71,302.86,87.43,1.0,18.86,4.86,213.29,119.0,1.71,0.71,0.85,1
1799,2022,9,HOU,PHI,4,4,16.57,214.57,92.43,1.0,22.0,5.57,228.43,186.0,2.14,1.0,0.87,28.0,260.29,149.57,0.29,16.86,5.57,206.86,114.71,3.14,1.43,0.89,0
1800,2022,9,ATL,LAC,7,14,25.0,179.0,158.12,1.25,25.62,4.62,318.12,108.88,1.5,0.88,0.82,23.43,287.0,88.86,0.86,27.0,5.86,238.0,137.57,2.43,1.0,0.92,0
1801,2022,9,CHI,MIA,7,7,19.38,150.5,188.38,1.25,22.62,5.12,198.88,156.0,1.62,1.12,1.0,22.25,306.88,88.12,1.25,24.0,6.88,275.5,100.62,1.88,0.5,0.79,0
1802,2022,9,CIN,CAR,6,7,23.25,294.0,81.0,1.12,20.5,4.5,221.38,125.62,1.75,0.75,0.79,19.75,204.38,110.5,1.0,23.25,5.38,241.5,126.62,1.5,0.75,0.88,1
1803,2022,9,DET,GB,7,7,24.71,272.86,136.57,1.57,32.14,6.29,276.71,154.86,1.57,0.29,0.8,18.12,234.12,122.5,1.12,21.62,6.0,187.5,141.25,2.12,0.5,0.8,1
1804,2022,9,JAX,LV,7,7,21.5,230.0,144.12,1.5,19.75,6.25,249.0,109.12,1.75,1.0,0.92,23.29,242.43,115.57,0.86,24.86,6.43,268.86,108.57,1.29,0.43,1.0,1
1805,2022,9,NE,IND,7,7,22.12,226.38,123.12,2.0,20.38,6.0,242.0,126.0,2.75,1.25,0.88,16.12,276.12,87.75,2.0,19.62,5.62,215.5,120.0,2.38,0.5,0.88,1
1806,2022,9,NYJ,BUF,7,7,22.0,246.0,108.75,1.5,19.88,6.5,220.0,108.0,2.62,1.12,0.82,29.0,315.14,122.86,1.71,14.0,5.71,223.0,95.0,3.0,1.57,0.85,1
1807,2022,9,WAS,MIN,7,7,17.75,246.12,104.38,1.25,21.5,6.12,232.5,120.38,2.62,0.25,0.8,24.71,252.86,108.57,1.0,20.57,5.0,294.0,107.57,3.0,1.0,0.64,0
1808,2022,9,ARI,SEA,7,7,22.75,250.62,116.38,0.88,26.25,6.5,266.88,110.12,1.75,0.62,0.92,26.25,240.5,130.75,1.12,24.88,7.5,254.62,140.75,2.75,0.62,0.94,0
1809,2022,9,TB,LA,10,7,18.25,283.38,61.88,0.62,18.88,5.5,213.88,132.38,3.12,0.75,0.95,16.86,253.57,68.43,1.86,22.43,4.0,219.43,105.14,2.14,0.71,0.9,1
1810,2022,9,KC,TEN,14,7,31.86,308.43,107.29,0.86,24.57,5.29,297.86,92.0,2.71,0.43,0.69,18.86,165.43,138.0,0.86,19.71,6.43,274.57,89.14,2.71,1.0,0.82,1
1811,2022,9,NO,BAL,8,11,24.88,265.12,141.25,1.88,25.0,7.12,225.75,112.5,2.38,0.25,0.71,26.0,204.38,165.62,1.12,22.88,5.38,285.62,97.5,2.88,1.0,0.89,0
1812,2022,10,CAR,ATL,4,4,19.89,199.89,105.33,1.11,25.33,5.56,240.0,139.33,1.56,0.67,0.88,24.11,173.44,162.89,1.22,25.0,4.33,310.0,106.89,1.33,0.89,0.79,1
1813,2022,10,TB,SEA,7,7,18.0,283.0,60.67,0.56,18.22,5.67,208.44,125.22,3.22,0.67,0.92,26.78,244.33,133.78,1.11,24.44,7.33,245.78,138.67,2.89,0.56,0.95,1
1814,2022,10,BUF,MIN,7,7,27.5,301.38,124.25,1.75,14.75,5.38,214.38,104.88,2.88,1.38,0.8,24.12,254.0,102.0,1.0,20.12,5.0,275.88,111.25,3.0,1.0,0.69,0
1815,2022,10,CHI,DET,7,7,20.78,147.44,195.44,1.11,24.0,5.0,210.33,147.22,1.44,1.0,1.0,23.5,255.88,134.12,1.5,29.25,6.38,278.5,148.75,1.5,0.62,0.8,0
1816,2022,10,KC,JAX,7,7,30.38,325.62,103.5,0.88,23.62,5.88,270.62,102.0,2.75,0.38,0.69,22.11,230.56,146.78,1.44,19.78,6.0,250.11,105.11,1.78,0.89,0.87,1
1817,2022,10,MIA,CLE,7,13,23.67,306.33,86.89,1.11,24.89,6.44,258.56,117.44,1.89,0.44,0.73,25.0,232.75,164.62,1.38,24.88,6.38,224.25,123.12,2.38,0.38,0.78,1
1818,2022,10,NYG,HOU,14,10,20.38,176.25,161.5,0.62,19.62,6.75,219.25,137.25,1.88,0.12,0.89,16.62,207.0,101.88,1.12,22.88,5.38,230.25,180.62,2.38,0.88,0.88,1
1819,2022,10,PIT,NO,14,6,15.0,220.5,94.88,1.38,24.62,6.38,288.5,117.88,1.88,1.0,0.78,23.56,260.44,130.89,1.78,25.22,6.89,215.44,120.89,2.44,0.22,0.74,1
1820,2022,10,TEN,DEN,7,14,18.62,154.75,142.25,0.75,19.75,6.62,296.0,87.62,2.88,1.0,0.83,15.12,239.88,108.38,1.0,16.5,8.75,189.25,122.62,3.0,0.75,0.79,1
1821,2022,10,LV,IND,7,7,22.88,244.5,110.25,0.75,25.12,6.25,264.62,116.0,1.12,0.38,1.0,14.67,256.89,86.67,1.89,20.33,5.22,207.89,114.44,2.56,0.44,0.84,0
1822,2022,10,GB,DAL,7,14,17.11,240.44,120.67,1.33,20.89,6.22,181.89,138.56,1.89,0.56,0.82,22.88,201.38,131.5,0.88,16.62,6.88,204.5,135.12,4.12,0.88,0.88,1
1823,2022,10,LA,ARI,7,7,16.38,242.5,68.38,1.62,21.62,4.0,227.0,98.38,2.0,0.62,0.92,22.56,242.22,117.0,0.89,26.78,7.11,267.78,115.44,1.78,0.67,0.92,0
1824,2022,10,SF,LAC,14,7,22.0,248.12,119.5,1.5,18.38,6.38,221.25,86.62,3.25,0.75,0.77,23.0,281.75,89.12,1.0,25.75,5.75,224.38,145.5,2.38,0.88,0.93,1
1825,2022,10,PHI,WAS,11,8,28.12,258.12,148.75,0.38,16.88,5.38,200.25,121.38,3.12,1.5,0.8,17.67,235.33,108.0,1.22,21.33,5.78,235.78,113.22,2.56,0.33,0.82,0
1826,2022,11,GB,TEN,4,4,18.5,238.8,129.3,1.3,21.6,6.2,190.2,140.6,1.9,0.7,0.77,18.44,165.89,133.44,0.78,18.67,6.89,294.89,85.11,3.22,1.0,0.85,0
1827,2022,11,ATL,CHI,10,7,23.2,174.7,160.4,1.2,25.0,4.3,289.8,119.4,1.3,0.8,0.8,21.7,149.4,201.7,1.1,24.7,5.4,212.9,142.0,1.5,0.9,1.0,1
1828,2022,11,BAL,CAR,13,10,26.11,196.44,168.11,1.0,21.78,5.33,278.67,92.0,3.0,1.0,0.9,20.4,190.7,118.0,1.0,24.3,6.0,234.6,139.2,1.9,0.7,0.9,1
1829,2022,11,BUF,CLE,7,7,27.78,304.56,129.89,2.0,16.78,5.56,230.22,109.56,3.0,1.44,0.83,24.11,230.44,158.78,1.33,26.44,6.33,232.89,131.11,2.22,0.33,0.79,1
1830,2022,11,HOU,WAS,7,6,16.56,219.44,101.78,1.22,23.0,5.56,226.56,181.78,2.44,0.78,0.89,19.1,232.9,112.4,1.3,21.3,5.7,229.7,111.3,2.4,0.4,0.87,0
1831,2022,11,IND,PHI,7,6,15.7,253.4,98.7,1.8,20.3,5.1,211.9,110.7,2.5,0.4,0.82,27.33,248.89,142.67,0.67,18.56,5.56,201.44,124.78,3.11,1.44,0.8,0
1832,2022,11,NE,NYJ,14,14,22.56,217.56,117.22,1.89,18.44,5.78,226.56,120.67,3.44,1.22,0.9,21.78,235.78,116.0,1.44,19.56,6.11,218.33,110.89,2.89,1.22,0.84,1
1833,2022,11,NO,LA,7,7,22.2,251.8,120.7,1.8,24.7,7.2,213.8,130.5,2.8,0.2,0.75,16.44,238.78,68.11,1.67,22.22,4.11,228.22,96.11,2.0,0.56,0.92,1
1834,2022,11,NYG,DET,7,7,20.78,178.56,164.78,0.56,19.22,6.56,230.33,133.22,2.11,0.22,0.9,24.33,253.67,129.78,1.33,29.33,5.89,266.11,160.89,1.67,0.67,0.82,0
1835,2022,11,DEN,LV,7,7,14.56,245.0,103.56,1.0,16.56,8.67,196.56,116.0,2.78,0.67,0.8,22.56,244.89,106.56,0.67,25.11,6.67,259.89,126.11,1.11,0.33,1.0,0
1836,2022,11,MIN,DAL,7,7,25.11,265.44,107.0,1.11,21.22,5.22,281.89,118.33,2.89,1.11,0.72,23.44,208.44,134.56,1.0,18.22,7.11,206.67,143.11,3.89,0.78,0.88,0
1837,2022,11,PIT,CIN,7,14,15.56,218.11,108.44,1.22,23.0,6.0,275.78,108.0,1.89,1.11,0.73,25.33,286.67,98.78,1.0,20.56,4.56,215.0,118.78,1.56,0.89,0.73,0
1838,2022,11,LAC,KC,7,7,22.22,272.22,84.89,1.0,25.33,5.22,226.11,146.78,2.22,0.78,0.94,30.0,326.22,109.22,1.0,22.89,5.22,269.33,99.0,3.0,0.33,0.69,0
1839,2022,11,ARI,SF,8,8,23.0,241.8,113.1,0.8,25.8,7.4,261.9,110.5,1.9,0.7,0.93,22.0,247.22,123.67,1.44,18.11,6.22,218.44,82.67,3.22,0.78,0.81,0
1840,2022,12,DET,BUF,4,4,25.0,244.8,132.8,1.2,28.2,5.8,273.6,153.7,1.7,0.8,0.83,28.1,293.8,134.0,1.8,17.4,5.8,239.6,106.6,2.8,1.3,0.88,0
1841,2022,12,DAL,NYG,4,4,25.1,218.3,136.2,0.9,16.7,7.0,201.9,136.1,4.2,0.7,0.9,20.5,194.8,157.2,0.8,20.4,6.7,223.8,135.9,1.9,0.2,0.9,1
1842,2022,12,MIN,NE,4,4,22.9,254.8,103.6,1.1,23.1,5.4,284.4,121.6,2.6,1.0,0.74,21.3,220.4,115.4,1.7,16.9,6.0,211.6,114.5,3.5,1.1,0.83,1
1843,2022,12,CAR,DEN,7,7,18.82,191.18,110.55,1.18,23.27,6.27,232.27,137.0,2.0,0.73,0.9,14.7,245.2,102.6,0.9,17.1,8.3,207.6,115.3,2.6,0.6,0.79,1
1844,2022,12,CLE,TB,7,14,24.0,239.8,150.9,1.3,26.9,6.3,229.3,135.1,2.2,0.3,0.76,18.3,280.5,70.7,0.7,18.0,5.5,215.1,116.6,3.2,0.6,0.88,1
1845,2022,12,JAX,BAL,14,7,21.6,233.4,139.6,1.3,20.5,5.9,258.2,110.1,1.6,0.9,0.78,24.8,197.7,162.8,1.0,19.9,5.8,270.4,86.4,3.1,1.1,0.91,1
1846,2022,12,MIA,HOU,14,7,25.2,305.9,97.7,1.0,24.1,6.3,253.9,116.9,2.0,0.4,0.76,15.9,214.4,93.7,1.3,23.0,5.2,223.0,178.9,2.2,0.7,0.9,1
1847,2022,12,NYJ,CHI,7,7,19.9,219.9,110.3,1.3,18.6,5.8,221.1,109.7,3.2,1.1,0.85,21.91,149.73,197.91,1.09,24.91,5.55,205.45,142.64,1.36,0.82,0.95,1
1848,2022,12,TEN,CIN,10,7,19.3,183.0,128.9,0.8,18.5,6.4,288.1,82.2,3.0,0.9,0.85,26.5,293.5,95.1,1.1,21.5,4.7,220.0,117.1,1.6,0.8,0.78,0
1849,2022,12,WAS,ATL,7,7,19.45,229.09,116.09,1.18,20.27,5.64,224.18,103.09,2.64,0.55,0.89,23.55,170.73,159.36,1.18,24.91,4.09,277.36,123.09,1.55,0.82,0.82,1
1850,2022,12,ARI,LAC,6,7,21.82,245.0,108.91,0.91,26.91,7.18,258.82,114.91,1.73,0.64,0.94,22.7,273.0,87.9,1.1,25.8,5.1,236.4,148.4,2.1,0.7,0.95,0
1851,2022,12,SEA,LV,14,7,25.7,247.4,124.3,1.1,24.1,7.2,247.0,140.9,2.6,0.7,0.95,22.5,251.1,106.8,0.6,24.2,6.9,258.6,122.9,1.3,0.3,0.95,0
1852,2022,12,KC,LA,7,7,30.0,326.5,114.6,1.0,23.3,5.1,270.4,100.6,3.2,0.4,0.74,16.8,237.2,76.1,1.5,22.7,4.3,232.8,95.3,2.2,0.5,0.93,1
1853,2022,12,SF,NO,6,7,23.6,245.3,127.2,1.3,17.3,5.9,224.3,81.1,3.2,0.9,0.82,22.64,253.82,117.73,1.64,24.27,6.73,214.64,132.09,2.91,0.18,0.77,1
1854,2022,12,PHI,GB,7,10,26.3,243.0,142.5,0.8,18.3,5.7,202.6,122.2,3.2,1.3,0.82,18.36,237.73,122.64,1.18,22.09,6.09,203.55,135.82,2.0,0.73,0.79,1
1855,2022,12,IND,PIT,8,8,15.73,249.73,98.73,1.73,20.0,5.36,209.91,113.45,2.55,0.36,0.81,17.0,222.8,107.8,1.1,24.4,6.2,283.7,103.4,1.9,1.2,0.76,0
1856,2022,13,NE,BUF,7,7,21.73,235.09,109.0,1.55,18.36,6.0,220.55,109.27,3.27,1.09,0.86,28.09,290.09,136.73,1.73,18.09,5.73,239.64,105.64,2.73,1.18,0.88,0
1857,2022,13,ATL,PIT,7,6,22.67,171.0,160.0,1.17,24.42,3.92,265.75,127.5,1.42,0.83,0.8,17.64,218.36,113.64,1.0,23.73,5.91,276.0,104.0,2.0,1.18,0.79,0
1858,2022,13,BAL,DEN,7,7,25.0,202.82,162.73,1.09,20.64,5.55,275.0,82.0,3.18,1.0,0.89,14.27,235.82,104.27,0.91,17.64,7.91,203.64,121.64,2.36,0.55,0.77,1
1859,2022,13,CHI,GB,7,7,20.92,152.17,192.0,1.08,25.42,5.17,214.58,143.92,1.33,0.75,0.95,19.58,239.0,121.25,1.25,23.58,5.92,199.33,154.75,2.0,0.67,0.81,0
1860,2022,13,DET,JAX,10,7,25.0,244.36,129.45,1.18,28.18,5.55,271.73,154.64,1.82,0.82,0.79,22.18,241.36,130.36,1.27,21.09,5.73,257.82,114.82,1.55,0.82,0.8,1
1861,2022,13,HOU,CLE,7,7,15.82,214.45,88.45,1.45,23.64,5.18,230.45,168.64,2.45,0.64,0.9,23.91,237.09,154.36,1.27,26.0,6.18,230.82,131.55,2.27,0.27,0.74,0
1862,2022,13,MIN,NYJ,10,7,23.82,259.82,99.36,1.09,23.36,5.18,293.27,114.64,2.64,0.91,0.76,20.91,228.55,114.64,1.18,17.82,5.36,217.27,111.27,3.09,1.09,0.82,1
1863,2022,13,PHI,TEN,7,7,27.55,234.82,162.55,0.82,19.64,5.45,207.18,120.73,3.18,1.36,0.85,19.0,192.82,122.91,0.73,18.64,6.55,286.45,84.55,2.82,0.82,0.82,1
1864,2022,13,LA,SEA,7,7,16.18,225.27,79.73,1.55,23.0,4.36,240.73,97.27,2.0,0.55,0.94,26.45,254.73,118.91,1.18,25.55,6.73,251.36,153.82,2.45,0.82,0.95,0
1865,2022,13,SF,MIA,7,7,22.64,243.18,124.36,1.18,15.73,6.0,222.45,79.45,3.0,0.82,0.84,25.64,305.82,94.82,1.0,23.27,6.09,250.36,109.55,2.27,0.55,0.8,1
1866,2022,13,CIN,KC,7,7,25.91,291.36,96.27,1.0,21.0,5.09,226.45,112.18,1.55,0.73,0.8,29.64,325.91,114.82,1.0,22.09,4.91,255.45,102.0,3.18,0.55,0.78,1
1867,2022,13,LV,LAC,7,7,24.09,255.09,122.82,0.73,25.09,6.91,264.91,117.64,1.45,0.36,0.92,22.91,273.09,85.82,1.0,25.64,5.0,232.27,151.36,2.0,0.73,0.95,1
1868,2022,13,DAL,IND,10,6,25.36,222.18,139.18,1.0,17.0,7.55,204.27,131.91,4.09,0.64,0.86,15.83,245.5,99.67,1.75,20.33,5.08,206.92,118.33,2.58,0.33,0.79,1
1869,2022,13,TB,NO,8,8,18.18,277.36,73.0,0.64,18.45,5.82,214.64,123.18,3.27,0.64,0.88,20.75,249.67,113.17,1.67,23.33,6.67,215.25,129.08,2.75,0.17,0.74,1
1870,2022,14,LA,LV,4,4,16.75,221.33,87.33,1.58,23.33,4.33,251.25,96.67,2.17,0.58,0.95,24.33,254.67,125.42,0.83,24.67,6.58,270.75,113.83,1.75,0.33,0.89,1
1871,2022,14,BUF,NYJ,10,7,27.75,284.5,136.33,1.67,17.42,5.75,235.92,101.83,2.58,1.08,0.89,21.0,240.25,115.08,1.25,18.58,5.42,213.58,112.67,3.0,1.0,0.85,1
1872,2022,14,CIN,CLE,7,7,26.0,290.92,100.92,0.92,21.25,5.17,226.17,114.33,1.58,0.67,0.82,24.17,228.25,156.0,1.33,25.0,6.17,228.33,127.42,2.08,0.42,0.76,1
1873,2022,14,DAL,HOU,7,7,27.75,217.83,145.92,1.0,17.17,7.17,206.67,129.75,4.0,0.83,0.86,15.67,213.33,87.92,1.58,23.92,5.17,222.17,169.08,2.33,0.67,0.91,1
1874,2022,14,DET,MIN,7,7,26.25,252.33,127.0,1.08,27.0,5.17,264.5,149.67,1.83,0.75,0.83,24.08,252.58,101.75,1.0,23.25,5.0,299.58,115.08,2.5,1.0,0.78,1
1875,2022,14,NYG,PHI,7,7,20.42,198.0,149.67,0.75,21.0,6.5,231.17,141.08,2.0,0.33,0.88,28.17,247.83,154.58,0.75,18.83,6.0,203.0,117.92,3.42,1.25,0.85,0
1876,2022,14,PIT,BAL,7,7,17.75,216.58,117.0,0.92,23.08,6.0,266.92,107.5,1.92,1.17,0.81,23.75,202.42,157.75,1.17,19.67,5.33,267.83,82.5,3.08,0.92,0.89,0
1877,2022,14,TEN,JAX,7,7,18.25,189.83,119.92,0.67,20.0,6.58,295.17,83.08,2.75,0.75,0.83,21.5,236.67,127.42,1.25,22.67,5.67,264.67,113.58,1.58,0.75,0.82,0
1878,2022,14,DEN,KC,7,7,13.83,231.92,102.92,0.83,17.0,7.58,203.17,120.08,2.5,0.67,0.77,29.17,317.33,116.75,1.0,22.5,4.83,258.0,106.17,3.0,0.5,0.76,0
1879,2022,14,SEA,CAR,7,14,26.5,264.08,116.5,1.25,25.33,6.67,245.25,155.25,2.58,0.92,0.96,19.17,188.92,116.75,1.08,22.17,6.08,224.75,135.67,2.08,0.67,0.92,0
1880,2022,14,SF,TB,7,6,23.5,245.08,124.08,1.17,15.83,5.83,228.5,75.58,3.0,1.0,0.87,18.08,277.67,73.25,0.75,18.25,5.67,217.58,118.42,3.17,0.58,0.89,1
1881,2022,14,LAC,MIA,7,7,22.67,278.25,84.67,1.0,25.75,4.92,233.75,151.58,1.83,0.75,0.92,24.92,304.92,89.67,1.25,24.08,6.25,251.67,110.5,2.42,0.58,0.81,1
1882,2022,14,ARI,NE,15,11,22.0,240.5,114.92,1.0,26.75,6.83,260.08,110.75,1.92,0.58,0.89,20.75,231.75,104.92,1.42,18.83,6.0,220.75,111.17,3.17,1.0,0.83,0
1883,2022,15,SEA,SF,4,4,26.31,264.08,111.08,1.31,25.69,6.38,235.62,160.46,2.54,0.85,0.96,24.38,241.23,130.62,1.15,15.15,5.54,230.38,75.08,2.77,1.08,0.87,0
1884,2022,15,MIN,IND,6,13,24.0,265.85,95.62,1.0,24.08,4.85,301.92,116.54,2.31,0.92,0.79,16.08,244.54,100.15,2.0,22.92,5.15,204.08,126.15,2.46,0.38,0.8,1
1885,2022,15,CLE,BAL,6,6,23.08,231.92,149.46,1.31,24.85,6.38,229.15,128.08,2.08,0.46,0.77,23.15,194.85,162.15,1.08,19.23,5.31,268.46,81.15,3.0,1.08,0.9,1
1886,2022,15,BUF,MIA,6,6,27.15,273.92,133.69,1.54,17.0,5.69,238.46,99.85,2.69,1.0,0.9,24.31,292.62,89.85,1.15,24.0,6.23,260.54,108.31,2.54,0.54,0.82,1
1887,2022,15,CAR,PIT,7,7,20.0,183.62,124.92,1.0,22.31,6.08,227.77,128.77,2.15,0.77,0.93,17.46,221.15,113.0,1.08,22.54,5.69,254.38,115.77,1.92,1.08,0.79,0
1888,2022,15,CHI,PHI,14,7,20.77,160.0,189.15,1.23,25.62,5.15,212.08,146.31,1.23,0.69,0.92,29.69,245.46,162.15,0.69,19.08,5.69,204.0,118.31,3.69,1.15,0.87,0
1889,2022,15,HOU,KC,7,7,16.23,213.31,89.92,1.62,24.15,5.08,226.92,165.85,2.23,0.77,0.92,29.54,320.0,114.62,1.15,22.92,4.77,258.38,106.15,3.23,0.62,0.78,0
1890,2022,15,JAX,DAL,7,7,22.62,246.77,122.23,1.15,22.62,5.92,263.85,115.38,1.77,0.77,0.84,27.69,222.92,144.46,1.08,17.62,6.85,207.15,128.54,3.69,0.85,0.88,1
1891,2022,15,NO,ATL,13,14,20.38,249.69,109.54,1.54,22.85,6.62,220.31,125.0,2.62,0.23,0.77,22.15,170.69,158.92,1.15,24.0,4.08,260.46,129.54,1.31,0.77,0.82,1
1892,2022,15,NYJ,DET,7,7,20.31,242.46,112.08,1.31,18.69,5.54,208.46,111.85,3.0,0.92,0.86,26.85,258.31,127.54,1.0,26.69,5.31,276.85,139.85,2.0,0.69,0.81,0
1893,2022,15,DEN,ARI,7,6,14.92,234.31,103.15,0.92,18.31,7.46,214.62,117.69,2.46,0.85,0.77,21.31,241.62,114.77,1.08,26.77,6.92,258.15,110.15,1.85,0.62,0.86,1
1894,2022,15,LV,NE,10,6,23.69,245.62,128.46,0.92,24.08,6.62,267.62,110.54,1.92,0.31,0.9,21.23,232.0,104.77,1.38,18.38,6.15,223.38,111.31,3.38,1.0,0.84,1
1895,2022,15,LAC,TEN,7,7,22.69,285.08,84.46,0.92,25.08,5.0,226.92,147.0,1.85,0.69,0.93,18.54,194.77,121.23,0.92,21.23,6.46,300.77,81.31,2.54,0.69,0.83,1
1896,2022,15,TB,CIN,7,7,17.23,275.77,72.92,0.92,19.54,5.85,215.85,125.38,2.92,0.54,0.86,25.77,286.92,103.62,0.92,20.38,5.08,230.0,111.0,1.62,0.69,0.83,0
1897,2022,15,WAS,NYG,14,7,19.46,225.62,124.46,1.15,19.69,5.62,218.46,110.38,2.62,0.54,0.87,20.54,199.38,147.62,0.77,23.08,6.38,230.08,149.69,2.15,0.31,0.88,0
1898,2022,15,GB,LA,15,11,20.23,234.62,125.38,1.15,23.23,5.62,203.54,154.77,1.85,0.77,0.83,16.77,222.0,86.08,1.54,22.77,4.54,242.46,101.92,2.0,0.69,0.9,1
1899,2022,16,NYJ,JAX,4,4,20.07,247.79,107.64,1.29,18.79,5.29,211.57,111.5,2.79,0.86,0.83,23.86,251.86,127.21,1.29,23.43,5.79,263.29,118.14,1.86,0.86,0.85,0
1900,2022,16,BAL,ATL,7,6,21.71,190.79,164.71,1.14,18.79,5.14,260.79,85.57,3.0,1.0,0.85,21.86,165.43,164.07,1.14,23.79,4.0,258.36,129.86,1.36,0.71,0.83,1
1901,2022,16,CAR,DET,6,6,19.71,186.57,117.5,0.93,22.43,6.0,224.29,130.71,2.07,0.71,0.93,26.36,257.86,126.07,0.93,26.0,5.36,279.71,133.43,2.14,0.71,0.79,1
1902,2022,16,CHI,BUF,6,7,20.71,159.43,186.86,1.21,25.57,5.21,219.43,143.86,1.21,0.79,0.92,27.5,276.07,134.86,1.5,17.86,5.79,238.14,106.14,2.64,0.93,0.9,0
1903,2022,16,CLE,NO,7,6,22.36,226.86,149.0,1.21,23.29,6.14,222.64,133.07,2.14,0.5,0.73,20.43,248.36,111.29,1.5,22.5,6.57,211.5,132.57,2.71,0.21,0.77,0
1904,2022,16,KC,SEA,6,9,29.57,321.14,119.93,1.21,23.0,5.14,249.14,105.29,3.07,0.57,0.76,25.36,262.21,108.14,1.29,25.36,6.5,234.29,161.14,2.43,0.79,0.96,1
1905,2022,16,MIN,NYG,7,6,25.07,279.71,95.36,1.14,24.93,5.14,293.36,120.43,2.36,0.86,0.8,20.5,196.57,146.21,0.71,22.29,6.29,231.43,150.36,2.21,0.29,0.89,1
1906,2022,16,NE,CIN,6,6,21.43,223.43,112.0,1.29,19.21,6.14,223.93,110.29,3.36,1.0,0.86,26.36,280.71,100.0,0.93,20.57,5.0,235.86,109.64,1.57,0.79,0.84,0
1907,2022,16,TEN,HOU,6,6,18.21,194.07,121.64,0.93,20.93,6.43,301.64,80.79,2.57,0.79,0.79,16.79,207.29,90.21,1.57,24.57,5.0,234.71,167.5,2.21,0.71,0.93,0
1908,2022,16,SF,WAS,9,6,24.14,239.5,133.43,1.07,15.0,5.64,230.93,74.71,2.79,1.0,0.83,18.93,227.29,126.93,1.21,19.71,5.64,214.29,111.64,2.43,0.5,0.88,1
1909,2022,16,DAL,PHI,6,6,28.14,225.29,145.14,1.14,19.21,6.5,215.07,133.07,3.5,0.86,0.88,29.36,250.43,158.57,0.86,19.14,5.43,200.29,121.07,3.86,1.07,0.82,1
1910,2022,16,PIT,LV,6,6,17.93,218.14,116.07,1.0,22.07,5.79,252.29,109.0,2.07,1.0,0.79,24.14,244.57,126.21,0.93,24.07,7.07,256.5,117.36,1.79,0.29,0.91,1
1911,2022,16,MIA,GB,8,6,24.64,288.43,96.86,1.07,24.57,6.36,263.64,111.29,2.5,0.5,0.84,20.5,234.21,126.29,1.21,22.43,5.5,196.93,148.86,2.07,0.79,0.84,0
1912,2022,16,LA,DEN,6,7,16.43,214.07,85.07,1.5,22.86,4.79,241.5,104.5,2.07,0.71,0.91,15.57,231.64,107.79,1.0,18.07,7.21,211.64,114.5,2.5,1.0,0.75,1
1913,2022,16,ARI,TB,7,7,20.86,236.71,111.79,1.21,26.57,6.93,253.79,114.29,2.21,0.64,0.88,17.64,278.36,74.29,1.14,20.57,5.93,214.71,120.21,2.86,0.57,0.83,0
1914,2022,16,IND,LAC,9,8,17.5,240.07,105.21,1.93,24.07,5.57,222.36,123.71,2.79,0.5,0.83,22.29,287.07,83.71,1.0,24.29,4.86,223.93,145.57,2.0,0.71,0.93,0
1915,2022,17,TEN,DAL,5,5,17.93,187.73,125.8,1.07,20.8,6.33,296.07,80.07,2.47,0.8,0.79,28.93,233.4,143.13,1.13,20.2,6.33,224.4,130.0,3.27,0.93,0.9,0
1916,2022,17,ATL,ARI,8,7,21.0,168.93,160.8,1.13,23.33,4.07,248.8,133.47,1.27,0.67,0.84,20.53,235.67,112.4,1.33,26.07,6.87,255.6,114.33,2.07,0.73,0.89,1
1917,2022,17,DET,CHI,8,8,26.13,264.33,120.67,0.93,26.73,5.27,277.73,145.87,2.0,0.67,0.8,20.2,158.4,179.73,1.27,26.2,5.0,216.27,151.2,1.2,0.87,0.92,1
1918,2022,17,HOU,JAX,8,10,16.93,208.0,88.87,1.53,23.87,4.93,225.67,168.6,2.33,0.8,0.93,23.53,250.33,128.53,1.27,22.07,5.6,257.87,114.67,1.93,0.87,0.84,0
1919,2022,17,KC,DEN,8,7,29.2,314.67,117.07,1.13,22.13,5.13,246.87,107.13,3.0,0.6,0.77,15.47,233.47,107.53,1.2,20.27,7.13,212.87,117.4,2.33,0.93,0.76,1
1920,2022,17,NE,MIA,8,7,21.2,224.53,108.6,1.27,19.4,6.4,234.0,107.8,3.27,1.07,0.86,24.33,289.87,95.87,1.27,24.67,6.47,261.93,109.13,2.47,0.53,0.82,1
1921,2022,17,NYG,IND,8,6,20.73,205.73,144.87,0.8,22.6,6.33,235.93,145.87,2.33,0.27,0.9,16.53,233.67,102.8,2.0,23.8,5.33,223.2,122.2,2.87,0.53,0.83,1
1922,2022,17,PHI,NO,8,8,29.67,257.4,153.8,1.07,20.53,5.2,210.07,120.67,4.0,1.07,0.84,20.2,237.93,114.0,1.47,21.67,6.27,206.4,132.0,2.67,0.27,0.78,0
1923,2022,17,TB,CAR,7,8,17.73,278.53,77.0,1.2,20.27,5.87,215.13,120.27,2.73,0.6,0.85,20.87,190.8,131.0,0.87,22.47,6.27,233.0,125.0,2.07,0.67,0.94,1
1924,2022,17,WAS,CLE,8,8,19.0,231.4,123.73,1.27,20.87,5.67,215.6,114.4,2.47,0.53,0.88,21.53,220.73,147.33,1.2,22.87,6.0,213.93,134.33,2.0,0.53,0.74,0
1925,2022,17,LV,SF,8,8,23.2,239.87,121.67,1.07,23.33,6.73,255.67,116.6,1.67,0.33,0.91,25.0,239.13,134.73,1.07,15.33,5.53,234.8,75.0,2.73,1.0,0.85,0
1926,2022,17,SEA,NYJ,8,10,24.33,259.07,109.8,1.27,25.27,6.47,233.6,155.53,2.33,0.73,0.96,18.93,243.4,104.87,1.33,18.8,5.53,212.73,113.87,2.67,0.8,0.84,1
1927,2022,17,GB,MIN,7,8,20.87,234.47,123.13,1.2,22.27,5.47,204.47,144.4,2.07,0.93,0.87,25.2,281.0,94.53,1.07,24.87,4.93,296.07,120.8,2.4,0.87,0.81,1
1928,2022,17,LAC,LA,6,7,22.13,283.6,84.87,1.07,22.87,4.93,218.6,140.47,2.33,0.87,0.93,18.73,215.13,89.93,1.4,22.27,4.67,242.67,104.47,2.33,0.93,0.92,1
1929,2022,17,BAL,PIT,8,8,21.4,185.73,166.0,1.07,18.13,4.87,257.93,87.53,2.93,0.93,0.84,17.6,219.87,115.4,1.0,21.27,5.6,247.07,105.6,2.13,1.13,0.76,0
1930,2022,18,LV,KC,6,6,23.88,247.69,122.5,1.12,24.19,6.69,257.44,119.94,1.56,0.38,0.91,29.06,315.5,112.62,1.12,22.25,5.12,245.31,107.75,3.06,0.62,0.74,0
1931,2022,18,JAX,TEN,6,9,24.0,246.0,131.06,1.31,20.88,5.38,254.94,112.75,1.94,0.81,0.85,17.62,190.5,124.0,1.12,21.19,6.56,295.19,80.5,2.38,0.88,0.81,1
1932,2022,18,ATL,TB,7,7,20.94,168.94,159.0,1.12,23.06,4.12,247.12,133.0,1.31,0.62,0.85,18.5,288.12,76.38,1.19,20.5,6.0,223.0,117.38,2.69,0.62,0.81,1
1933,2022,18,BUF,NE,6,7,28.0,269.13,142.8,1.6,17.53,6.0,231.87,104.4,2.6,0.93,0.87,21.31,223.25,106.56,1.19,19.5,6.38,235.94,106.44,3.19,1.12,0.86,1
1934,2022,18,CHI,MIN,7,7,19.56,153.19,181.0,1.31,27.12,4.88,218.69,158.31,1.25,0.81,0.93,24.69,279.81,95.0,1.25,25.88,5.0,288.06,123.44,2.31,0.81,0.77,0
1935,2022,18,CIN,BAL,6,7,26.07,287.0,98.2,1.07,20.4,5.2,236.13,106.4,1.73,0.73,0.81,20.88,182.25,163.12,1.06,18.0,4.81,252.31,94.44,2.88,0.88,0.85,1
1936,2022,18,IND,HOU,7,7,16.12,227.88,104.38,1.94,24.69,5.44,220.31,128.12,2.69,0.5,0.82,16.06,208.19,88.56,1.5,24.31,5.06,222.88,168.62,2.31,0.88,0.93,0
1937,2022,18,MIA,NYJ,7,7,24.12,288.31,95.25,1.31,24.56,6.62,258.31,107.06,2.5,0.5,0.79,18.12,243.19,103.0,1.44,19.06,5.31,210.88,119.12,2.69,0.75,0.82,1
1938,2022,18,NO,CAR,7,7,20.19,237.38,114.94,1.44,20.94,6.06,210.62,127.94,2.88,0.31,0.79,21.06,200.19,127.44,1.0,22.94,6.38,245.44,121.38,2.12,0.62,0.94,0
1939,2022,18,PIT,CLE,7,7,17.5,216.62,120.56,0.94,20.75,5.62,239.75,106.5,2.06,1.12,0.76,21.69,217.5,147.25,1.12,22.06,5.81,209.5,134.44,2.06,0.69,0.75,1
1940,2022,18,DEN,LAC,7,7,16.0,232.75,108.12,1.25,20.69,6.88,220.06,112.94,2.19,0.94,0.77,22.69,280.81,91.56,1.0,22.06,4.75,213.19,142.06,2.38,0.81,0.94,1
1941,2022,18,PHI,NYG,7,7,28.44,258.44,148.38,1.06,20.5,5.38,211.25,121.19,4.19,1.06,0.85,21.81,203.94,149.38,0.81,21.81,6.12,230.0,144.75,2.31,0.31,0.9,1
1942,2022,18,SEA,LA,7,7,24.25,254.31,115.31,1.19,24.06,6.38,234.0,150.5,2.44,0.81,0.94,18.19,209.94,94.69,1.38,22.81,4.56,242.44,109.94,2.19,0.88,0.93,1
1943,2022,18,SF,ARI,7,7,25.75,241.94,136.94,1.06,16.5,5.75,242.94,78.75,2.56,1.06,0.84,20.44,234.81,113.25,1.25,25.69,6.94,250.19,115.44,2.0,0.69,0.88,1
1944,2022,18,WAS,DAL,7,10,18.44,225.88,124.5,1.38,21.06,5.62,212.69,116.38,2.62,0.5,0.88,28.81,236.44,139.62,1.25,19.75,6.12,224.88,127.94,3.19,0.94,0.91,1
1945,2022,18,GB,DET,7,7,22.12,230.31,125.62,1.12,21.94,5.31,208.06,141.75,2.06,1.06,0.88,27.06,263.75,129.69,0.88,25.69,5.31,265.06,149.25,2.31,0.69,0.81,0
1946,2023,2,PHI,MIN,4,4,25.0,170.0,97.0,1.0,20.0,5.0,316.0,76.0,2.0,1.0,1.0,17.0,344.0,41.0,3.0,20.0,6.0,173.0,73.0,1.0,0.0,1.0,1
1947,2023,2,ATL,GB,7,7,24.0,115.0,130.0,0.0,10.0,6.0,146.0,154.0,2.0,2.0,1.0,38.0,245.0,92.0,0.0,20.0,9.0,216.0,122.0,4.0,1.0,1.0,1
1948,2023,2,BUF,LV,6,7,16.0,236.0,97.0,4.0,22.0,5.0,140.0,172.0,3.0,1.0,1.0,17.0,200.0,61.0,1.0,16.0,10.0,177.0,94.0,2.0,0.0,1.0,1
1949,2023,2,CIN,BAL,7,7,3.0,82.0,75.0,0.0,24.0,4.0,154.0,206.0,3.0,1.0,0.5,25.0,169.0,110.0,2.0,9.0,13.0,242.0,72.0,5.0,0.0,1.0,0
1950,2023,2,DET,SEA,10,7,21.0,253.0,118.0,1.0,20.0,4.0,226.0,90.0,0.0,1.0,0.0,13.0,112.0,85.0,0.0,30.0,7.0,334.0,92.0,0.0,0.0,0.67,0
1951,2023,2,HOU,IND,7,7,9.0,242.0,72.0,1.0,25.0,9.0,169.0,110.0,3.0,1.0,1.0,21.0,223.0,65.0,3.0,31.0,4.0,241.0,105.0,2.0,1.0,0.0,0
1952,2023,2,JAX,KC,7,10,31.0,241.0,105.0,1.0,21.0,4.0,223.0,65.0,4.0,1.0,1.0,20.0,226.0,90.0,1.0,21.0,3.0,253.0,118.0,1.0,0.0,1.0,0
1953,2023,2,TB,CHI,7,7,20.0,173.0,73.0,0.0,17.0,3.0,344.0,41.0,2.0,1.0,1.0,20.0,216.0,122.0,2.0,38.0,7.0,245.0,92.0,1.0,0.0,1.0,1
1954,2023,2,TEN,LAC,7,7,15.0,198.0,104.0,3.0,16.0,6.0,305.0,69.0,4.0,1.0,1.0,34.0,229.0,233.0,0.0,36.0,6.0,466.0,70.0,0.0,1.0,1.0,1
1955,2023,2,ARI,NYG,7,7,16.0,132.0,96.0,2.0,20.0,9.0,202.0,92.0,6.0,1.0,1.0,0.0,110.0,108.0,3.0,40.0,6.0,143.0,122.0,0.0,0.0,0.0,0
1956,2023,2,LA,SF,7,7,30.0,334.0,92.0,0.0,13.0,7.0,112.0,85.0,2.0,0.0,0.6,30.0,220.0,188.0,1.0,7.0,11.0,232.0,41.0,5.0,2.0,1.0,0
1957,2023,2,DAL,NYJ,7,6,40.0,143.0,122.0,0.0,0.0,5.0,110.0,108.0,7.0,2.0,1.0,22.0,140.0,172.0,1.0,16.0,2.0,236.0,97.0,5.0,3.0,1.0,1
1958,2023,2,DEN,WAS,7,7,16.0,177.0,94.0,0.0,17.0,10.0,200.0,61.0,0.0,1.0,0.5,20.0,202.0,92.0,3.0,16.0,8.0,132.0,96.0,3.0,0.0,1.0,0
1959,2023,2,NE,MIA,7,7,20.0,316.0,76.0,2.0,25.0,7.0,170.0,97.0,3.0,0.0,0.0,36.0,466.0,70.0,2.0,34.0,6.0,229.0,233.0,3.0,0.0,1.0,0
1960,2023,2,CAR,NO,8,8,10.0,146.0,154.0,3.0,24.0,9.0,115.0,130.0,4.0,0.0,1.0,16.0,305.0,69.0,1.0,15.0,7.0,198.0,104.0,3.0,3.0,1.0,0
1961,2023,2,PIT,CLE,8,8,7.0,232.0,41.0,2.0,30.0,6.0,220.0,188.0,3.0,0.0,0.0,24.0,154.0,206.0,2.0,3.0,5.0,82.0,75.0,2.0,0.0,1.0,1
1962,2023,3,SF,NYG,4,4,30.0,213.0,173.5,0.5,15.0,8.5,269.5,65.0,3.0,2.0,1.0,15.5,215.5,117.5,2.0,34.0,7.5,185.5,136.5,0.0,0.0,0.33,1
1963,2023,3,BAL,IND,7,7,26.0,203.0,144.0,1.0,16.5,9.5,232.0,69.0,3.0,0.5,0.75,26.0,225.0,95.5,1.5,25.5,6.0,312.5,78.5,4.0,0.5,1.0,0
1964,2023,3,CLE,TEN,6,7,23.0,194.5,202.0,3.0,14.5,6.5,152.0,65.0,2.0,0.5,0.83,21.0,222.0,122.5,1.5,20.0,6.5,305.0,65.0,3.5,0.5,1.0,1
1965,2023,3,DET,ATL,7,7,26.0,288.0,110.0,2.0,28.5,4.0,277.0,86.0,0.5,0.5,1.0,24.5,176.0,170.5,0.5,17.0,6.0,148.5,119.0,1.5,1.0,1.0,1
1966,2023,3,GB,NO,7,6,31.0,198.0,88.0,0.0,22.5,8.0,226.5,166.5,2.5,1.0,1.0,18.0,270.5,101.5,1.0,16.0,5.0,175.5,102.0,3.5,1.5,1.0,1
1967,2023,3,JAX,HOU,7,7,20.0,228.0,89.5,1.0,19.0,3.0,264.0,83.0,2.5,1.0,1.0,14.5,313.0,62.0,1.0,28.0,6.0,198.0,118.0,1.5,0.5,0.83,0
1968,2023,3,MIA,DEN,7,7,30.0,357.5,107.5,1.5,25.5,6.0,230.0,160.5,3.5,0.5,0.67,24.5,242.5,108.0,1.0,26.0,9.5,249.5,91.5,2.0,0.5,0.75,1
1969,2023,3,MIN,LAC,10,7,22.5,354.0,34.5,3.0,27.0,4.0,183.0,166.0,2.5,0.5,1.0,29.0,267.0,147.0,0.0,31.5,5.0,356.0,105.5,2.5,0.5,1.0,0
1970,2023,3,NYJ,NE,7,7,16.0,155.0,118.0,2.5,23.0,3.5,245.5,115.5,3.0,1.5,1.0,18.5,273.5,82.0,2.0,24.5,6.0,209.5,121.0,2.0,0.5,1.0,0
1971,2023,3,WAS,BUF,7,7,27.5,250.5,107.0,1.5,24.5,8.0,220.0,109.0,5.0,0.5,0.67,27.0,255.0,140.0,2.0,16.0,4.5,162.5,113.5,1.5,1.5,1.0,0
1972,2023,3,SEA,CAR,7,6,25.0,220.0,83.5,0.0,30.5,8.0,328.5,97.0,1.0,0.5,0.5,13.5,149.5,127.0,2.0,22.0,7.5,175.5,132.0,4.0,0.5,1.0,1
1973,2023,3,ARI,DAL,7,7,22.0,180.0,123.5,1.0,25.5,8.5,261.5,109.5,4.5,1.0,0.83,35.0,199.0,128.0,0.0,5.0,5.5,140.0,86.0,5.0,2.5,1.0,1
1974,2023,3,KC,CHI,7,7,18.5,265.5,95.5,1.5,15.0,7.5,234.0,96.0,2.5,0.0,1.0,18.5,213.5,94.5,2.0,32.5,6.0,281.0,106.0,0.5,0.0,1.0,1
1975,2023,3,LV,PIT,7,6,13.5,192.5,58.0,2.0,27.0,6.0,225.5,138.5,2.0,0.0,1.0,16.5,227.0,48.0,2.0,26.0,5.5,227.5,193.0,4.5,0.5,1.0,0
1976,2023,3,TB,PHI,8,11,23.5,245.0,96.5,0.0,17.0,5.0,277.5,54.0,4.0,1.5,0.8,29.5,181.5,178.0,1.0,24.0,6.0,340.0,52.0,2.0,0.5,0.86,0
1977,2023,3,CIN,LA,8,8,13.5,152.0,70.5,0.5,25.5,4.5,195.5,192.0,1.5,0.5,0.67,26.5,320.5,90.5,1.0,21.5,6.5,159.0,122.0,1.5,0.0,0.75,1
1978,2023,4,GB,DET,4,4,26.67,218.33,90.33,0.33,20.67,9.0,219.0,136.67,3.0,0.67,1.0,24.0,273.0,111.67,1.67,21.0,6.0,251.67,72.0,2.67,0.33,1.0,0
1979,2023,4,JAX,ATL,7,7,19.0,248.0,98.33,1.33,25.0,4.0,269.33,84.0,1.67,0.67,0.71,18.33,184.33,128.33,0.67,18.0,5.33,180.0,117.67,1.0,1.0,0.88,1
1980,2023,4,BUF,MIA,7,7,30.33,242.67,149.33,1.67,11.67,5.0,165.0,110.67,4.0,2.33,1.0,43.33,363.67,188.33,1.0,23.67,6.0,255.33,130.0,2.67,0.67,0.67,1
1981,2023,4,CAR,MIN,7,7,18.0,220.0,99.33,1.33,27.0,9.33,215.67,136.67,3.33,0.67,0.86,23.0,358.33,66.33,2.67,27.33,4.67,273.33,120.67,2.0,0.33,1.0,0
1982,2023,4,CHI,DEN,7,7,15.67,175.33,101.67,2.0,35.33,6.0,288.33,121.67,0.33,0.67,1.0,23.0,263.67,95.0,1.67,40.67,8.67,291.67,177.67,1.33,0.33,0.83,0
1983,2023,4,CLE,BAL,7,7,24.33,226.0,160.67,2.33,10.67,6.0,136.0,52.0,3.0,0.33,0.88,23.67,202.67,158.0,1.33,18.33,6.67,230.33,92.33,3.33,0.33,0.67,0
1984,2023,4,HOU,PIT,7,7,22.0,302.0,70.0,0.67,24.33,6.67,228.0,117.33,1.0,0.67,0.89,18.67,229.67,67.0,1.33,23.33,5.67,259.67,151.67,4.33,1.33,1.0,1
1985,2023,4,IND,LA,7,6,24.67,225.67,110.0,1.0,23.33,6.0,275.67,114.33,4.0,0.33,1.0,23.0,303.33,84.0,1.33,20.67,5.67,192.33,103.67,1.67,0.33,0.82,0
1986,2023,4,NO,TB,7,6,17.67,248.33,93.33,0.67,16.67,5.67,203.33,99.67,2.67,1.33,0.86,19.33,212.0,78.0,0.67,19.67,4.67,277.33,103.0,3.0,1.67,0.83,0
1987,2023,4,PHI,WAS,6,7,28.0,213.33,185.67,1.33,19.67,5.0,275.33,48.33,2.0,0.67,0.9,19.33,223.67,106.33,2.67,28.67,6.0,219.33,128.67,3.33,0.67,0.71,1
1988,2023,4,TEN,CIN,7,6,15.0,182.67,90.33,1.0,22.33,7.0,299.67,69.33,3.33,0.33,1.0,15.33,187.67,69.33,0.67,22.33,5.33,220.0,151.67,3.0,1.0,0.75,1
1989,2023,4,LAC,LV,7,7,28.67,329.33,108.0,0.33,29.0,7.33,359.67,113.67,3.0,0.67,0.83,15.0,236.33,61.67,2.33,25.67,6.33,228.67,127.33,1.67,0.0,1.0,1
1990,2023,4,DAL,NE,7,7,28.67,215.67,147.0,0.33,12.67,8.0,156.33,131.33,4.0,1.67,1.0,17.33,249.33,107.0,1.33,19.67,6.0,192.0,93.33,2.33,0.33,0.6,1
1991,2023,4,SF,ARI,10,7,30.0,245.33,162.67,0.33,14.0,7.67,225.33,53.0,2.67,1.67,1.0,24.0,183.0,156.33,0.67,22.33,8.33,257.33,134.67,3.67,1.0,0.89,1
1992,2023,4,NYJ,KC,7,7,14.0,155.67,91.33,1.67,20.33,3.33,230.67,129.33,2.0,1.0,1.0,26.0,278.0,114.67,1.67,13.33,6.0,189.0,102.67,2.67,0.33,1.0,0
1993,2023,4,NYG,SEA,11,8,14.33,189.33,88.0,1.67,32.67,7.0,227.0,138.0,0.67,0.0,0.6,29.0,245.33,104.33,0.33,29.33,8.0,339.33,79.33,1.67,0.33,0.73,0
1994,2023,5,WAS,CHI,4,4,22.25,240.25,106.5,2.0,30.0,6.25,244.25,122.5,3.25,0.5,0.75,18.75,215.25,119.0,2.0,34.25,7.0,272.0,115.5,0.5,0.5,1.0,0
1995,2023,5,BUF,JAX,7,7,34.75,262.0,138.0,1.25,13.75,4.75,194.25,118.5,4.0,2.0,1.0,20.0,237.75,100.0,1.0,20.5,3.75,249.75,94.75,2.25,1.0,0.8,0
1996,2023,5,ATL,HOU,7,7,15.5,186.0,128.0,1.25,19.25,4.75,186.75,114.5,1.25,0.75,0.88,24.0,304.5,87.25,0.5,19.75,7.0,204.0,116.5,1.5,0.75,0.92,1
1997,2023,5,DET,CAR,10,7,26.5,257.25,136.5,1.5,20.75,6.5,250.25,60.75,3.25,0.75,1.0,16.75,216.0,95.25,1.25,25.5,8.5,196.5,136.25,3.0,1.0,0.89,1
1998,2023,5,IND,TEN,7,7,24.25,219.25,115.75,1.0,24.75,6.5,286.5,126.75,3.5,0.5,0.86,18.0,197.5,111.0,1.0,17.5,6.5,266.0,70.0,3.25,0.25,1.0,1
1999,2023,5,MIA,NYG,7,6,37.5,343.25,176.75,1.25,29.75,6.5,271.5,123.5,2.5,0.5,0.67,11.5,192.75,94.0,2.0,30.5,6.75,213.5,133.75,1.0,0.0,0.67,1
2000,2023,5,NE,NO,7,7,13.75,238.75,93.5,1.75,24.25,6.0,214.25,101.0,2.5,0.25,0.57,15.5,221.25,87.5,1.25,19.0,6.0,214.0,103.25,2.25,1.25,0.9,0
2001,2023,5,PIT,BAL,7,7,15.5,205.25,78.75,1.25,25.0,4.75,272.75,148.5,3.25,1.0,1.0,24.75,198.5,151.25,1.25,14.5,7.0,203.0,92.5,3.25,1.0,0.67,1
2002,2023,5,ARI,CIN,7,7,22.0,203.5,143.5,0.5,25.5,8.5,263.75,132.0,3.0,0.75,0.9,12.25,182.0,70.0,0.75,23.5,5.25,225.5,157.0,3.0,1.0,0.78,0
2003,2023,5,LA,PHI,7,7,24.5,307.25,104.0,1.25,21.25,6.25,194.25,111.0,1.75,0.25,0.75,29.5,239.75,165.25,1.0,22.5,6.5,279.0,63.0,2.75,0.5,0.93,0
2004,2023,5,DEN,NYJ,7,7,25.0,253.5,95.5,1.25,37.5,8.25,302.5,176.0,2.0,0.5,0.86,15.5,178.0,95.5,1.5,21.0,4.25,223.75,148.0,1.75,1.25,0.86,0
2005,2023,5,MIN,KC,7,7,22.5,303.5,83.5,2.5,23.75,5.25,256.0,111.25,2.75,0.25,1.0,25.25,259.25,137.0,1.75,15.0,5.75,203.0,104.0,2.5,0.25,1.0,0
2006,2023,5,SF,DAL,7,7,31.25,254.75,153.0,0.25,14.5,6.75,235.25,66.0,2.25,1.25,1.0,31.0,232.0,141.25,0.25,10.25,7.25,169.0,111.75,3.5,1.75,1.0,1
2007,2023,5,LV,GB,8,11,15.5,236.75,65.25,2.5,25.25,7.0,213.25,134.25,1.75,0.25,1.0,25.0,225.25,74.5,0.75,24.0,7.75,216.75,155.25,2.75,0.75,1.0,1
2008,2023,6,KC,DEN,4,4,25.6,263.6,123.0,1.4,16.0,6.6,219.2,97.2,2.6,0.2,1.0,24.2,242.0,104.2,1.4,36.2,7.4,281.8,187.6,2.4,0.6,0.89,1
2009,2023,6,TEN,BAL,7,7,17.6,210.8,106.6,1.0,18.6,6.0,263.4,94.6,2.8,0.2,1.0,21.8,206.0,146.0,1.6,15.0,6.0,207.2,91.4,3.2,0.8,0.71,0
2010,2023,6,ATL,WAS,7,10,16.6,219.0,121.6,1.4,19.2,5.2,199.2,104.4,1.0,0.6,0.9,21.8,269.8,91.0,2.0,32.0,5.2,251.8,133.6,3.2,0.4,0.73,0
2011,2023,6,CHI,MIN,10,7,23.0,228.6,130.8,1.6,31.4,6.2,295.2,98.2,1.4,0.6,1.0,22.0,299.6,80.8,2.2,24.4,5.0,261.0,102.4,2.6,0.2,1.0,0
2012,2023,6,CIN,SEA,7,13,16.6,209.0,74.6,0.8,22.8,5.0,213.6,154.0,3.0,1.2,0.82,27.75,227.25,108.5,0.25,22.75,8.0,305.25,87.5,4.0,0.75,0.69,1
2013,2023,6,CLE,SF,14,7,19.0,199.75,143.75,2.5,15.0,6.25,148.5,71.75,3.0,0.25,0.89,33.4,254.4,156.4,0.4,13.6,6.6,220.4,64.2,2.6,1.6,1.0,1
2014,2023,6,HOU,NO,7,7,23.0,293.4,82.6,0.4,20.0,6.6,233.4,112.4,1.2,0.6,0.94,19.2,213.6,97.2,1.0,15.2,7.2,197.6,91.6,2.2,1.4,0.92,1
2015,2023,6,JAX,IND,7,7,21.0,253.2,119.2,1.2,20.4,4.6,271.6,81.6,1.8,1.0,0.82,24.0,226.0,131.2,0.8,23.0,6.8,282.0,119.2,3.0,0.6,0.9,1
2016,2023,6,MIA,CAR,7,7,36.2,336.2,185.8,1.6,27.0,6.4,258.2,115.8,3.4,0.4,0.71,18.2,222.2,96.0,1.6,28.8,8.2,204.4,140.8,2.8,0.8,0.9,1
2017,2023,6,LV,NE,6,7,15.8,231.0,71.4,2.2,22.8,6.4,207.0,129.4,1.8,0.8,0.71,11.0,217.4,83.8,2.0,26.2,5.8,208.0,108.0,2.4,0.2,0.5,1
2018,2023,6,LA,ARI,7,7,22.4,290.2,94.0,1.0,21.6,6.0,216.0,120.6,1.6,0.4,0.75,21.6,196.0,143.2,1.0,27.2,7.2,274.4,124.2,3.0,0.8,0.9,1
2019,2023,6,NYJ,PHI,7,7,18.6,182.2,123.2,1.4,21.0,5.2,218.2,146.2,2.2,1.0,0.92,28.2,252.4,164.0,1.0,20.8,5.8,267.6,61.2,3.0,0.4,0.94,1
2020,2023,6,TB,DET,14,7,21.0,220.5,87.0,0.75,17.0,6.25,243.0,94.75,3.0,1.5,0.88,29.6,253.0,141.0,1.2,21.4,6.2,249.6,68.4,2.8,1.0,1.0,0
2021,2023,6,BUF,NYG,7,7,31.8,281.4,116.2,1.4,16.0,6.0,218.4,134.0,4.2,1.6,1.0,12.4,195.2,92.2,1.6,30.6,6.6,232.4,151.4,1.0,0.4,0.7,1
2022,2023,6,LAC,DAL,15,8,27.5,288.75,119.75,0.5,26.0,6.5,329.25,104.25,4.0,0.75,0.86,26.8,217.8,124.4,1.0,16.6,7.0,185.8,123.4,3.0,1.4,1.0,0
2023,2023,7,NO,JAX,4,4,18.17,237.5,95.83,1.0,16.0,7.17,197.83,96.33,2.17,1.33,0.81,23.67,241.17,113.5,1.17,20.33,4.67,281.17,75.33,2.0,1.33,0.86,0
2024,2023,7,BAL,DET,7,7,22.17,208.83,144.83,1.5,15.17,6.5,197.67,97.67,3.67,0.83,0.85,28.0,269.67,124.17,1.0,18.83,6.0,242.33,64.67,2.5,1.0,0.88,1
2025,2023,7,CHI,LV,7,7,21.33,214.0,136.0,1.83,29.33,6.0,276.17,89.5,1.5,0.5,1.0,16.67,236.5,73.5,2.0,21.83,6.33,205.83,121.67,2.17,0.83,0.82,1
2026,2023,7,IND,CLE,7,7,23.33,243.17,116.67,1.33,25.33,6.67,265.17,113.5,3.0,0.67,0.92,19.0,198.2,147.0,2.4,15.4,7.6,143.8,79.0,2.8,0.4,0.86,0
2027,2023,7,NE,BUF,7,7,12.0,214.5,83.67,1.83,25.33,6.5,217.33,104.0,2.0,0.33,0.56,28.83,262.67,118.17,1.5,14.83,6.17,215.33,133.67,3.83,1.33,0.82,1
2028,2023,7,NYG,WAS,7,7,11.83,196.0,98.83,1.33,27.83,7.0,221.83,147.5,0.83,0.5,0.77,22.17,250.0,87.83,1.67,29.33,5.33,261.0,129.0,3.17,0.83,0.75,1
2029,2023,7,TB,ATL,7,7,18.0,217.6,78.8,0.8,17.6,6.0,265.0,83.8,3.0,1.2,0.9,16.5,233.67,119.0,1.67,20.0,5.0,191.17,99.0,1.67,0.5,0.91,0
2030,2023,7,LA,PIT,7,14,23.0,279.5,108.17,0.83,19.5,6.0,219.17,122.17,1.67,0.5,0.8,15.8,209.0,80.4,1.0,22.0,4.4,265.4,143.8,3.4,1.0,1.0,0
2031,2023,7,SEA,ARI,7,7,24.8,247.0,104.2,0.6,21.6,7.8,281.2,79.2,3.8,0.8,0.73,19.5,202.5,141.0,1.17,27.0,6.83,266.33,133.33,3.0,0.67,0.92,1
2032,2023,7,DEN,GB,10,13,21.5,217.5,106.0,1.67,33.33,6.67,285.83,172.33,2.33,0.67,0.89,22.6,216.6,81.6,1.2,22.6,6.8,215.0,143.4,3.0,0.8,1.0,1
2033,2023,7,KC,LAC,10,6,24.5,270.67,118.5,1.33,14.67,6.67,198.5,100.17,2.83,0.5,1.0,25.4,276.4,106.4,0.6,24.8,7.0,317.8,102.6,4.2,0.6,0.88,1
2034,2023,7,PHI,MIA,7,7,25.83,257.0,150.0,1.5,20.67,5.67,254.0,65.83,3.33,0.33,0.89,37.17,323.83,181.83,1.5,26.0,5.83,252.5,114.5,3.5,0.33,0.71,1
2035,2023,7,MIN,SF,8,8,21.5,279.83,75.0,2.0,22.5,5.0,241.0,112.33,3.0,0.5,0.86,30.67,232.83,148.33,0.5,14.5,7.5,215.67,80.17,2.5,1.67,0.83,1
2036,2023,8,BUF,TB,4,4,28.29,263.0,112.86,1.57,16.86,6.57,223.43,128.29,3.43,1.14,0.77,17.17,227.17,77.83,1.0,17.33,6.5,262.5,95.83,2.67,1.0,0.92,1
2037,2023,8,CAR,HOU,14,14,18.67,222.5,98.0,1.33,31.0,7.33,214.0,144.33,2.33,0.83,0.82,22.5,277.67,88.83,0.5,18.83,6.0,254.0,108.5,1.33,0.67,0.94,1
2038,2023,8,DAL,LA,13,7,25.67,226.83,119.67,0.83,16.67,7.67,192.67,111.67,2.67,1.33,1.0,22.14,272.57,112.0,0.86,20.14,5.86,220.71,117.0,1.71,0.43,0.74,1
2039,2023,8,GB,MIN,7,6,21.67,212.83,90.83,1.17,22.0,6.83,211.5,143.67,2.67,0.67,0.89,21.57,293.86,74.86,1.86,21.71,5.0,245.43,105.57,2.71,0.71,0.82,0
2040,2023,8,IND,NO,7,10,25.43,252.0,124.0,1.71,27.29,6.86,253.43,118.71,2.86,0.86,0.86,19.0,246.57,98.14,1.0,18.14,6.57,200.57,98.71,1.86,1.14,0.8,0
2041,2023,8,MIA,NE,7,7,34.29,308.43,162.29,1.43,26.71,6.43,256.29,112.29,3.43,0.43,0.75,14.43,222.71,85.43,1.71,25.29,6.71,224.14,100.71,1.86,0.43,0.67,1
2042,2023,8,NYG,NYJ,7,14,12.14,207.86,99.86,1.29,24.86,6.57,225.71,137.29,1.57,0.57,0.71,18.83,182.83,117.5,1.17,19.83,5.83,228.5,135.17,2.17,1.33,0.94,0
2043,2023,8,PIT,JAX,7,10,17.17,212.5,81.33,0.83,21.17,5.0,259.67,142.33,3.17,1.0,1.0,24.71,237.71,113.43,1.14,20.86,4.71,284.0,80.57,1.86,1.29,0.87,0
2044,2023,8,TEN,ATL,14,7,17.33,200.67,110.33,1.0,19.5,6.0,256.67,102.0,2.5,0.33,1.0,16.43,236.0,124.29,1.86,19.0,5.57,203.14,95.29,1.86,0.57,0.93,1
2045,2023,8,WAS,PHI,7,7,20.0,249.86,86.14,1.57,27.14,6.0,263.57,125.71,3.29,0.71,0.69,26.57,260.14,142.71,1.57,20.14,4.86,248.57,62.86,3.43,0.43,0.89,0
2046,2023,8,SEA,CLE,7,7,24.0,242.33,106.0,0.83,19.67,7.33,259.33,87.17,3.83,0.67,0.76,22.33,195.67,147.5,2.33,19.17,7.0,170.67,93.83,3.0,0.5,0.89,1
2047,2023,8,ARI,BAL,7,7,18.14,195.0,139.0,1.0,26.0,6.86,259.57,130.71,2.86,0.71,0.87,24.43,230.0,145.0,1.43,13.86,6.14,210.0,95.71,3.86,0.86,0.86,0
2048,2023,8,DEN,KC,7,7,21.14,214.14,111.57,1.43,31.0,6.86,272.71,167.29,2.0,0.71,0.92,25.43,292.57,111.29,1.43,15.0,6.57,207.14,105.71,3.14,0.71,1.0,1
2049,2023,8,SF,CIN,6,14,28.71,238.43,136.43,0.86,15.57,7.14,238.86,79.29,2.14,1.57,0.79,16.67,205.0,69.83,0.83,21.17,5.0,232.33,142.83,3.17,1.33,0.83,0
2050,2023,8,LAC,CHI,7,7,24.0,273.5,111.83,0.83,25.83,6.5,335.5,96.83,3.67,0.67,0.89,22.57,206.57,141.29,1.57,26.86,6.43,265.86,82.29,1.43,0.86,1.0,1
2051,2023,8,DET,LV,8,8,24.86,271.71,118.43,1.0,21.57,5.86,258.71,76.29,2.14,0.86,0.88,16.0,231.86,68.57,2.14,23.0,5.71,199.57,129.0,2.14,0.71,0.79,1
2052,2023,9,PIT,TEN,4,4,16.14,212.29,79.71,1.0,21.0,5.14,264.29,137.14,3.14,1.0,0.92,18.86,206.0,115.86,1.0,20.0,6.0,255.14,107.43,3.0,0.29,1.0,1
2053,2023,9,KC,MIA,7,7,23.38,286.0,105.12,1.75,16.12,6.38,195.5,111.62,3.5,0.62,1.0,33.88,310.38,151.75,1.5,25.5,6.0,244.38,107.88,3.38,0.5,0.78,1
2054,2023,9,ATL,MIN,7,7,17.25,237.25,126.25,1.75,20.12,5.25,207.5,102.0,1.88,0.5,0.94,21.88,294.25,73.25,1.75,20.25,5.25,243.38,101.62,2.88,0.75,0.71,0
2055,2023,9,BAL,SEA,7,7,25.25,220.88,143.12,1.25,15.12,6.12,209.75,99.88,3.62,1.0,0.81,24.0,244.0,107.14,1.0,19.71,7.29,259.0,96.86,3.71,0.86,0.78,1
2056,2023,9,CLE,ARI,7,7,22.0,204.43,148.57,2.43,19.86,6.57,182.57,96.71,2.71,0.71,0.9,18.88,196.62,137.75,1.12,26.62,6.75,246.75,130.62,3.0,0.62,0.88,1
2057,2023,9,GB,LA,7,7,20.0,215.14,88.43,1.14,22.29,7.43,223.71,132.0,2.71,0.57,0.9,21.88,264.0,109.5,0.88,23.0,5.62,231.5,115.12,1.88,0.5,0.76,1
2058,2023,9,HOU,TB,7,10,21.14,258.0,91.86,0.57,18.29,6.57,251.29,99.29,2.0,0.57,0.94,17.29,228.57,77.86,0.86,18.29,7.14,271.29,98.57,2.57,1.0,0.86,1
2059,2023,9,NE,WAS,7,7,14.75,215.0,84.38,1.62,26.0,6.75,236.62,97.88,1.88,0.5,0.69,21.38,268.25,85.88,1.5,28.5,6.12,270.5,117.38,3.12,0.62,0.71,0
2060,2023,9,NO,CHI,7,7,21.38,260.0,106.0,1.0,19.25,6.75,202.12,106.88,1.88,1.12,0.81,21.38,209.75,132.75,1.62,27.25,6.5,269.88,78.75,1.25,0.75,1.0,1
2061,2023,9,CAR,IND,7,7,18.14,224.29,90.29,1.14,28.43,6.71,203.43,139.43,2.29,0.71,0.86,25.62,247.12,129.0,1.62,28.62,6.75,266.0,124.0,2.62,0.75,0.88,0
2062,2023,9,LV,NYG,6,7,15.75,218.62,70.0,2.0,23.38,5.5,208.62,140.62,2.0,0.75,0.79,11.88,182.75,112.75,1.12,23.38,6.5,227.5,127.38,1.88,0.5,0.65,1
2063,2023,9,PHI,DAL,7,7,28.0,267.5,132.25,1.62,21.5,4.62,267.12,65.5,3.12,0.5,0.9,28.14,238.29,117.14,0.86,17.14,7.14,194.29,108.86,2.57,1.29,1.0,1
2064,2023,9,CIN,BUF,7,10,18.71,216.14,79.0,0.86,20.57,4.43,251.29,138.57,3.0,1.43,0.79,27.75,270.62,113.12,1.5,17.0,6.88,225.12,122.0,3.38,1.0,0.79,1
2065,2023,9,NYJ,LAC,8,8,18.0,191.0,109.0,1.29,18.43,6.29,196.86,144.86,2.43,1.14,0.94,24.86,277.0,103.57,0.86,24.0,5.86,320.71,93.43,3.29,0.86,0.92,0
2066,2023,10,CHI,CAR,4,4,20.89,210.89,135.33,2.0,26.89,6.67,263.67,79.67,1.11,0.67,0.92,17.5,217.88,96.25,1.38,28.25,7.12,193.88,131.75,2.12,0.62,0.88,1
2067,2023,10,NE,IND,7,7,15.0,215.56,86.89,1.56,25.33,6.44,246.44,100.78,2.0,0.56,0.71,25.78,233.78,123.33,1.44,26.89,6.56,255.67,125.56,2.78,1.0,0.89,0
2068,2023,10,BAL,CLE,7,7,26.56,221.33,160.33,1.33,13.78,5.78,203.89,91.89,3.67,1.0,0.84,22.62,206.25,144.12,2.12,17.38,6.5,167.0,89.75,3.25,0.88,0.87,0
2069,2023,10,CIN,HOU,7,7,19.38,232.62,75.88,0.75,20.25,4.62,252.12,129.75,2.75,1.38,0.8,23.38,284.5,87.0,0.62,20.62,6.88,253.0,97.0,2.0,0.5,0.95,0
2070,2023,10,JAX,SF,14,14,24.12,244.5,112.5,1.38,19.5,4.88,274.88,79.25,2.0,1.38,0.89,27.25,254.25,133.5,1.12,17.5,6.88,244.38,86.12,2.25,1.38,0.8,0
2071,2023,10,MIN,NO,7,7,22.89,287.78,81.33,1.78,21.11,4.78,246.11,102.56,2.67,0.78,0.76,21.67,254.89,103.89,0.89,19.0,6.11,204.11,112.33,1.89,1.33,0.78,1
2072,2023,10,PIT,GB,10,7,16.62,205.75,90.5,0.88,20.38,5.75,264.0,133.12,3.25,1.0,0.93,20.0,216.75,100.38,1.25,19.88,7.5,212.0,124.0,2.5,0.62,0.85,1
2073,2023,10,TB,TEN,7,10,19.75,233.12,78.25,0.75,20.88,7.38,296.12,92.88,2.62,0.88,0.88,18.5,213.0,114.5,1.0,20.0,6.12,243.25,114.75,2.62,0.25,1.0,1
2074,2023,10,ARI,ATL,7,7,16.78,181.22,127.0,1.33,26.67,6.44,243.67,128.67,2.78,0.56,0.88,18.44,240.67,124.44,1.78,21.33,5.56,210.67,106.89,2.11,0.44,0.95,1
2075,2023,10,LAC,DET,6,13,25.12,259.38,101.12,0.75,21.75,5.62,313.5,89.75,3.88,0.75,0.93,25.0,271.75,131.38,1.25,20.62,5.75,242.12,76.75,2.62,0.88,0.85,0
2076,2023,10,DAL,NYG,7,7,27.5,255.25,111.62,0.88,18.5,7.5,195.88,108.88,2.62,1.12,1.0,11.22,184.67,113.89,1.22,24.11,6.11,225.44,127.11,1.67,0.44,0.65,1
2077,2023,10,SEA,WAS,7,7,21.38,233.12,97.25,1.12,21.88,7.0,254.75,122.0,3.38,0.75,0.79,21.22,274.56,90.11,1.56,27.22,5.89,264.89,116.22,2.78,0.67,0.75,1
2078,2023,10,LV,NYJ,7,6,17.33,217.56,76.11,1.78,21.44,5.33,207.67,138.67,2.67,0.89,0.82,16.5,200.0,103.38,1.5,19.5,6.5,189.25,137.25,2.75,1.0,0.95,1
2079,2023,10,BUF,DEN,8,15,26.67,269.22,108.11,1.56,17.78,6.67,238.78,114.44,3.11,0.89,0.8,21.5,201.62,116.75,1.38,28.25,6.75,268.62,154.12,2.12,0.88,0.87,0
2080,2023,11,BAL,CIN,4,4,27.0,221.5,154.9,1.4,15.7,5.9,204.8,100.5,3.7,1.0,0.81,20.22,245.33,74.78,0.89,21.33,4.56,263.67,136.22,2.56,1.33,0.82,1
2081,2023,11,CAR,DAL,10,7,17.0,214.22,90.33,1.22,26.89,6.89,190.33,131.89,1.89,0.56,0.84,29.89,279.33,117.89,1.0,18.33,7.67,183.67,109.11,2.89,1.11,1.0,0
2082,2023,11,CLE,PIT,7,7,23.78,207.0,147.89,2.0,18.89,6.89,173.22,91.56,3.22,1.0,0.89,17.33,196.89,103.22,0.78,20.22,5.44,266.78,131.22,3.0,1.11,0.94,1
2083,2023,11,DET,CHI,7,10,26.78,278.56,139.0,1.11,22.56,5.56,251.11,79.11,2.33,0.89,0.87,20.4,206.0,135.1,1.8,25.5,6.7,255.8,76.0,1.3,0.6,0.94,1
2084,2023,11,GB,LAC,7,7,19.89,224.78,102.11,1.33,20.22,7.22,202.44,133.0,2.33,0.56,0.87,26.56,266.44,100.78,0.78,23.89,5.33,315.67,102.0,3.44,0.67,0.93,1
2085,2023,11,HOU,ARI,7,7,24.11,292.44,98.22,0.89,21.33,6.89,263.44,93.56,2.22,0.67,0.96,17.6,188.0,126.5,1.3,26.3,6.9,228.7,134.2,2.8,0.5,0.9,1
2086,2023,11,JAX,TEN,7,7,21.78,238.44,106.56,1.67,21.11,4.89,277.89,86.44,2.0,1.22,0.9,17.11,211.44,106.44,1.0,20.0,6.0,247.11,110.56,2.67,0.33,0.95,1
2087,2023,11,MIA,LV,14,7,31.67,297.33,147.89,1.44,25.0,6.0,237.78,106.22,3.22,0.44,0.78,17.2,211.1,83.3,1.8,20.5,5.1,213.2,135.6,2.6,0.9,0.85,1
2088,2023,11,WAS,NYG,7,7,21.7,278.3,87.9,1.5,27.4,5.9,275.3,116.6,2.6,0.6,0.78,11.8,174.8,113.6,1.2,26.6,5.7,250.1,131.2,1.5,0.6,0.67,0
2089,2023,11,SF,TB,7,7,28.0,259.56,134.67,1.0,15.89,6.89,238.33,83.11,2.56,1.44,0.82,19.78,238.11,78.11,0.78,19.22,7.33,285.33,87.22,2.78,0.89,0.89,1
2090,2023,11,BUF,NYJ,6,7,26.2,260.0,116.5,1.8,18.4,6.5,234.2,115.2,3.2,0.8,0.8,16.0,207.0,103.89,1.44,19.11,6.67,185.22,138.44,2.78,1.0,0.96,1
2091,2023,11,LA,SEA,14,7,19.78,249.11,104.89,1.0,22.67,5.56,231.11,122.78,2.11,0.44,0.74,22.22,248.22,99.78,1.0,22.33,7.11,261.11,116.0,3.33,0.67,0.83,1
2092,2023,11,DEN,MIN,6,7,21.78,200.67,117.33,1.33,27.56,7.11,258.44,158.33,1.89,1.0,0.89,23.3,285.8,85.7,1.6,20.9,4.8,244.7,98.8,2.7,0.9,0.75,1
2093,2023,11,KC,PHI,15,15,23.11,274.78,103.78,1.67,15.89,6.67,195.22,112.22,3.44,0.56,1.0,28.0,260.78,129.67,1.44,21.67,5.22,279.0,66.33,3.33,0.44,0.9,0
2094,2023,12,DET,GB,4,4,27.2,274.3,136.6,1.3,22.9,5.5,242.9,89.5,2.3,0.8,0.87,20.2,234.5,102.1,1.2,20.2,7.2,208.2,134.7,2.3,0.5,0.82,0
2095,2023,12,DAL,WAS,4,4,30.2,271.8,116.8,0.9,17.5,7.4,177.6,109.2,3.2,1.1,1.0,21.45,276.27,95.73,1.82,27.73,5.45,272.64,114.27,3.18,0.55,0.8,1
2096,2023,12,SEA,SF,4,4,21.6,247.0,96.6,1.0,21.8,7.6,254.0,112.6,3.1,0.7,0.82,27.9,266.9,132.7,0.9,15.7,6.9,239.1,81.4,2.7,1.4,0.84,0
2097,2023,12,NYJ,MIA,5,5,15.0,199.5,99.8,1.6,20.4,6.5,194.2,137.6,2.6,1.0,0.96,30.5,300.1,143.0,1.6,23.8,5.9,241.1,99.2,3.1,0.7,0.75,0
2098,2023,12,ATL,NO,14,14,18.9,226.0,130.4,1.6,21.7,5.4,214.5,108.4,2.1,0.5,0.95,21.4,252.6,100.0,1.0,19.8,6.4,210.5,113.6,1.8,1.2,0.79,1
2099,2023,12,CIN,PIT,10,7,20.2,237.7,80.9,0.8,22.6,5.0,263.7,138.3,2.6,1.2,0.8,16.6,187.8,110.1,0.7,19.5,5.5,256.6,127.7,2.8,1.1,0.95,0
2100,2023,12,HOU,JAX,7,7,23.8,297.0,99.5,1.1,20.8,6.5,258.5,96.5,2.2,0.7,0.92,23.0,240.8,108.7,1.5,20.4,4.8,265.9,87.0,2.0,1.1,0.91,0
2101,2023,12,IND,TB,14,7,24.2,229.8,118.0,1.4,24.8,6.3,249.6,129.7,3.0,1.1,0.85,19.2,238.9,76.9,0.9,20.0,6.9,290.1,90.0,2.9,0.8,0.89,1
2102,2023,12,NYG,NE,7,14,13.55,181.27,111.55,1.09,25.91,5.64,250.64,135.09,1.73,0.82,0.68,14.1,213.5,94.9,1.6,23.8,6.3,241.2,97.7,1.8,0.6,0.71,1
2103,2023,12,TEN,CAR,7,7,16.8,206.1,105.0,1.0,21.4,6.1,248.6,112.3,2.5,0.3,0.95,16.3,205.1,92.3,1.3,27.5,7.0,191.7,129.4,1.7,0.5,0.85,1
2104,2023,12,ARI,LA,7,7,17.45,190.36,126.18,1.27,25.82,6.73,238.64,132.09,2.91,0.73,0.9,19.5,243.2,102.6,1.0,22.0,5.9,231.6,117.3,2.1,0.5,0.75,0
2105,2023,12,DEN,CLE,7,7,21.7,206.5,110.2,1.2,26.8,6.8,254.7,160.0,1.9,1.0,0.92,22.7,202.8,142.7,1.9,18.0,6.3,166.5,99.6,3.2,0.9,0.9,1
2106,2023,12,LV,KC,7,6,16.82,216.55,79.0,1.91,20.45,5.09,223.36,132.27,2.45,0.91,0.86,22.5,265.0,110.2,1.7,16.4,6.7,190.7,112.4,3.6,0.6,1.0,0
2107,2023,12,PHI,BUF,6,7,27.3,249.7,128.1,1.4,21.2,5.4,268.8,76.5,3.1,0.5,0.9,26.73,261.36,117.73,1.73,17.27,6.64,224.91,110.45,3.45,0.91,0.84,1
2108,2023,12,LAC,BAL,7,10,25.9,265.8,105.7,0.8,23.8,5.2,316.3,102.0,3.4,0.6,0.94,27.64,225.36,155.09,1.27,16.09,6.18,201.55,103.73,3.82,0.91,0.83,0
2109,2023,12,MIN,CHI,8,8,23.0,279.91,93.82,1.73,20.91,4.91,246.0,94.0,2.64,0.82,0.77,20.91,202.64,139.45,1.73,26.0,6.64,254.0,79.55,1.36,0.82,0.95,0
2110,2023,13,DAL,SEA,7,7,31.55,277.18,115.27,0.82,16.82,7.36,188.73,109.09,3.27,1.09,1.0,20.82,240.91,95.82,1.0,22.64,7.36,249.91,117.73,2.91,0.73,0.81,1
2111,2023,13,HOU,DEN,7,7,23.55,297.64,98.73,1.0,21.09,6.55,268.09,95.09,2.0,0.73,0.85,22.36,199.91,115.55,1.18,25.45,6.91,248.82,155.18,2.09,0.91,0.92,1
2112,2023,13,NE,LAC,7,7,13.45,207.09,99.64,1.73,22.55,5.91,236.64,94.09,2.18,0.55,0.67,24.45,261.36,103.91,1.09,23.45,5.18,303.64,110.64,3.27,0.55,0.94,0
2113,2023,13,NO,DET,7,10,20.82,257.27,104.36,1.09,20.18,6.36,206.64,124.0,1.64,1.27,0.8,26.73,279.55,136.91,1.45,23.45,5.64,245.18,91.27,2.09,0.73,0.87,0
2114,2023,13,NYJ,ATL,9,7,14.82,197.64,93.36,1.64,21.64,6.45,198.64,140.27,2.55,1.09,0.96,19.36,220.73,139.27,1.64,21.09,5.36,222.64,112.0,2.0,0.55,0.96,0
2115,2023,13,PIT,ARI,7,7,16.55,196.0,114.0,0.73,18.64,5.45,253.91,118.36,2.91,1.09,0.95,17.17,195.83,121.75,1.17,26.75,6.58,237.83,140.08,2.67,0.75,0.86,0
2116,2023,13,TEN,IND,7,7,16.82,204.18,102.73,0.91,20.36,6.27,243.64,110.82,2.64,0.27,0.96,24.45,231.73,121.36,1.36,24.36,6.18,245.0,129.27,3.27,1.09,0.83,0
2117,2023,13,WAS,MIA,10,9,20.5,278.25,96.75,1.75,29.17,5.33,277.5,113.08,2.92,0.5,0.81,30.82,294.91,145.18,1.73,22.82,5.91,235.45,92.82,3.45,0.82,0.79,0
2118,2023,13,TB,CAR,7,7,19.27,235.27,81.27,1.0,20.64,6.64,286.55,95.91,2.82,0.82,0.9,15.73,204.09,92.64,1.27,26.55,6.73,191.09,124.91,1.64,0.45,0.86,1
2119,2023,13,LA,CLE,7,7,21.09,241.91,114.0,1.0,21.27,5.82,233.82,113.27,2.27,0.45,0.73,21.73,201.64,139.45,2.0,19.0,6.45,163.55,105.91,3.0,0.82,0.9,1
2120,2023,13,PHI,SF,7,10,28.18,245.18,133.27,1.45,22.36,5.27,275.18,85.27,2.91,0.55,0.9,28.18,261.64,136.0,0.91,15.45,6.55,233.73,82.0,3.0,1.36,0.85,0
2121,2023,13,GB,KC,10,7,21.0,237.55,102.73,1.09,20.36,7.18,219.45,135.18,2.36,0.45,0.79,23.27,268.0,106.45,1.55,16.45,6.45,195.91,113.36,3.36,0.55,1.0,1
2122,2023,13,JAX,CIN,8,8,23.09,252.0,106.18,1.45,20.45,4.91,269.36,87.36,2.18,1.0,0.88,19.27,236.73,75.82,0.82,22.0,5.0,265.0,139.64,2.55,1.09,0.81,0
2123,2023,14,PIT,NE,4,4,16.0,195.25,115.33,0.75,19.08,5.75,244.83,121.0,2.83,1.0,0.92,12.33,201.58,103.67,1.67,21.17,5.67,234.58,88.67,2.0,0.5,0.67,0
2124,2023,14,ATL,TB,7,7,18.83,212.42,135.17,1.5,20.0,5.42,221.92,107.83,2.17,0.58,0.96,19.42,232.5,85.17,1.0,20.42,6.5,277.5,99.0,2.83,0.83,0.9,0
2125,2023,14,BAL,LA,14,7,27.0,221.33,158.58,1.17,15.58,6.08,202.83,102.25,3.75,0.92,0.81,22.33,245.0,114.5,0.92,21.08,5.92,235.5,111.08,2.25,0.5,0.73,1
2126,2023,14,CHI,DET,13,7,20.17,203.83,137.67,1.75,24.67,6.67,248.25,79.0,1.42,1.08,0.92,27.25,274.0,137.33,1.33,23.83,5.67,247.0,93.08,2.08,0.75,0.88,1
2127,2023,14,CIN,IND,6,7,20.5,245.92,82.5,0.83,22.75,5.08,269.67,133.92,2.67,1.0,0.79,25.0,238.42,115.83,1.33,24.67,6.0,243.25,133.25,3.5,1.0,0.85,1
2128,2023,14,CLE,JAX,7,6,21.5,206.0,135.08,1.92,20.42,6.5,173.17,107.08,2.75,0.75,0.91,23.75,257.75,103.25,1.33,21.58,5.08,275.83,93.08,2.17,1.0,0.86,1
2129,2023,14,NO,CAR,7,7,21.42,258.08,105.08,1.17,21.25,6.33,207.17,125.5,1.58,1.17,0.8,15.92,201.92,96.0,1.25,26.08,6.75,192.0,125.17,1.58,0.5,0.86,1
2130,2023,14,NYJ,HOU,7,7,14.25,199.0,90.75,1.75,20.92,6.83,192.17,136.08,2.58,1.0,0.96,23.42,297.17,97.92,0.92,20.75,6.67,261.25,97.0,2.08,0.92,0.86,1
2131,2023,14,LV,MIN,14,13,16.83,219.17,82.67,1.75,21.33,4.67,229.58,127.0,2.33,0.83,0.83,21.92,272.0,92.08,1.92,20.17,4.83,243.58,96.0,2.67,0.75,0.78,0
2132,2023,14,SF,SEA,7,10,29.33,266.0,136.83,0.83,15.75,6.42,240.42,79.0,3.0,1.25,0.85,22.0,248.67,93.83,1.0,24.17,7.58,254.0,119.25,3.0,0.67,0.78,1
2133,2023,14,KC,BUF,7,14,22.92,263.17,109.92,1.5,17.33,6.33,201.83,114.67,3.25,0.5,1.0,27.33,267.83,122.33,1.67,18.92,7.0,222.83,116.67,3.33,0.92,0.78,0
2134,2023,14,LAC,DEN,7,7,22.92,257.25,97.67,1.0,21.5,5.08,290.08,113.75,3.42,0.5,0.95,21.92,198.75,115.75,1.33,25.17,6.5,252.42,149.67,2.33,0.83,0.93,0
2135,2023,14,DAL,PHI,10,7,32.33,279.0,117.0,0.75,18.33,7.5,200.83,106.0,3.08,1.08,1.0,27.42,250.92,126.0,1.33,24.0,5.42,278.42,90.33,2.83,0.5,0.91,1
2136,2023,14,MIA,TEN,8,8,32.0,293.92,143.33,1.58,22.17,5.58,226.42,96.58,3.42,0.83,0.8,17.75,205.83,108.92,1.0,21.25,6.5,249.33,106.17,2.67,0.25,0.96,0
2137,2023,14,NYG,GB,15,8,13.25,182.08,107.08,1.08,24.33,5.5,241.67,136.08,1.75,1.0,0.7,21.5,240.0,104.92,1.0,20.25,7.17,218.67,136.25,2.42,0.5,0.81,1
2138,2023,15,LV,LAC,4,4,15.54,215.46,80.62,1.77,19.92,4.62,223.15,127.38,2.54,0.77,0.83,21.69,258.62,96.0,1.08,21.69,4.85,285.0,113.15,3.31,0.54,0.95,1
2139,2023,15,CIN,MIN,6,6,21.54,248.08,84.69,0.85,22.08,5.08,267.38,127.15,2.69,1.0,0.81,20.46,262.31,95.15,1.77,18.62,4.85,238.0,92.92,2.77,0.77,0.76,1
2140,2023,15,IND,PIT,6,9,24.15,238.54,110.46,1.31,25.38,6.23,245.62,131.54,3.23,1.0,0.82,16.15,194.85,112.77,0.77,19.23,5.38,244.46,117.92,2.77,1.0,0.92,1
2141,2023,15,DET,DEN,6,6,26.15,265.31,137.54,1.46,24.15,5.85,245.15,96.85,2.15,0.69,0.88,22.08,200.69,115.0,1.31,23.77,6.31,254.15,144.0,2.62,0.85,0.93,1
2142,2023,15,CAR,ATL,7,7,15.15,196.92,104.31,1.31,26.23,6.54,186.38,123.0,1.54,0.54,0.84,19.31,222.77,132.15,1.46,20.69,5.15,215.92,110.92,2.08,0.54,0.89,1
2143,2023,15,CLE,CHI,7,7,22.23,214.08,131.0,2.0,20.92,6.62,179.62,103.31,2.85,0.92,0.91,20.77,205.31,138.0,1.62,23.77,6.46,241.54,83.69,1.62,1.15,0.93,1
2144,2023,15,GB,TB,6,7,21.54,238.31,106.31,1.08,20.54,6.92,214.0,141.85,2.23,0.46,0.8,20.15,225.69,90.0,0.92,20.77,6.31,282.85,98.77,2.85,0.85,0.91,0
2145,2023,15,MIA,NYJ,6,7,31.62,289.77,144.46,1.54,22.62,5.69,234.15,95.54,3.23,0.85,0.78,15.46,206.85,89.85,1.69,19.77,6.92,184.69,131.85,2.69,0.92,0.97,1
2146,2023,15,NE,KC,10,7,13.0,204.54,101.92,1.62,20.92,5.77,231.15,88.15,2.0,0.54,0.67,22.46,263.77,107.77,1.54,17.54,6.38,204.23,114.92,3.23,0.54,1.0,0
2147,2023,15,NO,NYG,7,6,21.92,247.38,104.46,1.15,20.08,6.08,201.77,131.54,1.77,1.08,0.77,14.08,180.23,114.92,1.08,24.15,5.46,239.85,135.08,1.77,1.0,0.68,1
2148,2023,15,TEN,HOU,6,7,18.54,215.15,106.92,1.08,21.69,6.69,248.62,110.15,2.85,0.23,0.96,22.08,281.62,96.62,0.85,21.46,6.46,264.31,95.62,2.23,0.85,0.86,0
2149,2023,15,ARI,SF,14,7,17.69,191.92,123.92,1.08,25.46,6.54,233.92,139.31,2.46,0.69,0.87,29.23,273.85,139.62,0.92,15.77,6.31,242.62,78.31,3.08,1.31,0.85,0
2150,2023,15,LA,WAS,7,14,23.0,248.77,115.54,0.85,22.31,5.85,241.69,113.23,2.23,0.54,0.75,20.08,266.62,99.92,1.69,30.38,5.15,277.92,113.85,2.69,0.46,0.77,1
2151,2023,15,BUF,DAL,7,7,26.77,265.15,122.0,1.62,18.77,6.77,226.54,114.0,3.15,0.92,0.8,32.38,278.38,118.62,0.77,17.92,7.46,202.69,106.0,2.92,1.0,1.0,1
2152,2023,15,JAX,BAL,7,7,24.0,257.69,99.77,1.54,22.31,5.23,278.54,92.23,2.08,1.0,0.86,27.77,228.62,157.08,1.15,16.77,6.15,209.85,104.23,3.62,0.85,0.83,0
2153,2023,15,SEA,PHI,8,8,21.54,250.23,92.0,1.08,24.46,7.38,262.77,123.38,3.0,0.69,0.79,26.31,248.92,124.46,1.46,24.69,5.77,277.85,94.0,2.85,0.46,0.92,1
2154,2023,16,LA,NO,4,4,23.36,249.43,121.29,0.93,22.14,5.79,240.57,110.79,2.14,0.57,0.74,22.07,245.29,103.21,1.07,19.07,6.07,200.93,126.43,2.14,1.0,0.78,1
2155,2023,16,PIT,CIN,7,7,15.93,193.21,110.0,0.93,20.0,5.57,242.36,121.64,2.79,0.93,0.92,21.93,253.5,84.36,0.86,22.21,4.93,269.93,128.29,2.71,1.07,0.82,1
2156,2023,16,LAC,BUF,9,6,21.64,258.5,95.71,1.29,24.64,4.93,283.21,113.93,3.14,0.5,0.95,27.07,252.93,132.29,1.5,18.14,6.36,219.93,112.21,3.14,0.93,0.81,0
2157,2023,16,ATL,IND,7,8,18.43,217.71,126.43,1.5,19.86,5.07,212.43,112.21,2.14,0.5,0.89,24.57,236.86,114.71,1.21,24.5,5.93,240.36,127.43,3.29,1.07,0.79,1
2158,2023,16,CAR,GB,7,7,14.71,194.79,106.07,1.21,24.86,6.36,183.93,117.93,1.43,0.57,0.86,21.43,241.57,103.0,1.07,21.5,6.71,225.93,138.79,2.43,0.43,0.81,0
2159,2023,16,HOU,CLE,7,7,21.86,277.86,100.29,0.86,21.07,6.57,259.64,93.5,2.57,0.86,0.88,22.07,225.86,123.71,2.07,20.64,6.79,178.64,102.21,2.86,1.0,0.92,0
2160,2023,16,MIN,DET,8,8,20.71,265.21,98.57,1.79,19.21,4.79,244.14,92.0,2.93,0.79,0.77,27.29,266.21,140.93,1.36,23.64,5.57,243.57,95.86,2.14,0.64,0.88,0
2161,2023,16,NYJ,WAS,7,7,14.36,201.79,85.07,1.86,20.5,6.93,187.79,127.93,2.71,0.86,0.97,20.07,263.71,98.43,1.64,30.21,5.0,276.5,119.71,2.71,0.43,0.77,1
2162,2023,16,TEN,SEA,7,6,18.36,214.0,104.0,1.07,21.5,6.57,247.21,112.86,2.93,0.29,0.96,21.43,247.21,92.57,1.0,23.93,7.21,254.21,127.29,2.79,0.79,0.8,0
2163,2023,16,TB,JAX,7,7,21.14,236.79,90.64,0.93,20.71,6.14,282.93,96.0,2.79,0.79,0.92,22.79,258.14,98.0,1.57,22.36,5.29,270.86,103.57,2.14,1.0,0.8,1
2164,2023,16,CHI,ARI,7,7,20.5,202.5,134.43,1.64,23.5,6.29,251.36,79.79,1.79,1.29,0.93,18.5,193.29,131.79,1.14,26.86,6.36,235.93,139.64,2.29,0.64,0.88,1
2165,2023,16,MIA,DAL,7,7,31.5,285.36,139.64,1.43,21.0,5.93,227.14,90.36,3.43,0.93,0.81,30.79,268.07,116.5,0.79,18.86,7.29,194.93,117.43,2.79,0.93,1.0,1
2166,2023,16,DEN,NE,8,7,21.71,202.29,112.71,1.29,25.07,6.14,255.86,146.93,2.57,0.79,0.93,13.29,202.79,98.36,1.57,21.36,5.71,236.71,84.93,2.07,0.64,0.65,0
2167,2023,16,KC,LV,8,11,22.79,267.0,103.14,1.57,17.5,6.07,202.5,110.43,3.29,0.57,0.96,18.93,218.64,83.71,1.64,20.0,4.57,225.57,124.86,2.57,0.79,0.83,0
2168,2023,16,PHI,NYG,7,8,25.64,241.36,128.29,1.5,24.36,5.71,272.86,94.43,2.79,0.43,0.92,13.5,180.93,111.0,1.0,24.14,5.43,238.29,131.64,1.71,0.93,0.71,1
2169,2023,16,SF,BAL,8,8,30.36,273.0,139.93,0.86,16.71,5.93,240.36,89.43,3.07,1.36,0.86,27.43,224.5,163.79,1.14,16.07,6.14,213.71,102.14,3.43,0.79,0.84,0
2170,2023,17,CLE,NYJ,4,4,23.0,235.73,119.07,2.07,20.73,6.93,180.8,100.2,2.87,1.07,0.92,15.4,202.8,90.33,1.87,21.0,7.4,185.67,126.2,2.6,0.93,0.97,1
2171,2023,17,DAL,DET,6,6,30.07,267.07,115.2,0.8,19.07,7.2,201.47,115.67,2.67,0.87,1.0,27.47,265.6,141.07,1.33,23.67,5.8,254.73,90.6,2.27,0.87,0.89,1
2172,2023,17,BAL,MIA,6,7,27.8,226.33,159.67,1.07,16.27,6.13,221.87,103.4,3.47,1.07,0.86,30.87,285.87,136.4,1.33,20.93,5.87,228.87,90.8,3.47,0.87,0.85,1
2173,2023,17,BUF,NE,8,7,26.87,251.87,130.47,1.53,18.4,6.4,219.6,111.27,3.27,0.87,0.81,14.13,206.33,95.73,1.53,21.47,5.53,236.8,84.8,2.27,0.6,0.65,1
2174,2023,17,CHI,ATL,7,7,20.93,200.33,142.13,1.6,23.0,6.2,249.93,80.67,1.8,1.2,0.94,19.13,218.47,129.8,1.4,19.2,5.0,211.67,110.87,2.4,0.53,0.91,1
2175,2023,17,HOU,TEN,7,7,21.87,273.4,98.4,0.93,22.07,6.8,267.27,90.87,2.47,0.93,0.88,18.27,210.67,107.87,1.0,21.4,6.8,245.87,109.2,2.93,0.27,0.97,1
2176,2023,17,IND,LV,7,6,23.6,234.47,113.2,1.2,24.8,5.8,239.6,130.73,3.13,1.0,0.79,19.0,208.2,88.6,1.53,19.6,4.53,226.93,122.2,2.67,0.8,0.85,1
2177,2023,17,JAX,CAR,7,7,22.07,261.27,93.93,1.73,22.87,5.07,271.67,101.33,2.13,0.93,0.77,15.73,202.6,105.4,1.13,25.4,6.47,186.27,120.87,1.4,0.53,0.86,1
2178,2023,17,NYG,LA,6,10,14.27,181.4,110.67,1.0,24.73,5.27,242.47,134.2,1.67,0.93,0.72,23.8,254.67,122.07,0.87,22.13,5.6,245.8,105.73,2.13,0.6,0.74,0
2179,2023,17,PHI,ARI,6,7,26.13,245.33,131.07,1.47,24.4,5.93,267.2,95.2,2.67,0.47,0.93,18.33,195.73,129.2,1.07,26.87,6.07,231.53,147.0,2.2,0.67,0.89,0
2180,2023,17,TB,NO,7,10,21.73,239.87,89.27,0.87,20.13,6.13,284.4,92.07,2.87,0.87,0.93,22.07,250.2,98.67,1.07,19.8,5.87,209.4,126.87,2.07,0.93,0.78,0
2181,2023,17,WAS,SF,7,6,20.6,256.53,98.67,1.67,30.2,5.2,272.53,122.67,2.53,0.47,0.77,29.6,277.2,138.67,1.13,17.8,6.2,241.13,90.27,3.0,1.27,0.86,0
2182,2023,17,SEA,PIT,7,8,21.33,245.87,90.27,0.93,23.47,7.13,248.2,129.6,3.0,0.73,0.81,17.13,199.67,110.2,0.87,19.4,5.33,248.53,117.47,2.8,1.07,0.93,0
2183,2023,17,DEN,LAC,7,8,21.8,204.67,110.73,1.27,25.13,5.87,255.87,141.07,2.53,0.73,0.9,21.67,255.6,95.87,1.2,24.6,5.0,280.13,113.33,3.0,0.53,0.96,1
2184,2023,17,KC,CIN,6,8,22.2,265.6,101.93,1.6,17.67,6.0,193.13,113.53,3.2,0.53,0.93,21.2,258.93,82.67,1.0,23.0,4.8,271.27,127.27,2.6,1.0,0.83,1
2185,2023,17,MIN,GB,7,7,20.93,274.93,93.13,1.93,19.93,5.0,245.0,95.4,2.8,0.73,0.78,22.2,240.07,106.93,1.0,22.07,6.67,231.67,135.93,2.4,0.4,0.83,0
2186,2023,18,BAL,PIT,6,6,29.56,233.44,159.69,1.06,16.44,6.19,222.81,106.56,3.44,1.12,0.86,17.94,204.31,115.94,0.81,19.62,5.12,251.12,115.62,2.69,1.0,0.93,0
2187,2023,18,IND,HOU,6,6,23.56,233.81,114.5,1.12,24.5,5.75,243.31,127.81,3.06,0.94,0.81,22.12,269.62,99.19,0.88,20.88,6.44,262.06,88.5,2.69,0.88,0.89,0
2188,2023,18,CAR,TB,7,7,14.75,196.94,102.38,1.12,25.44,6.25,185.75,123.0,1.5,0.5,0.86,21.19,244.19,87.25,1.06,20.31,6.06,279.62,93.06,2.75,0.81,0.93,0
2189,2023,18,CIN,CLE,7,10,20.94,255.06,84.0,0.94,23.12,4.69,269.62,127.56,2.56,0.94,0.83,23.88,240.31,119.56,2.12,20.69,6.75,185.81,100.62,2.81,1.06,0.92,1
2190,2023,18,DET,MIN,8,7,26.94,267.88,140.06,1.38,23.44,5.81,260.38,88.75,2.31,0.88,0.9,20.25,269.0,91.5,1.94,20.75,5.06,248.0,100.5,2.62,0.69,0.79,1
2191,2023,18,NE,NYJ,7,10,14.56,206.5,96.19,1.69,21.81,5.31,232.56,87.44,2.19,0.62,0.62,15.69,206.44,91.38,1.81,22.0,7.69,193.38,126.25,2.44,0.94,0.94,0
2192,2023,18,NO,ATL,7,7,22.12,247.56,99.25,1.0,19.38,5.81,215.62,122.5,2.06,1.0,0.8,19.0,216.06,130.06,1.56,20.31,4.75,215.19,115.94,2.44,0.5,0.86,1
2193,2023,18,TEN,JAX,7,7,17.31,209.0,104.44,1.0,21.69,6.56,243.81,109.31,2.81,0.25,0.97,22.31,256.06,97.75,1.62,21.44,4.81,261.69,98.56,2.38,0.94,0.8,1
2194,2023,18,ARI,SEA,7,7,19.38,198.0,134.94,1.06,27.12,6.0,228.56,143.5,2.06,0.69,0.9,21.44,248.62,90.12,0.94,23.88,6.94,249.81,134.12,2.88,0.69,0.82,0
2195,2023,18,GB,CHI,7,7,22.88,243.38,111.31,0.94,21.31,6.5,228.44,131.62,2.5,0.44,0.84,21.94,204.56,145.25,1.5,22.62,6.12,245.56,84.0,1.81,1.38,0.91,1
2196,2023,18,LAC,KC,7,7,20.88,253.38,95.25,1.19,24.06,4.88,276.62,112.56,2.94,0.5,0.93,22.38,264.31,103.81,1.56,17.62,5.81,193.38,112.94,3.38,0.5,0.94,0
2197,2023,18,LV,DEN,7,7,19.06,213.88,88.31,1.44,19.81,4.69,226.75,122.94,2.56,0.75,0.86,21.44,205.88,110.12,1.19,24.12,5.94,253.62,137.62,2.44,0.69,0.88,1
2198,2023,18,NYG,PHI,7,7,14.94,190.0,110.31,1.0,24.81,5.38,247.12,132.38,1.81,1.0,0.71,26.44,241.5,128.56,1.44,25.06,5.81,265.0,103.06,2.56,0.5,0.94,1
2199,2023,18,SF,LA,7,7,29.44,274.25,141.5,1.06,17.31,6.0,236.62,88.5,2.88,1.31,0.88,23.94,258.56,121.0,1.0,22.31,5.44,250.38,105.69,2.38,0.62,0.74,0
2200,2023,18,WAS,DAL,7,8,19.94,251.06,96.38,1.69,30.0,5.19,269.88,126.5,2.38,0.44,0.78,29.44,271.94,111.81,0.88,19.06,7.06,207.75,116.25,2.56,0.94,1.0,0
2201,2023,18,MIA,BUF,7,7,30.12,282.81,137.5,1.44,23.12,5.81,235.81,95.12,3.31,0.81,0.86,26.88,246.69,130.25,1.5,18.56,6.25,218.94,110.75,3.25,1.0,0.83,0
2202,2024,2,MIA,BUF,4,4,20.0,338.0,81.0,0.0,17.0,9.0,162.0,128.0,3.0,0.0,0.67,34.0,232.0,130.0,1.0,28.0,9.0,162.0,124.0,4.0,0.0,1.0,0
2203,2024,2,BAL,LV,10,7,20.0,273.0,185.0,1.0,27.0,7.0,291.0,72.0,2.0,1.0,0.67,10.0,257.0,71.0,3.0,22.0,2.0,144.0,176.0,1.0,0.0,0.5,0
2204,2024,2,CAR,LAC,7,7,10.0,161.0,58.0,3.0,47.0,6.0,200.0,180.0,1.0,0.0,1.0,22.0,144.0,176.0,0.0,10.0,7.0,257.0,71.0,3.0,1.0,1.0,0
2205,2024,2,DAL,NO,7,7,33.0,179.0,102.0,0.0,17.0,11.0,169.0,93.0,6.0,2.0,1.0,47.0,200.0,180.0,0.0,10.0,10.0,161.0,58.0,4.0,2.0,1.0,0
2206,2024,2,DET,TB,7,7,26.0,217.0,163.0,1.0,20.0,6.0,317.0,83.0,2.0,1.0,1.0,37.0,289.0,112.0,0.0,20.0,7.0,184.0,138.0,2.0,0.0,1.0,0
2207,2024,2,GB,IND,9,7,29.0,260.0,163.0,1.0,34.0,10.0,278.0,144.0,2.0,2.0,0.75,27.0,212.0,104.0,1.0,29.0,4.0,234.0,213.0,4.0,0.0,0.0,1
2208,2024,2,JAX,CLE,7,7,17.0,162.0,128.0,1.0,20.0,8.0,338.0,81.0,3.0,0.0,1.0,17.0,169.0,93.0,2.0,33.0,11.0,179.0,102.0,3.0,0.0,1.0,0
2209,2024,2,MIN,SF,7,6,28.0,208.0,111.0,2.0,6.0,7.0,186.0,74.0,5.0,2.0,0.0,32.0,231.0,180.0,0.0,19.0,4.0,203.0,68.0,1.0,1.0,1.0,1
2210,2024,2,NE,SEA,7,7,16.0,121.0,170.0,0.0,10.0,5.0,164.0,70.0,3.0,0.0,1.0,26.0,171.0,146.0,1.0,20.0,6.0,138.0,99.0,2.0,2.0,1.0,0
2211,2024,2,TEN,NYJ,7,6,17.0,127.0,140.0,3.0,24.0,8.0,93.0,84.0,2.0,0.0,1.0,19.0,203.0,68.0,2.0,32.0,3.0,231.0,180.0,3.0,0.0,0.0,0
2212,2024,2,WAS,NYG,7,7,20.0,184.0,138.0,0.0,37.0,7.0,289.0,112.0,1.0,0.0,0.0,6.0,186.0,74.0,2.0,28.0,9.0,208.0,111.0,1.0,1.0,1.0,1
2213,2024,2,ARI,LA,7,7,28.0,162.0,124.0,1.0,34.0,5.0,232.0,130.0,2.0,0.0,1.0,20.0,317.0,83.0,1.0,26.0,6.0,217.0,163.0,2.0,1.0,1.0,1
2214,2024,2,DEN,PIT,7,7,20.0,138.0,99.0,3.0,26.0,8.0,171.0,146.0,2.0,1.0,1.0,18.0,156.0,137.0,0.0,10.0,9.0,155.0,89.0,2.0,2.0,1.0,0
2215,2024,2,KC,CIN,10,7,27.0,291.0,72.0,1.0,20.0,6.0,273.0,185.0,1.0,0.0,1.0,10.0,164.0,70.0,1.0,16.0,2.0,121.0,170.0,1.0,0.0,1.0,1
2216,2024,2,HOU,CHI,7,7,29.0,234.0,213.0,0.0,27.0,5.0,212.0,104.0,2.0,1.0,1.0,24.0,93.0,84.0,0.0,17.0,7.0,127.0,140.0,3.0,2.0,1.0,1
2217,2024,2,PHI,ATL,10,8,34.0,278.0,144.0,3.0,29.0,7.0,260.0,163.0,2.0,1.0,1.0,10.0,155.0,89.0,2.0,18.0,5.0,156.0,137.0,2.0,0.0,1.0,0
2218,2024,3,NYJ,NE,4,4,21.5,189.5,84.5,1.0,24.5,5.0,211.5,155.0,3.5,0.5,1.0,18.0,135.0,177.5,0.0,16.5,4.0,245.5,58.0,3.0,0.0,0.83,1
2219,2024,3,CLE,NYG,7,7,17.5,177.5,109.0,1.0,23.0,12.0,199.5,114.5,3.5,0.0,1.0,12.0,182.0,101.5,1.5,24.5,7.0,217.0,163.0,3.0,0.5,1.0,0
2220,2024,3,IND,CHI,7,7,18.5,208.0,122.0,2.0,22.5,3.5,178.0,237.0,2.0,0.0,0.5,18.5,133.5,77.5,1.0,18.0,8.0,193.5,107.5,3.0,1.0,1.0,1
2221,2024,3,MIN,HOU,7,7,25.5,238.0,128.5,2.0,11.5,7.0,252.5,88.0,5.0,1.5,1.0,24.0,247.0,144.0,0.5,20.0,8.5,193.0,87.5,4.5,1.5,1.0,1
2222,2024,3,NO,PHI,7,6,45.5,221.5,185.0,0.5,14.5,7.5,230.0,63.0,3.5,2.0,1.0,27.5,230.5,165.0,2.0,25.5,8.0,250.5,157.5,1.5,0.5,1.0,0
2223,2024,3,PIT,LAC,7,7,15.5,136.5,139.0,0.0,8.0,9.5,200.5,76.5,2.0,2.0,1.0,24.0,137.0,197.5,1.0,6.5,5.0,170.5,80.5,2.5,1.0,1.0,1
2224,2024,3,TB,DEN,7,7,28.5,237.0,91.0,0.5,18.0,5.5,254.0,138.5,1.0,1.0,1.0,13.0,192.0,81.5,2.5,19.5,8.5,144.0,143.5,2.0,0.5,1.0,0
2225,2024,3,TEN,GB,7,7,17.0,159.5,135.0,2.5,24.0,6.5,134.5,92.5,2.0,0.0,1.0,22.5,191.0,212.0,1.0,22.0,8.0,241.0,142.0,1.5,2.5,0.75,0
2226,2024,3,LV,CAR,7,7,18.0,266.5,49.0,2.0,22.5,2.5,195.5,163.5,1.5,0.5,0.83,6.5,122.5,74.0,2.0,36.5,7.5,165.0,199.5,1.0,0.5,1.0,0
2227,2024,3,SEA,MIA,7,10,24.5,249.0,96.0,0.5,20.0,6.0,143.5,142.0,2.5,1.0,1.0,15.0,281.5,110.0,1.5,24.0,8.0,150.5,118.0,1.5,0.0,0.75,1
2228,2024,3,ARI,DET,7,7,34.5,214.0,177.5,1.0,22.0,5.0,224.0,91.5,3.5,0.0,1.0,21.0,270.5,151.0,1.5,20.0,5.0,251.0,76.5,3.5,1.0,1.0,0
2229,2024,3,DAL,BAL,7,7,26.0,239.0,85.0,1.0,30.5,7.5,206.0,141.5,3.5,1.5,1.0,21.5,260.0,168.0,1.0,26.5,9.0,283.5,49.5,3.5,1.0,0.71,0
2230,2024,3,LA,SF,7,7,15.0,266.5,68.0,1.0,33.5,4.0,241.5,197.0,1.5,0.5,1.0,24.5,275.0,141.0,1.0,21.0,4.0,235.5,107.0,2.5,1.0,1.0,1
2231,2024,3,ATL,KC,6,7,16.0,198.0,120.5,1.0,19.5,4.0,169.5,161.5,1.5,0.5,1.0,26.5,221.0,110.5,2.0,22.5,5.0,265.5,129.5,2.0,0.0,1.0,0
2232,2024,3,BUF,JAX,11,8,32.5,185.5,119.0,0.5,19.0,5.0,193.5,131.5,3.0,1.5,0.75,15.0,191.0,127.5,0.5,19.0,7.0,262.0,103.0,2.5,0.0,0.75,1
2233,2024,3,CIN,WAS,8,8,17.5,211.0,72.0,1.0,21.0,5.0,136.0,159.5,1.5,1.0,1.0,20.5,205.0,176.5,0.0,27.5,8.5,233.5,120.5,1.0,0.0,0.78,0
2234,2024,4,NYG,DAL,4,4,15.0,200.0,105.0,1.33,21.33,7.67,210.0,131.67,4.67,0.33,0.67,25.67,285.67,73.67,1.0,29.67,7.0,198.0,185.67,2.33,1.0,1.0,0
2235,2024,4,ATL,NO,7,7,16.33,208.67,107.67,1.0,20.33,4.67,185.33,150.33,1.0,0.67,1.0,34.33,195.0,153.0,0.67,14.67,6.0,257.0,99.33,3.67,1.67,1.0,1
2236,2024,4,CAR,CIN,7,6,16.33,188.0,93.0,1.33,31.67,7.33,208.67,151.33,1.67,0.67,1.0,22.67,248.67,89.33,0.67,26.67,5.0,175.33,142.33,1.67,0.67,0.88,0
2237,2024,4,CHI,LA,7,7,17.67,210.0,72.67,1.67,19.0,6.67,184.67,121.67,2.33,1.33,0.86,19.0,251.33,78.0,0.67,30.33,5.33,258.33,177.0,1.33,0.33,1.0,1
2238,2024,4,GB,MIN,7,7,25.0,194.67,204.0,0.67,19.33,8.67,247.33,105.67,3.67,2.33,0.82,28.33,219.0,125.0,1.33,10.0,6.33,270.67,71.33,5.0,1.67,1.0,0
2239,2024,4,HOU,JAX,7,6,18.33,267.0,108.67,1.0,24.67,9.33,189.0,97.67,4.33,1.0,0.88,13.33,194.0,115.67,1.0,28.33,7.0,263.33,109.33,1.67,0.0,0.8,1
2240,2024,4,IND,PIT,7,7,19.33,194.33,131.33,2.0,20.33,5.33,239.67,179.0,2.67,0.67,0.5,17.0,172.67,130.67,0.33,8.67,7.33,183.33,71.33,3.0,1.33,0.91,1
2241,2024,4,NYJ,DEN,10,7,22.33,220.0,100.67,0.67,17.33,6.0,181.0,129.33,4.67,0.33,0.67,17.33,200.0,99.67,2.0,15.33,7.33,150.33,126.0,3.67,0.67,1.0,0
2242,2024,4,TB,PHI,7,7,21.33,212.33,91.0,1.0,20.67,5.33,241.33,137.67,0.67,0.67,1.0,23.33,257.33,167.33,2.0,21.0,7.67,214.33,134.67,1.33,0.67,0.8,1
2243,2024,4,ARI,WAS,7,6,27.33,211.67,144.0,1.0,21.33,4.67,215.67,123.33,3.0,0.33,1.0,26.33,221.33,153.67,0.0,29.33,6.67,263.67,121.67,1.33,0.0,0.8,0
2244,2024,4,SF,NE,7,10,24.33,280.67,139.67,1.0,23.0,5.0,230.67,104.0,2.67,0.67,0.89,13.0,130.0,144.33,0.33,19.0,4.33,257.33,83.0,2.67,0.0,0.86,1
2245,2024,4,LAC,KC,7,7,19.33,141.0,152.0,0.67,11.0,5.67,195.33,91.67,2.33,1.0,1.0,25.0,219.67,116.33,1.67,20.67,5.33,253.67,113.67,2.0,0.33,1.0,0
2246,2024,4,LV,CLE,7,7,19.33,276.33,51.0,1.67,27.0,3.67,236.67,152.67,1.67,0.33,0.71,16.67,183.67,95.67,1.33,22.33,9.67,211.67,113.67,3.0,0.0,0.8,1
2247,2024,4,BAL,BUF,7,6,23.67,234.0,203.33,0.67,26.0,10.33,315.33,50.0,3.0,0.67,0.62,37.33,212.33,120.0,0.33,16.0,5.33,195.67,118.33,3.67,1.33,0.83,1
2248,2024,4,MIA,TEN,8,8,11.0,249.67,95.0,1.0,24.0,9.0,196.67,112.0,2.0,0.67,0.67,16.0,193.0,101.0,2.67,26.0,5.0,157.0,124.33,2.33,0.0,1.0,0
2249,2024,4,DET,SEA,8,8,20.67,246.67,163.0,1.33,17.67,6.33,236.33,76.67,2.67,1.0,1.0,24.33,262.33,97.33,1.0,14.33,7.67,157.67,116.33,3.67,0.67,0.86,1
2250,2024,5,ATL,TB,4,4,18.75,216.0,102.75,1.0,21.25,5.75,198.75,145.5,1.0,0.75,1.0,24.25,246.0,96.0,0.75,19.5,4.75,220.5,131.5,2.0,0.5,1.0,1
2251,2024,5,MIN,NYJ,7,7,29.0,233.0,123.75,1.5,14.75,6.5,300.25,75.0,4.0,2.0,1.0,19.0,221.25,91.5,0.75,15.5,7.75,150.75,128.5,3.5,0.25,0.71,1
2252,2024,5,CHI,CAR,7,7,19.25,196.75,87.25,1.25,18.75,7.5,194.5,121.0,2.5,1.25,0.88,18.25,196.0,108.5,1.25,32.25,7.0,214.5,148.75,1.25,0.75,1.0,1
2253,2024,5,CIN,BAL,7,7,25.5,244.5,102.25,0.75,26.0,5.0,186.5,145.5,1.25,0.75,0.9,26.5,214.75,220.25,0.75,22.0,9.75,282.0,57.75,3.0,0.5,0.62,0
2254,2024,5,HOU,BUF,7,7,19.75,286.5,106.75,0.75,23.5,10.0,184.0,112.75,3.5,0.75,0.89,30.5,204.75,110.25,0.5,20.75,5.0,186.0,156.5,3.0,1.0,0.75,1
2255,2024,5,JAX,IND,7,7,15.0,187.75,126.25,0.75,27.25,6.75,283.75,107.25,1.75,0.0,0.86,21.25,205.5,131.75,1.5,21.25,5.0,257.75,164.75,3.0,0.5,0.6,1
2256,2024,5,NE,MIA,7,6,13.0,139.5,126.5,1.0,21.75,4.0,265.0,99.25,2.25,0.25,0.89,11.25,211.25,97.75,1.0,25.75,9.25,175.0,119.5,1.75,0.75,0.75,0
2257,2024,5,WAS,CLE,7,7,30.25,224.25,169.25,0.25,25.5,6.25,233.25,136.5,2.0,0.0,0.83,16.5,181.75,94.75,1.25,21.75,8.5,191.25,123.25,2.75,0.0,0.83,1
2258,2024,5,DEN,LV,7,7,15.5,165.0,106.25,1.75,13.75,6.75,169.0,110.5,4.0,0.5,0.91,19.5,239.75,76.25,1.5,24.25,4.25,221.5,137.5,2.0,0.5,0.78,1
2259,2024,5,SF,ARI,7,7,25.75,282.5,141.75,1.0,20.5,5.25,215.0,96.25,3.5,0.75,0.92,24.0,194.25,153.25,1.0,26.5,4.5,220.0,146.5,2.25,0.5,1.0,0
2260,2024,5,LA,GB,7,7,18.75,244.5,88.25,1.0,28.75,5.5,233.0,165.5,1.75,0.25,0.9,26.0,243.25,174.5,1.5,22.25,8.5,254.25,109.25,3.25,2.0,0.69,0
2261,2024,5,SEA,NYG,6,10,25.5,295.5,106.25,1.25,21.25,8.0,193.0,116.25,3.5,0.5,0.75,15.0,220.25,85.25,1.25,21.0,6.75,212.75,118.75,3.75,0.25,0.88,0
2262,2024,5,PIT,DAL,7,10,18.75,207.5,128.5,0.75,13.25,7.0,197.25,86.75,2.75,1.0,0.92,24.25,269.5,75.25,0.75,26.0,8.0,218.75,145.75,2.0,1.0,0.92,0
2263,2024,5,KC,NO,8,8,23.0,226.0,112.5,1.75,18.0,5.25,235.0,99.0,2.0,0.25,0.89,31.75,206.0,147.5,0.75,17.5,6.0,252.25,96.5,3.0,1.5,1.0,1
2264,2024,6,SEA,SF,4,4,24.4,293.2,105.4,1.2,22.8,7.6,205.8,128.0,3.4,0.4,0.73,25.2,274.8,144.0,1.4,21.2,5.0,211.0,110.8,3.0,0.8,0.93,0
2265,2024,6,CHI,JAX,7,7,22.6,218.2,95.4,1.0,17.0,7.0,194.4,120.8,2.8,1.2,0.89,19.4,224.4,126.2,1.0,28.6,6.0,303.6,105.6,2.2,0.0,0.9,1
2266,2024,6,BAL,WAS,7,7,29.4,241.4,211.2,0.8,25.2,8.8,304.0,60.4,3.0,0.6,0.7,31.0,226.6,178.4,0.6,23.0,6.0,214.8,130.0,3.0,0.0,0.86,1
2267,2024,6,GB,ARI,7,7,25.6,239.4,164.8,1.4,21.6,8.0,255.4,114.2,3.2,1.8,0.71,24.0,194.4,156.4,1.0,25.8,3.8,224.8,147.8,2.2,0.8,0.9,1
2268,2024,6,NE,HOU,7,7,12.4,143.6,131.4,0.8,20.4,5.6,250.8,118.0,2.4,0.4,0.82,20.4,295.4,104.2,1.0,22.8,9.4,173.4,120.2,3.0,0.6,0.92,0
2269,2024,6,NO,TB,6,10,28.0,201.2,127.2,0.8,19.2,5.8,268.0,105.0,2.8,1.4,1.0,25.4,232.8,108.8,0.8,22.8,4.8,278.2,119.8,2.4,0.6,1.0,0
2270,2024,6,PHI,CLE,14,7,21.5,232.5,153.75,1.75,24.0,7.0,247.5,128.75,1.5,0.5,0.8,15.8,173.6,96.6,1.2,24.2,8.6,200.2,141.6,2.8,0.2,0.88,1
2271,2024,6,TEN,IND,13,7,19.75,172.25,111.25,2.25,22.5,5.75,141.75,119.75,2.25,0.0,1.0,23.8,241.0,125.2,1.4,24.4,5.0,280.4,157.0,2.4,0.6,0.71,0
2272,2024,6,DEN,LAC,7,14,19.2,173.2,106.8,1.4,14.6,7.2,181.4,111.4,3.8,1.0,0.92,17.0,150.5,127.75,0.5,12.5,6.5,207.75,94.0,2.5,1.0,0.88,0
2273,2024,6,LV,PIT,7,7,19.2,238.0,84.0,1.8,26.2,5.6,218.4,131.8,2.2,0.4,0.8,18.4,196.0,121.2,0.6,14.6,7.2,228.2,91.2,2.6,1.2,0.92,0
2274,2024,6,CAR,ATL,7,10,16.6,195.6,110.8,1.6,33.0,6.4,232.4,144.6,1.2,0.6,0.88,22.2,274.6,96.8,1.0,23.0,6.2,195.0,148.4,1.0,0.6,0.86,0
2275,2024,6,DAL,DET,7,13,23.4,286.0,82.0,1.2,24.2,8.6,205.0,135.0,2.2,0.8,0.88,26.0,259.75,151.25,1.0,20.5,7.75,276.0,90.75,2.75,1.0,1.0,0
2276,2024,6,NYG,CIN,7,7,17.8,227.6,103.2,1.2,20.8,5.8,227.0,115.4,4.4,0.2,0.91,28.0,274.0,96.0,0.8,29.0,4.8,218.8,151.4,1.2,0.6,0.82,0
2277,2024,6,NYJ,BUF,8,8,18.6,225.8,80.4,1.2,17.0,7.8,161.2,119.2,3.6,0.4,0.75,28.4,190.0,118.2,0.4,21.2,4.8,215.0,144.0,2.6,1.0,0.8,0
2278,2024,7,NO,DEN,4,4,27.83,208.17,119.5,1.17,24.5,6.0,277.5,133.67,2.5,1.67,1.0,18.67,180.33,107.33,1.5,16.0,7.17,190.67,114.17,3.67,0.83,0.93,0
2279,2024,7,JAX,NE,7,7,18.83,227.0,116.5,1.17,29.67,6.33,290.67,113.33,2.33,0.17,0.91,13.83,160.17,123.17,1.33,23.83,6.17,241.0,130.33,2.33,0.5,0.82,1
2280,2024,7,ATL,SEA,7,10,24.83,266.33,113.67,1.0,22.5,6.0,199.33,142.67,0.83,0.83,0.88,24.33,296.33,96.5,1.33,25.0,7.83,214.0,144.67,2.83,0.33,0.75,0
2281,2024,7,BUF,TEN,6,7,27.5,194.17,123.33,0.33,21.0,5.83,228.17,140.17,2.67,1.0,0.75,19.2,156.8,118.2,2.0,22.0,6.8,151.2,111.8,1.8,0.2,1.0,1
2282,2024,7,CLE,CIN,7,7,15.83,172.67,97.17,1.0,23.5,8.33,210.83,137.33,2.5,0.17,0.83,26.17,263.0,100.17,0.83,25.33,5.0,216.5,146.0,1.33,0.67,0.83,0
2283,2024,7,GB,HOU,7,7,27.0,242.5,167.17,1.33,20.17,7.5,248.5,110.0,2.67,1.5,0.71,23.83,278.17,118.83,1.0,22.5,8.5,185.0,113.83,3.17,0.83,0.87,1
2284,2024,7,IND,MIA,7,14,23.17,232.33,117.67,1.33,23.17,5.0,249.5,155.17,2.0,0.67,0.78,12.0,207.8,116.8,1.0,22.6,8.6,172.0,125.8,1.8,0.6,0.75,1
2285,2024,7,MIN,DET,14,7,27.8,227.0,115.4,1.6,15.2,7.4,289.0,67.2,3.8,2.2,1.0,30.2,274.6,157.8,0.8,18.2,7.8,265.6,83.2,3.0,1.4,1.0,0
2286,2024,7,NYG,PHI,7,7,16.0,223.83,105.83,1.17,20.17,5.17,223.83,116.33,4.33,0.17,0.77,21.2,238.8,146.2,1.4,22.4,6.6,231.6,123.0,2.2,0.4,0.75,0
2287,2024,7,LA,LV,14,7,18.8,247.6,97.4,1.2,27.8,5.4,231.2,157.6,1.8,0.4,0.9,18.17,236.17,79.5,2.0,27.17,5.33,206.17,140.33,2.33,0.33,0.8,1
2288,2024,7,WAS,CAR,7,7,29.67,233.67,157.33,0.5,24.17,6.0,232.83,137.67,2.83,0.17,0.83,17.17,199.83,111.33,1.67,33.83,7.0,231.17,153.5,1.0,0.5,0.9,1
2289,2024,7,SF,KC,10,13,27.0,271.5,158.0,1.17,21.67,5.0,227.83,101.0,2.67,1.0,0.94,23.6,247.0,117.8,1.6,17.0,5.4,224.4,88.4,1.8,0.4,0.86,0
2290,2024,7,PIT,NYJ,7,6,20.67,187.5,131.5,0.5,14.33,7.17,228.0,85.5,2.33,1.17,0.94,18.83,237.17,87.17,1.17,18.0,8.33,170.17,124.17,3.33,0.33,0.67,1
2291,2024,7,TB,BAL,8,8,29.67,248.17,136.83,1.17,23.5,6.0,272.33,113.33,2.83,0.83,1.0,29.5,255.0,205.33,0.83,24.83,7.83,298.17,59.0,3.0,0.5,0.77,0
2292,2024,7,ARI,LAC,8,8,22.17,197.67,145.17,1.33,27.17,5.33,230.33,153.0,1.83,0.83,0.92,18.2,167.8,127.8,0.4,13.2,5.8,209.4,97.2,2.4,1.0,0.91,1
2293,2024,8,LA,MIN,4,4,19.0,232.0,100.33,1.17,25.67,5.0,227.0,151.67,1.83,0.83,0.82,28.0,232.33,119.33,1.5,17.83,7.5,287.5,80.0,3.83,1.83,1.0,1
2294,2024,8,CIN,PHI,7,7,25.43,251.29,94.29,0.71,23.71,4.71,225.14,136.14,1.71,0.86,0.77,22.33,218.0,166.67,1.17,19.17,6.5,210.5,115.17,3.17,0.33,0.75,0
2295,2024,8,CLE,BAL,7,6,15.57,187.57,94.29,1.14,23.14,8.57,206.57,126.14,2.57,0.14,0.77,31.14,258.71,210.86,0.86,25.71,8.0,308.43,68.43,3.0,0.71,0.8,1
2296,2024,8,DET,TEN,7,7,30.33,275.5,155.5,0.83,20.0,7.83,264.5,92.5,3.17,1.33,1.0,17.67,166.5,113.33,2.0,24.0,7.0,179.83,105.5,1.67,0.17,1.0,1
2297,2024,8,HOU,IND,7,7,23.57,250.71,122.14,0.86,22.71,8.0,190.0,109.29,3.14,1.0,0.89,22.14,217.57,123.0,1.29,21.29,4.86,236.86,159.86,2.0,0.57,0.83,1
2298,2024,8,JAX,GB,7,7,20.71,222.14,124.29,1.0,27.71,6.0,288.57,102.57,2.29,0.14,0.92,26.57,239.29,155.0,1.43,20.43,7.57,225.29,114.57,2.86,1.29,0.72,0
2299,2024,8,MIA,ARI,7,6,11.67,200.0,128.67,1.17,21.5,8.17,164.83,130.67,1.5,0.5,0.71,21.43,190.14,150.29,1.29,25.43,5.0,247.29,139.57,2.0,0.71,0.92,0
2300,2024,8,NE,NYJ,7,7,14.14,176.71,111.0,1.14,25.0,6.29,234.14,136.14,2.0,0.43,0.83,18.29,242.71,82.43,1.29,20.71,7.86,183.57,127.71,3.0,0.29,0.62,1
2301,2024,8,TB,ATL,6,7,29.86,265.57,135.14,1.29,26.0,6.29,273.57,132.0,2.71,0.71,0.92,23.29,263.43,119.57,1.29,24.14,6.43,205.43,137.0,0.86,0.71,0.83,0
2302,2024,8,LAC,NO,6,10,17.67,198.0,116.33,0.5,13.83,5.67,198.67,111.17,2.0,1.0,0.94,25.29,208.43,116.29,1.29,25.71,5.86,261.29,146.71,2.14,1.43,1.0,1
2303,2024,8,SEA,BUF,7,7,25.71,288.57,97.43,1.14,23.43,7.43,218.57,146.14,2.86,0.57,0.79,28.43,212.57,116.29,0.29,19.43,5.71,226.29,132.86,2.71,1.0,0.79,0
2304,2024,8,DEN,CAR,10,7,20.71,178.0,124.14,1.43,15.14,7.14,193.43,111.71,4.0,0.71,0.94,15.71,184.0,109.0,1.71,34.71,6.86,228.29,162.14,1.0,0.43,0.9,1
2305,2024,8,LV,KC,7,7,17.71,231.86,85.57,2.29,26.14,6.0,198.71,136.71,2.14,0.43,0.87,24.33,231.5,128.83,1.67,17.17,5.17,222.33,90.5,1.67,0.83,0.86,0
2306,2024,8,WAS,CHI,7,14,31.14,230.43,165.43,0.43,21.71,6.29,212.29,131.57,2.71,0.43,0.86,24.67,219.5,104.83,1.0,16.83,6.17,202.0,112.0,3.0,1.17,0.8,1
2307,2024,8,SF,DAL,7,14,25.71,263.0,149.86,1.43,22.57,5.14,217.29,112.86,2.57,1.14,0.95,21.0,275.67,77.17,1.83,28.0,7.83,226.5,143.17,2.33,0.67,0.89,1
2308,2024,8,PIT,NYG,8,8,23.0,198.43,134.0,0.43,14.43,6.71,234.86,81.0,2.14,1.29,0.95,14.14,206.86,101.57,1.0,21.29,5.14,208.14,138.14,4.43,0.14,0.79,1
2309,2024,9,NYJ,HOU,4,4,18.75,241.5,86.12,1.12,21.25,7.88,180.0,125.75,2.88,0.25,0.6,23.5,255.0,118.88,0.88,22.38,7.62,188.12,116.0,3.38,1.0,0.9,1
2310,2024,9,ATL,DAL,7,7,24.25,265.0,120.75,1.12,24.38,6.12,221.0,132.62,0.75,0.88,0.8,21.43,271.0,74.14,1.86,28.29,7.57,231.29,154.57,2.14,0.57,0.9,1
2311,2024,9,BAL,DEN,7,7,30.25,262.5,200.0,0.75,26.12,7.88,311.62,69.88,2.88,0.62,0.76,21.62,195.12,121.38,1.5,15.0,6.75,197.25,106.38,3.75,0.88,0.94,1
2312,2024,9,BUF,MIA,7,7,28.75,221.38,122.25,0.38,18.25,6.62,224.5,120.25,2.5,1.0,0.8,13.86,204.86,131.71,1.0,22.43,7.29,185.14,123.71,1.29,0.43,0.75,1
2313,2024,9,CAR,NO,7,7,15.5,189.0,104.0,1.75,33.88,7.0,239.12,154.62,1.12,0.38,0.9,23.12,217.5,116.38,1.12,25.75,6.0,263.5,143.62,2.25,1.25,0.93,1
2314,2024,9,CIN,LV,7,7,24.38,249.12,89.75,0.88,25.38,4.25,226.5,139.25,1.5,0.75,0.73,18.0,229.0,79.0,2.12,26.25,5.88,206.62,129.88,2.0,0.5,0.88,1
2315,2024,9,CLE,LAC,7,7,17.25,205.88,92.5,1.12,23.25,8.38,216.88,125.88,2.62,0.12,0.81,18.86,209.57,117.14,0.43,13.0,5.43,210.43,112.0,2.43,0.86,0.94,0
2316,2024,9,NYG,WAS,6,7,14.62,214.0,108.5,1.12,21.88,5.88,216.88,141.75,4.38,0.12,0.83,29.5,242.38,165.75,0.38,20.88,6.12,202.12,140.38,2.75,0.38,0.85,0
2317,2024,9,TEN,NE,7,7,17.14,180.71,119.71,2.29,28.0,7.14,167.57,113.86,2.0,0.14,1.0,15.5,174.0,111.12,1.0,24.62,6.12,234.0,133.12,1.88,0.38,0.85,1
2318,2024,9,ARI,CHI,7,7,22.25,204.75,141.75,1.12,25.62,4.88,245.62,140.88,1.88,0.62,0.93,23.29,206.86,118.71,1.0,17.0,6.43,219.71,120.0,2.86,1.0,0.8,1
2319,2024,9,PHI,JAX,7,7,24.43,220.57,165.86,1.0,18.86,6.14,213.86,107.0,2.86,0.43,0.82,21.5,232.88,120.12,1.12,28.0,6.25,284.0,111.0,2.12,0.25,0.93,1
2320,2024,9,GB,DET,7,7,27.0,240.88,156.88,1.38,21.25,7.0,235.62,111.62,2.62,1.25,0.76,33.43,249.57,156.71,0.71,19.14,7.14,264.71,101.86,2.86,1.43,1.0,0
2321,2024,9,SEA,LA,7,10,23.75,279.0,89.25,1.12,24.38,7.88,226.62,148.38,2.5,0.62,0.8,20.57,238.71,101.29,1.14,24.86,5.14,228.86,139.14,2.0,0.71,0.82,0
2322,2024,9,MIN,IND,10,7,26.86,233.43,111.43,1.29,19.57,7.71,286.29,83.86,3.29,1.71,1.0,21.88,212.25,128.0,1.38,21.5,5.38,242.88,151.88,2.0,0.5,0.86,1
2323,2024,9,KC,TB,8,8,24.71,235.86,122.14,1.57,17.57,5.57,220.43,82.29,2.14,0.71,0.88,29.38,273.62,131.0,1.5,26.62,6.25,273.88,131.62,2.62,0.62,0.93,1
2324,2024,10,BAL,CIN,4,4,31.44,264.44,191.89,0.67,24.33,7.67,302.0,75.67,3.0,0.67,0.79,26.22,249.33,94.22,0.89,25.22,4.56,223.33,130.44,1.89,0.67,0.76,1
2325,2024,10,CAR,NYG,7,7,16.33,187.0,101.33,1.67,32.56,6.89,238.78,159.33,1.11,0.33,0.91,15.44,209.56,114.67,1.11,22.44,5.67,216.0,142.56,3.89,0.11,0.84,1
2326,2024,10,CHI,NE,7,7,21.5,208.12,112.5,0.88,18.5,6.38,211.5,131.62,2.88,0.88,0.85,15.67,177.56,111.0,1.22,24.11,6.33,234.67,136.89,1.78,0.44,0.8,0
2327,2024,10,IND,BUF,7,7,20.89,208.56,121.33,1.44,21.44,5.56,250.56,149.78,2.22,0.67,0.82,28.89,222.89,119.11,0.44,19.22,6.33,225.22,123.44,2.33,0.89,0.83,0
2328,2024,10,JAX,MIN,7,7,21.67,225.78,113.44,1.22,28.0,6.0,278.0,125.0,2.22,0.22,0.93,26.12,243.25,114.12,1.5,18.75,7.12,272.88,81.88,3.25,1.62,0.88,0
2329,2024,10,KC,DEN,6,7,25.38,242.75,122.38,1.5,18.38,5.25,217.88,83.88,2.12,0.62,0.88,20.33,198.44,121.44,1.44,17.89,7.0,206.44,108.67,3.44,0.78,0.95,1
2330,2024,10,NO,ATL,7,7,23.0,219.56,125.33,1.0,25.44,6.44,253.22,136.56,2.11,1.22,0.94,24.56,260.22,118.44,1.11,24.0,5.89,224.0,133.11,1.0,0.78,0.8,1
2331,2024,10,TB,SF,6,14,28.78,265.44,127.0,1.33,27.0,6.22,275.78,130.78,2.78,0.56,0.93,26.25,262.62,159.0,1.25,22.75,5.62,220.5,105.75,2.5,1.25,0.96,0
2332,2024,10,WAS,PIT,7,13,29.22,238.67,163.89,0.33,21.0,6.0,199.0,143.0,2.67,0.33,0.86,23.38,208.38,138.12,0.5,14.88,6.5,238.5,90.5,2.38,1.25,0.96,0
2333,2024,10,LAC,TEN,7,7,19.88,218.62,114.5,0.38,12.62,5.38,213.5,107.88,2.88,1.12,0.89,17.5,188.12,125.62,2.12,26.62,7.5,172.38,113.38,2.25,0.38,1.0,1
2334,2024,10,ARI,NYJ,7,10,23.0,199.11,149.67,1.22,23.78,4.56,242.44,132.89,2.33,0.56,0.94,19.0,238.11,87.67,1.11,20.33,8.0,181.22,132.56,3.44,0.22,0.6,1
2335,2024,10,DAL,PHI,7,7,21.38,268.12,82.0,1.62,28.12,7.75,230.12,147.75,2.12,0.5,0.91,24.88,221.75,174.75,1.0,19.38,6.38,208.25,101.12,2.75,0.62,0.77,0
2336,2024,10,HOU,DET,10,7,22.33,247.89,126.44,0.89,22.22,7.56,190.67,114.22,3.22,0.89,0.84,32.25,236.5,152.62,0.62,18.5,6.75,265.75,106.38,2.5,1.38,1.0,0
2337,2024,10,LA,MIA,8,8,21.25,246.12,97.12,1.12,24.25,5.5,245.62,135.12,2.62,1.0,0.85,15.5,208.12,133.88,1.0,23.38,7.38,191.38,120.0,1.25,0.5,0.78,0
2338,2024,11,PHI,WAS,4,4,25.89,220.11,176.11,1.11,17.89,6.44,192.44,100.67,2.78,0.67,0.8,29.0,235.0,153.5,0.3,21.7,5.9,198.6,142.7,2.7,0.4,0.87,1
2339,2024,11,CHI,GB,7,14,19.44,198.33,108.11,0.78,18.56,6.22,208.44,133.0,2.67,0.89,0.86,25.56,244.44,154.78,1.33,21.56,7.33,225.56,113.0,2.44,1.11,0.75,0
2340,2024,11,DET,JAX,7,7,31.56,236.89,147.33,1.11,19.0,6.44,262.0,100.78,2.67,1.44,1.0,20.2,214.3,107.7,1.4,26.4,5.7,274.3,129.4,2.1,0.5,0.93,1
2341,2024,11,MIA,LV,6,14,16.33,208.0,126.44,1.11,22.44,6.67,202.67,114.44,1.56,0.56,0.81,18.67,225.56,76.89,2.11,27.89,5.89,211.56,129.89,1.89,0.56,0.89,1
2342,2024,11,NE,LA,7,6,16.0,178.2,114.3,1.2,22.0,6.4,223.2,130.5,2.5,0.4,0.84,20.56,251.33,94.11,1.22,24.11,5.56,241.33,127.56,2.67,1.0,0.84,0
2343,2024,11,NO,CLE,7,14,22.7,224.5,122.4,0.9,24.6,6.6,258.5,141.0,2.2,1.2,0.95,16.44,209.11,91.0,1.33,23.67,7.89,224.11,122.56,3.0,0.11,0.78,1
2344,2024,11,NYJ,IND,7,7,17.7,229.4,86.8,1.1,21.4,7.5,189.7,134.0,3.2,0.2,0.65,20.8,214.9,121.3,1.7,22.3,5.5,253.5,148.3,2.2,0.8,0.84,0
2345,2024,11,PIT,BAL,7,10,23.89,206.89,138.33,0.67,16.22,6.33,234.44,87.11,2.44,1.11,0.96,31.8,267.0,182.6,0.6,25.3,8.0,314.6,73.0,3.0,0.6,0.79,1
2346,2024,11,TEN,MIN,7,7,17.44,186.67,126.33,1.89,26.67,7.67,171.44,116.89,2.0,0.33,0.92,24.56,243.0,120.22,1.67,17.44,7.0,254.89,79.0,3.22,1.67,0.9,0
2347,2024,11,DEN,ATL,7,7,19.7,200.1,117.1,1.3,17.7,6.9,212.4,103.5,3.5,0.7,0.86,23.8,264.8,124.7,1.1,23.6,5.9,228.5,129.4,0.9,0.7,0.71,1
2348,2024,11,SF,SEA,7,14,25.89,272.67,149.67,1.11,22.44,5.67,208.89,106.22,2.44,1.11,0.86,23.33,288.33,91.22,1.33,24.56,8.33,234.56,139.44,2.22,0.67,0.8,0
2349,2024,11,BUF,KC,7,7,29.0,228.6,120.7,0.6,19.3,6.5,229.9,123.2,2.5,1.1,0.86,24.33,245.33,115.11,1.33,17.89,5.0,217.56,83.22,2.11,0.56,0.9,1
2350,2024,11,LAC,CIN,7,10,20.67,212.56,117.89,0.33,13.11,5.33,209.22,110.56,3.33,1.0,0.9,27.0,267.2,89.7,0.9,26.2,4.4,230.0,127.3,1.7,0.6,0.76,1
2351,2024,11,DAL,HOU,8,8,19.67,245.67,83.67,2.0,28.78,7.44,227.56,152.11,2.44,0.56,0.92,22.4,246.3,119.4,1.0,22.6,7.2,195.6,113.3,2.9,1.3,0.83,0
2352,2024,12,CLE,PIT,4,4,16.2,227.7,88.5,1.2,24.8,7.4,228.3,131.7,2.8,0.2,0.7,23.3,206.7,136.7,0.7,16.2,6.4,231.7,90.8,2.4,1.1,0.97,1
2353,2024,12,CAR,KC,14,7,16.7,180.9,110.0,1.6,31.0,7.2,233.9,160.1,1.2,0.5,0.92,24.0,240.4,111.4,1.4,19.1,5.1,222.0,85.3,1.9,0.6,0.9,0
2354,2024,12,CHI,MIN,7,7,19.4,201.6,115.2,0.7,18.7,6.3,213.7,130.3,2.5,0.9,0.82,24.4,243.3,116.4,1.6,17.0,6.6,258.9,74.4,3.4,1.6,0.9,0
2355,2024,12,HOU,TEN,6,7,23.45,247.27,121.36,1.0,21.45,7.36,210.36,108.82,3.09,1.27,0.84,17.0,197.5,117.0,1.8,26.3,8.2,178.9,113.4,2.0,0.3,0.93,0
2356,2024,12,IND,DET,7,7,21.45,220.09,118.55,1.64,22.73,5.45,247.18,143.09,2.27,0.73,0.86,33.6,258.1,152.2,1.0,17.7,6.2,249.6,94.8,2.5,1.4,1.0,0
2357,2024,12,MIA,NE,7,7,18.1,216.0,122.0,1.0,22.1,6.4,210.6,109.0,1.7,0.6,0.83,16.55,187.64,115.27,1.27,22.55,6.45,229.73,128.36,2.27,0.36,0.86,1
2358,2024,12,NYG,TB,14,14,15.6,207.6,119.9,1.3,22.2,5.4,207.0,147.1,3.6,0.1,0.81,27.9,250.5,125.3,1.2,26.6,6.1,283.5,125.2,2.8,0.5,0.94,0
2359,2024,12,WAS,DAL,10,6,28.0,231.0,148.0,0.36,22.09,5.73,200.64,150.45,2.64,0.36,0.88,18.7,256.9,81.7,1.9,29.3,7.6,230.5,151.0,2.3,0.6,0.88,0
2360,2024,12,LV,DEN,7,7,18.7,231.2,75.2,2.0,28.5,6.0,219.2,125.1,1.9,0.5,0.9,21.36,209.82,116.0,1.18,16.64,6.64,211.0,98.64,3.55,0.73,0.86,0
2361,2024,12,GB,SF,7,7,25.0,246.1,149.9,1.3,21.3,6.9,226.1,119.6,2.5,1.0,0.75,25.0,261.3,147.8,1.1,22.2,6.0,210.1,105.0,2.6,1.1,0.87,1
2362,2024,12,SEA,ARI,7,14,23.0,281.6,91.5,1.3,23.8,7.9,227.0,138.6,2.2,0.7,0.82,23.8,205.8,149.4,1.1,22.0,4.6,233.3,127.5,2.4,0.5,0.94,1
2363,2024,12,LA,PHI,7,10,21.3,255.7,95.4,1.1,23.9,5.7,245.4,127.3,2.7,1.0,0.8,25.9,220.2,181.3,1.0,17.9,6.2,192.3,99.9,2.8,0.7,0.74,0
2364,2024,12,LAC,BAL,8,8,22.0,221.0,121.6,0.4,14.5,5.3,223.9,110.5,3.3,0.9,0.91,30.36,261.55,177.27,0.82,24.64,8.36,304.64,77.45,3.09,0.64,0.73,0
2365,2024,13,DET,CHI,4,4,32.73,259.09,150.82,0.91,16.64,6.09,242.55,94.91,2.27,1.27,1.0,20.09,214.18,111.82,0.64,19.73,6.36,225.55,129.73,2.55,0.82,0.8,1
2366,2024,13,DAL,NYG,4,4,20.09,256.0,82.55,1.82,29.0,7.27,234.55,150.45,2.45,0.73,0.83,14.82,206.18,115.91,1.27,22.91,5.27,214.91,148.0,3.27,0.09,0.81,1
2367,2024,13,GB,MIA,4,4,26.18,238.55,151.64,1.18,20.27,6.73,223.64,112.73,2.45,1.0,0.76,19.55,225.18,116.82,1.0,21.45,6.09,211.64,106.91,1.91,0.64,0.84,1
2368,2024,13,KC,LV,5,5,24.55,243.0,116.27,1.27,19.82,5.55,225.73,85.27,1.91,0.55,0.91,18.73,240.0,74.64,2.0,28.55,5.82,224.09,119.45,1.82,0.45,0.92,1
2369,2024,13,ATL,LAC,14,6,22.18,258.64,117.91,1.09,24.91,5.91,235.64,127.18,0.91,0.64,0.73,22.09,220.73,118.09,0.36,15.91,5.45,219.64,119.73,3.09,0.82,0.92,0
2370,2024,13,CIN,PIT,14,10,27.0,275.27,91.55,0.82,26.91,4.73,236.09,129.82,1.73,0.55,0.71,22.91,212.45,135.18,0.73,16.91,6.36,230.55,90.27,2.27,1.09,0.94,0
2371,2024,13,JAX,HOU,14,7,18.91,207.36,101.64,1.36,28.73,5.73,290.18,135.45,1.91,0.45,0.94,23.75,247.25,114.58,1.08,22.33,7.67,216.0,110.75,3.5,1.25,0.82,0
2372,2024,13,MIN,ARI,7,7,24.91,252.45,117.09,1.55,17.91,6.45,266.27,74.73,3.36,1.45,0.92,22.18,213.0,140.27,1.09,21.45,4.64,235.18,121.82,2.64,0.55,0.9,1
2373,2024,13,NE,IND,7,7,16.42,190.5,112.83,1.33,23.5,6.75,237.0,123.08,2.25,0.33,0.83,20.17,216.08,116.67,1.5,22.83,5.83,249.0,142.58,2.33,0.67,0.88,0
2374,2024,13,NYJ,SEA,14,7,18.55,225.27,87.18,1.0,22.0,7.0,197.18,130.09,3.09,0.18,0.68,22.36,279.09,89.09,1.27,22.18,7.64,232.27,130.45,2.45,0.73,0.83,0
2375,2024,13,WAS,TEN,7,7,27.83,234.67,147.75,0.58,23.08,5.92,204.5,145.5,2.5,0.33,0.86,18.36,204.82,118.36,1.82,26.36,8.0,185.09,106.73,2.18,0.45,0.94,1
2376,2024,13,CAR,TB,7,7,17.64,188.36,107.73,1.45,30.91,7.36,237.09,160.55,1.55,0.45,0.94,28.09,254.45,128.18,1.18,24.82,5.91,275.18,120.73,2.91,0.45,0.94,0
2377,2024,13,NO,LA,14,7,23.82,228.27,130.73,1.0,23.64,6.45,270.91,134.18,2.27,1.09,0.95,21.18,254.55,95.09,1.09,25.09,5.55,239.36,144.27,2.55,0.91,0.76,0
2378,2024,13,BAL,PHI,6,7,30.33,254.5,180.17,0.75,24.5,8.42,297.42,77.92,3.17,0.58,0.74,26.91,216.45,193.36,0.91,18.09,6.0,196.91,99.18,3.0,0.64,0.77,0
2379,2024,13,BUF,SF,14,7,29.09,231.64,119.18,0.64,19.45,6.18,226.82,119.09,2.45,1.18,0.86,23.64,255.64,138.36,1.27,23.64,6.27,205.82,110.82,2.55,1.0,0.87,1
2380,2024,13,DEN,CLE,8,11,22.0,215.08,111.58,1.08,16.83,6.58,220.75,96.17,3.67,0.75,0.89,16.91,226.91,88.18,1.36,24.27,7.45,232.09,130.64,2.91,0.18,0.71,1
2381,2024,14,DET,GB,7,7,31.92,255.92,154.42,0.92,16.92,6.08,243.67,93.5,2.5,1.17,0.95,26.5,241.5,148.5,1.08,20.0,6.75,235.42,106.58,2.67,0.92,0.79,1
2382,2024,14,MIA,NYJ,10,7,19.33,236.83,110.33,0.92,22.17,6.42,216.83,107.5,1.75,0.58,0.85,18.75,221.92,87.33,1.08,22.33,7.42,197.92,126.25,3.08,0.17,0.68,1
2383,2024,14,MIN,ATL,7,7,24.75,251.0,113.0,1.5,18.25,6.17,265.75,81.33,3.17,1.5,0.89,21.42,257.5,117.75,1.33,24.25,5.58,228.5,121.25,1.25,0.58,0.72,1
2384,2024,14,NYG,NO,10,7,15.25,203.83,115.92,1.33,23.25,5.92,213.25,145.83,3.0,0.08,0.83,23.0,224.58,131.75,0.92,23.42,6.25,263.58,136.0,2.25,1.0,0.91,0
2385,2024,14,PHI,CAR,7,7,26.67,208.25,188.92,0.83,18.17,6.17,200.25,104.75,3.0,0.58,0.78,18.08,197.5,105.25,1.42,30.5,7.33,237.33,166.83,1.75,0.58,0.86,1
2386,2024,14,PIT,CLE,7,6,24.67,229.25,133.08,0.75,18.67,6.58,237.08,90.5,2.42,1.08,0.92,18.17,249.42,87.25,1.5,25.67,7.25,237.25,128.58,2.67,0.33,0.7,1
2387,2024,14,TB,LV,7,9,27.92,253.25,137.17,1.25,24.67,6.0,277.08,117.17,2.75,0.42,0.91,18.58,248.33,78.08,1.92,27.75,6.08,230.92,114.75,2.0,0.42,0.82,1
2388,2024,14,TEN,JAX,7,7,18.42,205.42,111.42,1.75,27.67,8.33,186.83,120.08,2.17,0.5,0.95,19.0,213.08,101.25,1.33,28.25,5.58,286.17,133.17,1.92,0.42,0.89,0
2389,2024,14,ARI,SEA,7,7,22.17,216.92,141.42,1.17,21.58,5.08,235.17,117.33,2.83,0.5,0.89,22.67,273.0,88.67,1.17,22.08,7.42,228.33,127.0,2.42,0.75,0.85,0
2390,2024,14,LA,BUF,7,7,21.17,248.58,100.17,1.0,24.17,5.33,234.75,144.17,2.33,0.83,0.76,29.58,225.0,127.58,0.58,18.67,6.08,215.75,121.92,2.33,1.08,0.83,1
2391,2024,14,SF,CHI,7,10,22.5,242.17,139.58,1.33,24.58,5.92,201.33,119.92,2.33,0.92,0.82,20.08,217.67,109.0,0.58,20.0,6.5,225.17,135.08,2.5,0.75,0.8,1
2392,2024,14,KC,LAC,9,7,24.08,248.25,111.83,1.17,19.58,5.67,235.25,87.83,2.0,0.5,0.89,21.67,214.83,112.92,0.42,15.67,5.58,221.75,119.42,2.92,1.08,0.93,1
2393,2024,14,DAL,CIN,11,8,20.67,250.92,85.83,1.67,28.25,7.17,229.83,147.58,2.75,0.75,0.84,27.92,278.08,91.67,1.0,28.33,5.25,250.92,128.17,1.75,0.58,0.73,0
2394,2024,15,SF,LA,4,4,23.69,248.54,138.92,1.31,23.69,6.0,196.62,115.92,2.62,0.85,0.83,22.92,254.08,103.0,0.92,25.54,5.62,243.0,141.0,2.15,0.77,0.77,0
2395,2024,15,CAR,DAL,7,6,17.92,197.0,106.23,1.38,29.85,7.31,227.38,170.08,1.92,0.54,0.87,20.62,245.69,91.23,1.62,28.15,6.92,240.54,141.92,2.69,0.77,0.85,0
2396,2024,15,CLE,KC,7,7,17.85,246.54,88.54,1.54,25.77,7.38,231.15,127.92,2.54,0.31,0.64,23.69,245.31,110.62,1.08,19.38,5.85,233.54,88.31,2.08,0.46,0.91,0
2397,2024,15,HOU,MIA,14,7,23.69,246.85,114.08,1.0,22.15,7.31,220.62,109.69,3.23,1.23,0.84,20.31,244.08,105.23,0.85,22.46,6.54,226.23,105.62,1.85,0.54,0.87,1
2398,2024,15,JAX,NYJ,7,7,18.31,213.62,98.92,1.38,26.54,5.54,277.08,132.62,1.92,0.38,0.9,19.31,230.92,87.0,1.0,23.08,7.62,208.15,119.92,2.85,0.15,0.74,0
2399,2024,15,NO,WAS,7,14,22.31,224.15,128.69,0.92,22.46,6.23,260.77,134.15,2.23,1.0,0.83,28.92,232.46,156.92,0.62,22.77,6.0,205.08,137.0,2.46,0.31,0.81,0
2400,2024,15,NYG,BAL,7,14,14.92,205.62,115.62,1.31,22.54,6.38,213.69,141.69,2.92,0.15,0.8,29.46,253.15,179.08,0.69,24.46,8.08,283.62,82.69,3.08,0.54,0.7,0
2401,2024,15,TEN,CIN,7,6,17.46,202.54,112.54,1.62,26.31,8.0,189.38,116.31,2.08,0.62,0.95,27.85,285.08,90.31,1.0,27.69,5.62,245.69,130.31,1.85,0.62,0.75,0
2402,2024,15,ARI,NE,7,14,21.85,220.15,139.85,1.23,22.23,5.15,235.0,121.85,2.62,0.46,0.86,17.0,194.15,119.54,1.31,23.62,6.77,227.15,124.69,2.08,0.46,0.79,1
2403,2024,15,DEN,IND,13,14,23.46,221.15,111.15,1.15,18.0,6.38,242.0,94.69,3.62,0.92,0.9,20.54,207.85,118.77,1.54,22.92,5.54,248.15,147.0,2.46,0.69,0.88,1
2404,2024,15,DET,BUF,10,7,32.08,258.0,151.08,0.92,18.0,6.15,240.77,93.92,2.38,1.08,0.95,30.54,234.0,125.69,0.54,20.62,6.15,223.77,123.08,2.15,1.0,0.83,0
2405,2024,15,LAC,TB,7,7,21.31,214.69,111.46,0.38,15.92,5.69,220.85,117.62,2.92,1.0,0.93,27.92,256.46,138.31,1.38,23.77,5.92,271.54,115.15,2.69,0.46,0.91,0
2406,2024,15,PHI,PIT,7,7,26.31,200.54,190.46,0.77,18.0,6.23,199.54,105.77,2.85,0.62,0.75,24.85,223.77,132.08,0.77,18.31,6.54,235.15,91.54,2.46,1.15,0.92,1
2407,2024,15,SEA,GB,7,10,23.23,269.92,95.38,1.08,21.77,7.54,230.69,126.54,2.38,0.85,0.87,26.85,238.77,144.69,1.08,21.08,6.77,239.08,106.92,2.54,0.92,0.79,0
2408,2024,15,MIN,CHI,8,8,26.08,258.38,113.15,1.38,18.46,6.15,271.77,87.23,3.0,1.54,0.86,19.54,211.69,105.85,0.62,21.38,6.15,232.85,134.77,2.38,0.77,0.8,1
2409,2024,15,LV,ATL,8,8,18.15,245.0,79.08,1.92,27.77,5.85,235.85,117.62,2.15,0.54,0.83,21.38,264.15,120.85,1.38,25.62,6.08,237.62,120.77,1.46,0.54,0.74,0
2410,2024,16,LAC,DEN,4,4,21.0,213.57,105.79,0.5,17.64,5.79,225.64,125.14,2.79,1.0,0.94,24.0,214.64,108.36,1.29,17.64,6.36,237.0,98.57,3.5,1.0,0.9,1
2411,2024,16,KC,HOU,6,6,23.5,240.57,112.14,1.0,18.5,5.71,228.57,91.93,2.29,0.71,0.88,23.43,238.57,111.43,1.0,21.43,7.29,218.86,105.57,3.21,1.36,0.85,1
2412,2024,16,BAL,PIT,6,6,29.86,255.79,178.43,0.71,23.71,8.36,277.0,80.71,3.07,0.57,0.7,24.0,216.93,126.64,0.79,18.93,6.43,239.07,94.36,2.5,1.07,0.93,1
2413,2024,16,ATL,NYG,6,7,20.93,253.29,124.21,1.36,24.43,6.07,235.5,116.79,1.64,0.64,0.74,14.86,204.57,111.29,1.29,23.43,6.36,219.14,143.71,2.93,0.14,0.8,1
2414,2024,16,CAR,ARI,7,7,17.64,198.57,102.93,1.57,29.86,7.36,226.43,173.0,1.86,0.5,0.87,22.43,221.0,141.5,1.14,21.86,5.07,232.64,121.43,2.57,0.5,0.88,1
2415,2024,16,CHI,DET,6,7,19.0,210.57,106.36,0.64,22.0,6.36,232.71,133.29,2.36,0.79,0.82,32.79,274.86,143.71,0.93,20.14,6.07,249.43,101.29,2.21,1.0,0.91,0
2416,2024,16,CIN,CLE,7,7,28.5,284.07,91.07,1.14,27.64,6.21,249.43,126.93,1.79,0.86,0.76,17.07,240.64,92.14,1.79,25.43,7.29,227.43,128.21,2.36,0.29,0.64,1
2417,2024,16,IND,TEN,7,7,20.0,205.29,120.93,1.79,23.5,5.71,239.71,141.64,2.36,0.86,0.89,18.14,209.36,110.43,1.93,27.07,8.29,195.21,115.21,2.0,0.71,0.95,1
2418,2024,16,NYJ,LA,7,10,20.21,235.07,89.71,0.93,23.21,7.64,214.29,121.07,2.79,0.29,0.72,22.14,247.36,105.79,0.86,24.14,5.5,235.79,135.43,2.21,0.79,0.81,0
2419,2024,16,WAS,PHI,7,7,28.29,232.0,155.5,0.57,22.5,6.21,205.07,132.14,2.5,0.36,0.8,26.36,206.93,186.21,0.79,17.64,6.29,194.43,102.21,2.79,0.57,0.77,1
2420,2024,16,SEA,MIN,7,6,22.5,263.0,94.29,1.14,22.36,7.36,230.57,127.5,2.21,0.79,0.88,26.36,256.43,113.21,1.36,18.0,6.43,266.36,89.07,2.93,1.43,0.88,0
2421,2024,16,BUF,NE,7,7,31.79,243.14,130.79,0.5,22.14,6.14,243.07,117.71,2.21,0.93,0.81,17.0,194.71,119.29,1.29,24.07,6.57,227.5,127.43,1.93,0.43,0.77,1
2422,2024,16,LV,JAX,6,7,17.5,242.36,78.07,2.0,26.86,5.93,227.0,121.21,2.21,0.57,0.84,18.79,219.36,101.57,1.43,26.93,5.71,277.93,132.07,1.86,0.36,0.92,1
2423,2024,16,MIA,SF,7,10,19.71,240.64,101.43,1.07,22.29,6.64,219.43,103.57,2.0,0.5,0.88,22.43,240.93,133.5,1.29,22.86,5.86,194.0,117.79,2.43,0.79,0.84,1
2424,2024,16,DAL,TB,7,7,21.29,243.43,99.79,1.57,27.14,7.43,239.0,136.07,2.93,0.86,0.84,28.79,258.71,144.36,1.43,23.29,6.07,266.36,109.21,2.71,0.5,0.93,1
2425,2024,16,GB,NO,8,8,27.07,238.07,144.36,1.07,20.5,6.64,234.36,105.0,2.86,1.0,0.81,22.07,222.79,124.43,0.93,22.29,6.07,258.29,134.36,2.64,0.93,0.85,1
2426,2024,17,PIT,KC,4,4,23.53,216.93,126.0,0.87,19.93,6.33,236.93,102.73,2.4,1.07,0.93,23.73,241.87,112.93,0.93,18.53,5.47,229.6,91.4,2.27,0.8,0.89,0
2427,2024,17,HOU,BAL,4,4,23.13,238.93,109.6,1.07,21.8,7.2,221.6,106.8,3.07,1.27,0.85,30.13,252.53,181.2,0.73,23.27,7.93,273.0,83.13,3.07,0.6,0.72,0
2428,2024,17,CHI,SEA,4,4,18.87,218.8,103.2,0.73,22.8,6.6,239.6,134.13,2.27,0.73,0.83,22.6,266.4,91.93,1.2,22.67,7.6,231.6,124.4,2.27,0.73,0.85,0
2429,2024,17,NE,LAC,6,9,17.27,199.13,119.73,1.4,24.07,6.47,222.6,130.4,1.87,0.47,0.77,21.87,218.27,106.53,0.53,18.27,5.53,228.13,124.13,2.73,0.93,0.94,0
2430,2024,17,CIN,DEN,6,9,28.2,281.93,92.73,1.13,26.2,6.13,243.27,128.33,2.0,0.93,0.74,24.2,217.87,108.47,1.2,18.73,6.4,240.13,99.8,3.4,1.0,0.91,1
2431,2024,17,LA,ARI,6,6,21.93,238.2,107.53,0.87,23.13,5.47,237.13,131.4,2.13,0.73,0.82,22.93,219.73,145.8,1.2,22.8,5.47,227.67,129.53,2.6,0.47,0.89,1
2432,2024,17,BUF,NYJ,7,7,31.27,237.2,133.53,0.53,22.07,6.6,244.27,118.27,2.13,0.93,0.81,19.47,236.47,88.73,0.93,22.93,7.67,207.33,121.8,2.6,0.33,0.7,1
2433,2024,17,JAX,TEN,7,7,18.47,221.2,99.6,1.47,26.4,5.87,276.53,127.87,1.87,0.33,0.92,18.93,212.2,107.4,2.0,27.8,8.0,190.93,129.87,1.93,0.73,0.91,1
2434,2024,17,NO,LV,6,7,20.6,218.13,120.6,1.0,23.07,6.13,255.47,137.93,2.47,0.87,0.85,17.6,243.33,77.47,1.87,26.0,6.0,228.33,117.93,2.13,0.53,0.82,0
2435,2024,17,NYG,IND,7,7,14.33,204.93,106.87,1.4,24.13,6.6,218.0,142.6,2.73,0.2,0.8,21.2,200.33,135.2,1.73,23.93,5.8,240.53,136.53,2.27,1.0,0.86,1
2436,2024,17,PHI,DAL,7,7,26.8,203.4,187.87,0.8,18.87,6.53,198.67,102.93,2.67,0.67,0.77,21.6,246.67,95.2,1.47,26.93,7.27,243.27,135.93,3.0,0.87,0.86,1
2437,2024,17,TB,CAR,7,7,28.47,261.67,143.67,1.47,23.47,6.07,268.07,104.0,2.6,0.47,0.93,18.87,195.87,112.27,1.47,29.87,7.47,224.8,175.2,1.93,0.53,0.88,1
2438,2024,17,CLE,MIA,7,7,16.33,235.07,95.87,1.87,25.33,7.13,229.07,127.4,2.47,0.27,0.64,20.33,238.93,105.73,1.0,21.93,6.6,225.67,102.07,2.07,0.53,0.89,0
2439,2024,17,MIN,GB,7,6,26.4,255.73,111.07,1.27,18.4,6.47,269.53,87.07,2.87,1.47,0.88,27.53,236.6,147.27,1.0,19.13,6.6,228.93,102.47,2.87,1.0,0.82,1
2440,2024,17,WAS,ATL,7,7,28.8,233.73,152.67,0.87,23.2,6.2,201.67,137.4,2.6,0.4,0.8,21.8,249.87,124.4,1.33,23.27,5.87,233.8,112.0,1.73,0.73,0.73,1
2441,2024,17,SF,DET,8,8,22.07,245.73,130.0,1.27,23.27,6.2,195.4,121.0,2.27,0.73,0.82,32.87,278.93,143.87,0.87,19.93,6.13,255.07,98.47,2.2,0.93,0.88,0
2442,2024,18,BAL,CLE,10,6,30.19,248.25,185.56,0.69,21.94,7.62,267.81,81.56,3.19,0.62,0.73,15.5,231.0,97.0,1.88,25.0,7.25,228.81,124.06,2.56,0.25,0.65,1
2443,2024,18,PIT,CIN,10,7,22.69,216.19,130.75,0.94,20.5,6.19,242.12,100.62,2.25,1.0,0.93,28.31,290.06,94.12,1.12,26.06,5.94,241.75,128.0,2.0,0.94,0.72,0
2444,2024,18,ATL,CAR,7,7,21.94,248.19,124.5,1.31,23.69,5.75,233.38,118.5,1.94,0.75,0.72,18.56,196.31,107.69,1.38,31.0,7.25,233.19,176.88,1.94,0.5,0.84,0
2445,2024,18,DAL,WAS,7,7,20.69,240.5,97.19,1.62,27.81,7.31,240.38,138.62,2.81,0.81,0.84,28.88,233.31,156.62,0.88,23.25,6.62,203.0,136.69,2.56,0.44,0.8,0
2446,2024,18,GB,CHI,7,10,27.38,233.38,144.56,1.0,19.62,6.62,238.19,100.38,2.75,1.0,0.83,17.88,212.75,103.19,0.75,21.75,6.44,234.62,133.38,2.31,0.69,0.83,0
2447,2024,18,IND,JAX,7,7,21.94,208.44,134.62,1.81,25.25,5.62,244.81,133.0,2.12,0.94,0.84,18.56,218.25,101.0,1.38,25.56,5.94,271.31,129.81,1.94,0.38,0.92,1
2448,2024,18,NE,BUF,8,7,16.62,193.88,118.25,1.38,25.06,6.5,226.25,131.44,1.75,0.44,0.77,31.81,238.06,131.25,0.5,21.56,6.62,241.19,117.88,2.25,1.0,0.82,1
2449,2024,18,PHI,NYG,7,7,27.69,203.0,187.31,0.75,18.12,6.38,195.5,104.44,2.56,0.75,0.79,16.25,211.44,105.19,1.31,24.69,6.62,225.0,141.56,2.69,0.31,0.81,1
2450,2024,18,TB,NO,7,7,29.69,267.75,147.31,1.38,22.88,6.0,264.0,99.94,2.75,0.44,0.93,19.94,218.12,118.12,1.06,23.19,6.38,254.62,139.06,2.38,0.81,0.85,1
2451,2024,18,TEN,HOU,7,11,18.56,211.0,110.62,1.94,27.31,7.81,189.88,129.38,1.94,0.69,0.92,21.81,235.88,106.38,1.06,22.38,7.06,219.25,115.81,2.94,1.19,0.85,0
2452,2024,18,ARI,SF,8,6,22.06,226.06,143.75,1.25,22.19,5.69,225.25,125.69,2.44,0.44,0.89,22.81,256.12,126.56,1.31,24.31,6.12,202.12,122.94,2.25,0.69,0.78,1
2453,2024,18,DEN,KC,8,11,24.19,217.94,109.38,1.19,19.44,6.44,250.88,100.75,3.62,0.94,0.91,24.06,246.75,110.19,0.88,18.0,5.69,228.06,98.31,2.44,0.81,0.89,1
2454,2024,18,LA,SEA,8,10,21.38,235.12,105.06,0.81,22.25,5.56,242.38,130.25,2.25,0.81,0.83,21.56,259.75,93.81,1.19,21.44,7.31,224.75,123.06,2.56,0.75,0.86,0
2455,2024,18,LV,LAC,7,8,18.06,243.25,82.38,1.75,25.0,5.81,227.69,115.62,2.25,0.62,0.84,23.0,222.19,109.06,0.5,17.56,5.56,221.06,122.38,2.81,0.88,0.95,0
2456,2024,18,NYJ,MIA,7,7,19.12,233.88,90.19,1.06,24.0,8.19,210.06,120.25,2.44,0.31,0.7,20.31,238.06,103.75,0.94,20.75,6.88,222.19,102.81,2.0,0.56,0.9,1
2457,2024,18,DET,MIN,6,7,33.31,280.44,144.38,0.81,20.81,6.12,264.88,97.0,2.19,1.0,0.89,26.44,263.31,108.44,1.25,18.81,6.5,264.25,88.12,2.88,1.38,0.84,1
