season,week,team,season_type,opponent_team,completions,attempts,passing_yards,passing_tds,passing_interceptions,sacks_suffered,sack_yards_lost,sack_fumbles,sack_fumbles_lost,passing_air_yards,passing_yards_after_catch,passing_first_downs,passing_epa,passing_cpoe,passing_2pt_conversions,carries,rushing_yards,rushing_tds,rushing_fumbles,rushing_fumbles_lost,rushing_first_downs,rushing_epa,rushing_2pt_conversions,receptions,targets,receiving_yards,receiving_tds,receiving_fumbles,receiving_fumbles_lost,receiving_air_yards,receiving_yards_after_catch,receiving_first_downs,receiving_epa,receiving_2pt_conversions,special_teams_tds,def_tackles_solo,def_tackles_with_assist,def_tackle_assists,def_tackles_for_loss,def_tackles_for_loss_yards,def_fumbles_forced,def_sacks,def_sack_yards,def_qb_hits,def_interceptions,def_interception_yards,def_pass_defended,def_tds,def_fumbles,def_safeties,misc_yards,fumble_recovery_own,fumble_recovery_yards_own,fumble_recovery_opp,fumble_recovery_yards_opp,fumble_recovery_tds,penalties,penalty_yards,timeouts,punt_returns,punt_return_yards,kickoff_returns,kickoff_return_yards,fg_made,fg_att,fg_missed,fg_blocked,fg_long,fg_pct,fg_made_0_19,fg_made_20_29,fg_made_30_39,fg_made_40_49,fg_made_50_59,fg_made_60_,fg_missed_0_19,fg_missed_20_29,fg_missed_30_39,fg_missed_40_49,fg_missed_50_59,fg_missed_60_,fg_made_list,fg_missed_list,fg_blocked_list,fg_made_distance,fg_missed_distance,fg_blocked_distance,pat_made,pat_att,pat_missed,pat_blocked,pat_pct,gwfg_made,gwfg_att,gwfg_missed,gwfg_blocked,gwfg_distance
2019,1,ARI,REG,DET,29,54,308,2,1,5,-33,0,0,567,64,16,-7.41579503399941,-9.87401770857665,1,23,112,0,0,0,3,-0.190084531437606,0,29,52,308,2,0,0,567,64,16,2.8606133444755,1,0,52,4,20,5,15,2,3,24,10,0,0,4,0,0,0,0,0,0,2,2,0,7,35,7,3,18,4,86,4,4,0,0,42,1,0,2,1,1,0,0,0,0,0,0,0,0,20;42;34;28,,,124,0,0,1,1,0,0,1,0,0,0,0,0
2019,1,ATL,REG,MIN,33,46,304,2,2,4,-32,4,0,360,118,16,-7.88009487980138,3.38206158743965,0,17,73,0,17,1,5,-7.79461754189106,0,33,45,304,2,33,0,360,118,16,-0.979245883499738,0,0,37,1,15,4,9,1,1,1,2,0,0,0,0,0,0,0,0,0,0,0,0,9,78,6,4,46,2,44,0,0,0,0,,,0,0,0,0,0,0,0,0,0,0,0,0,,,,0,0,0,0,0,0,0,,0,0,0,0,0
2019,1,BAL,REG,MIA,23,26,379,6,0,1,-1,0,0,262,161,17,37.989696403252,28.640442609787,0,46,265,2,0,0,10,4.39739331341116,0,23,25,379,6,0,0,262,161,17,39.1626481360724,0,0,27,0,8,6,26,0,3,11,12,2,14,9,0,0,0,0,0,0,1,1,0,4,40,1,2,29,1,9,1,1,0,0,34,1,0,0,1,0,0,0,0,0,0,0,0,0,34,,,34,0,0,8,8,0,0,1,0,0,0,0,0
2019,1,BUF,REG,NYJ,24,37,254,1,2,1,-12,1,1,324,103,11,-6.4907967883104,2.83644020557404,0,25,128,1,25,1,10,-1.31013300211634,0,24,35,254,1,24,0,324,103,11,0.624999085027953,0,0,39,1,27,5,19,0,4,20,9,0,0,8,0,0,0,0,0,1,1,1,0,7,55,6,1,10,0,0,1,1,0,0,43,1,0,0,0,1,0,0,0,0,0,0,0,0,43,,,43,0,0,2,2,0,0,1,0,0,0,0,0
2019,1,CAR,REG,LA,25,38,239,0,1,3,-23,3,0,238,114,13,-2.6027920807942,-1.81538341818629,0,23,127,3,23,1,8,0.330138950725602,0,25,37,239,0,25,1,238,114,13,-4.40948671273852,0,0,45,1,19,3,10,0,1,3,6,1,0,6,0,0,0,4,0,0,0,0,0,6,46,6,2,30,2,51,2,3,1,0,52,0.666666666666667,0,0,0,1,1,0,0,0,0,0,1,0,46;52,53,,98,53,0,3,3,0,0,1,0,0,0,0,0
2019,1,CHI,REG,GB,26,45,228,0,1,5,-20,0,0,378,98,10,-14.5811267793019,-8.31255736676129,0,15,46,0,0,0,3,-4.62534390250221,0,26,44,228,0,0,0,378,98,10,-4.57127842788617,0,0,41,0,4,9,47,1,5,37,7,0,0,5,0,0,0,0,0,0,0,0,0,10,107,3,4,36,0,0,1,1,0,0,38,1,0,0,1,0,0,0,0,0,0,0,0,0,38,,,38,0,0,0,0,0,0,,0,0,0,0,0
2019,1,CIN,REG,SEA,35,51,418,2,0,5,-23,5,2,381,186,18,8.67743584828683,3.13886598664887,0,14,34,0,14,0,1,-8.60143299351197,0,35,49,418,2,35,0,381,186,18,20.9423534304892,0,0,25,3,29,5,36,1,4,35,9,0,0,0,0,1,0,0,0,0,1,1,0,7,57,6,4,34,0,0,2,3,1,0,39,0.666666666666667,0,1,1,0,0,0,0,0,0,1,0,0,39;27,45,,66,45,0,2,2,0,0,1,0,0,0,0,0
2019,1,CLE,REG,TEN,25,38,285,1,3,5,-41,0,0,337,100,13,-17.7846495173872,-2.44915281471453,0,20,102,1,0,0,5,-4.38369102304569,0,25,38,285,1,0,0,337,100,13,-10.8063098694547,0,0,37,0,14,7,36,0,4,32,8,0,0,3,0,0,0,0,0,0,0,0,0,18,182,2,1,18,4,103,0,0,0,0,,,0,0,0,0,0,0,0,0,0,0,0,0,,,,0,0,0,1,2,1,0,0.5,0,0,0,0,0
2019,1,DAL,REG,NYG,25,32,405,4,0,0,0,0,0,301,173,18,30.2175261463854,8.91662715002894,0,30,89,1,0,0,5,-5.70865772955585,0,25,32,405,4,0,0,301,173,18,30.2175261463854,0,0,46,0,12,0,0,3,1,4,6,0,0,5,0,0,0,0,0,0,2,2,0,6,47,2,0,0,1,0,0,0,0,0,,,0,0,0,0,0,0,0,0,0,0,0,0,,,,0,0,0,5,5,0,0,1,0,0,0,0,0
2019,1,DEN,REG,LV,21,31,268,1,0,3,-19,3,0,243,104,11,7.57360420070697,4.53086753686269,0,23,95,0,23,0,4,-0.275933107972378,0,21,30,268,1,21,0,243,104,11,14.4335213238857,0,0,36,3,23,2,3,0,0,0,0,0,0,3,0,0,0,0,1,1,0,0,0,6,44,4,0,0,0,0,3,4,1,0,39,0.75,0,2,1,0,0,0,0,0,0,0,0,1,26;26;39,64,,91,64,0,1,1,0,0,1,0,0,0,0,0
2019,1,DET,REG,ARI,27,45,385,3,0,3,-24,3,1,518,157,17,11.4159767258144,4.01077524917882,0,32,116,0,32,0,5,-8.55172713584034,0,27,41,385,3,27,0,518,157,17,19.7484677570802,0,0,61,1,1,6,35,0,5,33,6,1,0,11,0,1,0,0,1,1,0,0,0,9,59,5,5,-2,3,48,2,2,0,0,55,1,0,0,1,0,1,0,0,0,0,0,0,0,55;33,,,88,0,0,3,3,0,0,1,0,0,0,0,0
2019,1,GB,REG,CHI,18,30,203,1,0,5,-37,5,0,300,87,10,-3.79053776798537,-0.9360205244135,0,22,47,0,22,0,1,-11.8474795587711,0,18,27,203,1,18,0,300,87,10,7.29529109119903,0,0,40,0,20,4,20,0,5,20,11,1,0,9,0,0,0,0,1,1,0,0,0,10,71,5,1,1,0,0,1,1,0,0,39,1,0,0,1,0,0,0,0,0,0,0,0,0,39,,,39,0,0,1,1,0,0,1,0,0,0,0,0
2019,1,HOU,REG,NO,20,30,268,3,1,6,-34,0,0,325,90,12,7.5706130945473,2.5812317585123,0,23,180,1,0,0,8,9.15255216433434,0,20,29,268,3,0,0,325,90,12,16.7045905449777,0,0,45,0,22,3,20,1,1,8,3,1,2,2,0,0,0,0,0,0,0,0,0,8,69,5,0,0,1,12,0,0,0,0,,,0,0,0,0,0,0,0,0,0,0,0,0,,,,0,0,0,4,4,0,0,1,0,0,0,0,0
2019,1,IND,REG,LAC,21,27,190,2,0,2,-17,2,0,158,98,9,6.56926578347592,10.5475855094415,0,33,203,1,33,0,14,10.3332055610809,1,21,27,190,2,21,0,158,98,9,9.84448861348464,0,0,34,3,23,4,13,1,4,23,8,1,26,3,0,0,0,0,1,2,1,1,0,3,10,4,1,5,2,44,1,3,2,0,44,0.333333333333333,0,0,0,1,0,0,0,1,0,1,0,0,44,46;29,,44,75,0,1,2,1,0,0.5,0,0,0,0,0
2019,1,JAX,REG,KC,27,33,350,3,1,1,-3,1,0,219,145,13,14.8937074142761,11.6923647396492,0,16,81,0,16,0,3,-0.535423611407168,0,27,33,350,3,27,1,219,145,13,11.7976305424255,0,0,52,0,2,3,3,0,0,0,4,0,0,0,0,0,0,0,0,0,0,0,0,10,71,4,0,0,2,38,2,2,0,0,37,1,0,1,1,0,0,0,0,0,0,0,0,0,37;23,,,60,0,0,2,2,0,0,1,0,0,0,0,0
2019,1,KC,REG,JAX,25,34,378,3,0,0,0,0,0,180,262,13,23.2586415012828,7.57877502371283,0,26,113,1,0,0,9,-2.65268057433423,0,25,34,378,3,0,0,180,262,13,23.2586415012828,0,0,33,1,19,2,5,1,1,3,2,1,5,3,0,0,0,0,0,0,1,1,0,5,55,2,1,0,2,45,4,4,0,0,46,1,0,2,1,1,0,0,0,0,0,0,0,0,28;25;46;35,,,134,0,0,4,4,0,0,1,0,0,0,0,0
2019,1,LA,REG,CAR,23,39,186,1,1,1,-3,1,0,273,96,12,-1.90106061918611,-4.55754689480129,0,32,166,2,32,0,10,2.03980232280446,0,23,38,186,1,23,0,273,96,12,0.944433634782245,0,0,37,1,33,4,24,2,3,23,5,1,26,3,0,0,0,0,1,2,2,2,0,5,43,3,2,19,0,0,3,4,1,0,56,0.75,0,1,0,1,1,0,0,0,0,1,0,0,49;56;27,41,,132,41,0,3,3,0,0,1,0,0,0,0,0
2019,1,LAC,REG,IND,25,34,333,3,1,4,-23,4,0,234,177,14,7.97574569242305,6.99395099106957,0,21,125,1,21,0,9,4.76531031075865,0,25,34,333,3,25,0,234,177,14,14.1765069982316,0,0,43,4,26,6,33,0,2,17,5,0,0,1,0,1,0,0,1,1,0,0,0,3,20,3,1,0,1,43,1,1,0,0,40,1,0,0,0,1,0,0,0,0,0,0,0,0,40,,,40,0,0,3,3,0,0,1,0,0,0,0,0
2019,1,LV,REG,DEN,22,26,259,1,0,0,0,0,0,214,108,11,17.3034097644268,15.2564688370778,0,28,98,2,0,0,8,-2.33701559304835,0,22,26,259,1,0,0,214,108,11,17.3034097644268,0,0,29,5,29,5,18,1,3,19,4,0,0,3,0,0,0,0,0,0,0,0,0,9,62,3,1,9,2,101,1,1,0,0,29,1,0,1,0,0,0,0,0,0,0,0,0,0,29,,,29,0,0,3,3,0,0,1,0,0,0,0,0
2019,1,MIA,REG,BAL,15,32,190,1,2,3,-11,3,0,419,51,10,-5.82510830040136,-7.94196659699082,0,12,21,0,12,0,1,-5.8192007659236,0,15,32,190,1,15,0,419,51,10,-2.04305163442203,0,0,43,1,41,1,5,0,1,1,2,0,0,1,0,1,0,0,0,0,0,0,0,9,64,5,1,0,3,59,1,1,0,0,54,1,0,0,0,0,1,0,0,0,0,0,0,0,54,,,54,0,0,1,1,0,0,1,0,0,0,0,0
2019,1,MIN,REG,ATL,8,10,98,1,0,1,-1,1,0,51,42,4,8.41886515065562,17.1852575408088,0,38,172,3,38,0,11,-0.849612782709301,0,8,9,98,1,8,0,51,42,4,9.79594997037202,0,0,50,4,12,7,35,1,4,32,7,2,0,8,0,0,0,0,2,3,1,1,0,11,100,5,0,0,1,13,0,0,0,0,,,0,0,0,0,0,0,0,0,0,0,0,0,,,,0,0,0,4,4,0,0,1,0,0,0,0,0
2019,1,NE,REG,PIT,25,37,373,3,0,1,-7,0,0,280,174,15,18.9241948179074,0.164950941060038,0,29,99,0,0,0,9,-3.08934802096337,0,25,37,373,3,0,0,280,174,15,20.654441412102,0,0,31,10,14,0,0,1,1,0,3,1,0,9,0,0,0,0,0,0,0,0,0,7,55,3,2,35,2,35,4,4,0,0,41,1,0,1,2,1,0,0,0,0,0,0,0,0,25;41;35;39,,,140,0,0,3,3,0,0,1,0,0,0,0,0
2019,1,NO,REG,HOU,32,43,370,2,1,1,-8,1,0,295,134,19,13.2039218625049,11.0774933527677,0,21,148,1,21,0,6,2.45527942571038,0,32,39,370,2,32,0,295,134,19,16.7486788177459,0,0,41,0,12,6,29,0,6,34,12,1,0,2,0,0,0,0,1,1,0,0,0,7,48,6,3,20,2,36,3,4,1,0,58,0.75,0,0,1,1,1,0,0,0,0,0,1,0,32;47;58,56,,137,56,0,3,3,0,0,1,1,1,0,0,58
2019,1,NYG,REG,DAL,33,48,323,1,0,1,-4,1,1,314,161,16,2.02879788517247,2.92724967002869,0,17,151,1,17,1,8,6.3572509495425,0,33,44,323,1,33,0,314,161,16,11.7151817013532,0,0,40,0,18,2,6,0,0,0,2,0,0,3,0,0,0,0,1,1,0,0,0,8,70,6,2,7,2,46,1,1,0,0,28,1,0,1,0,0,0,0,0,0,0,0,0,0,28,,,28,0,0,2,2,0,0,1,0,0,0,0,0
2019,1,NYJ,REG,BUF,28,41,175,1,0,4,-20,4,0,223,104,12,-3.57028540506756,-1.92462482103487,1,21,68,0,21,0,4,-3.13006541086361,0,28,41,175,1,28,0,223,104,12,4.28305089062748,1,0,35,1,25,3,5,1,1,12,9,2,21,6,1,0,1,0,0,1,2,2,0,8,67,6,0,0,1,10,0,1,1,0,,0,0,0,0,0,0,0,0,0,0,1,0,0,,45,,0,45,0,0,1,1,0,0,0,0,0,0,0
2019,1,PHI,REG,WAS,28,39,313,3,0,1,0,0,0,343,94,13,17.3898390172039,6.81747503769703,0,31,123,1,0,0,11,-2.00958058510139,1,28,39,313,3,0,0,343,94,13,17.6990787812032,0,0,37,1,11,3,19,0,1,10,8,0,0,6,0,0,0,0,0,0,0,0,0,6,55,3,4,46,0,0,1,1,0,0,22,1,0,1,0,0,0,0,0,0,0,0,0,0,22,,,22,0,0,3,3,0,0,1,0,0,0,0,0
2019,1,PIT,REG,NE,27,47,276,0,1,1,0,1,0,465,140,11,-8.18487056917839,-8.07663430558874,0,13,32,0,13,0,1,-5.39141632069368,0,27,47,276,0,27,0,465,140,11,-8.03821284483748,0,0,37,17,19,4,16,0,1,7,5,0,0,0,0,0,0,0,2,2,0,0,0,6,54,2,0,0,2,43,1,1,0,0,19,1,1,0,0,0,0,0,0,0,0,0,0,0,19,,,19,0,0,0,0,0,0,,0,0,0,0,0
2019,1,SEA,REG,CIN,14,20,195,2,0,4,-35,4,0,197,96,6,4.02602304017637,12.2026619158293,0,25,72,1,25,0,4,-6.72019329670002,0,14,19,195,2,14,1,197,96,6,5.49615298188292,0,0,41,5,21,4,19,4,5,23,4,0,0,6,0,0,0,0,0,0,3,3,0,8,55,4,0,0,1,21,0,0,0,0,,,0,0,0,0,0,0,0,0,0,0,0,0,,,,0,0,0,3,3,0,0,1,0,0,0,0,0
2019,1,SF,REG,TB,18,27,166,1,1,1,-8,1,0,156,107,7,0.130202456110198,-3.15554406907823,1,32,98,0,32,0,7,-7.06555120815756,0,18,27,166,1,18,1,156,107,7,-0.707155095214915,1,0,41,3,15,4,20,2,3,20,6,3,57,9,2,0,0,0,0,0,1,1,0,11,87,3,0,0,0,0,3,4,1,0,47,0.75,0,1,1,1,0,0,0,0,0,0,1,0,29;36;47,57,,112,57,0,2,2,0,0,1,0,0,0,0,0
2019,1,TB,REG,SF,20,36,194,1,3,3,-20,3,0,315,90,10,-23.019776935342,-6.33511758025955,0,26,121,0,26,0,8,1.51934912556317,0,20,34,194,1,20,1,315,90,10,-19.1707871591789,0,0,39,3,15,3,11,0,1,8,1,1,15,2,1,0,0,0,2,3,1,1,0,8,87,2,1,0,3,60,1,1,0,0,31,1,0,0,1,0,0,0,0,0,0,0,0,0,31,,,31,0,0,2,2,0,0,1,0,0,0,0,0
2019,1,TEN,REG,CLE,14,24,248,3,0,4,-32,0,0,145,173,9,6.29200074955966,-7.21303932368755,0,28,123,1,0,0,7,-2.0242910849629,0,14,24,248,3,0,0,145,173,9,12.1893468661621,0,0,46,0,14,5,35,0,5,41,7,3,66,6,1,0,1,0,0,0,0,0,0,6,54,2,0,0,3,50,2,2,0,0,53,1,0,0,1,0,1,0,0,0,0,0,0,0,37;53,,,90,0,0,5,5,0,0,1,0,0,0,0,0
2019,1,WAS,REG,PHI,30,44,380,3,0,1,-10,0,0,324,186,15,21.7490923073532,3.69069437647975,0,13,28,0,0,0,1,-6.44129432784393,0,30,43,380,3,0,0,324,186,15,23.5691022510913,0,0,48,0,14,6,18,0,1,0,4,0,0,3,0,0,0,0,0,0,0,0,0,12,96,5,1,11,3,46,2,2,0,0,48,1,0,0,0,2,0,0,0,0,0,0,0,0,41;48,,,89,0,0,3,3,0,0,1,0,0,0,0,0
2019,2,ARI,REG,BAL,25,40,349,0,0,3,-20,3,0,312,162,12,10.3353428887514,4.409263303151,1,11,20,1,11,0,3,-4.49021062269458,0,25,37,349,0,25,0,312,162,12,16.6564828361193,1,0,45,6,22,7,25,1,2,14,2,0,0,5,0,0,0,0,1,2,0,0,0,8,70,6,1,0,4,59,3,3,0,0,22,1,0,3,0,0,0,0,0,0,0,0,0,0,22;21;21,,,64,0,0,0,0,0,0,,0,0,0,0,0
2019,2,ATL,REG,PHI,27,43,320,3,3,1,-10,1,0,399,164,15,1.73720726598805,-4.19687102007311,0,17,57,0,17,0,3,-2.58901969296858,0,27,43,320,3,27,0,399,164,15,3.82992889121925,0,0,49,3,15,6,23,1,3,18,10,2,10,6,0,0,0,0,1,1,1,1,0,10,58,5,3,12,0,0,1,2,1,0,50,0.5,0,0,0,0,1,0,0,0,0,0,1,0,50,50,,50,50,0,3,3,0,0,1,0,0,0,0,0
2019,2,BAL,REG,ARI,24,37,272,2,0,2,-14,2,0,396,83,16,8.93264992868931,2.07652790205819,0,33,182,0,33,0,10,-2.18790990125854,0,24,35,272,2,24,0,396,83,16,12.7508847514021,0,0,34,2,12,6,29,0,3,20,8,0,0,2,0,0,0,0,2,3,0,0,0,10,62,3,3,45,2,46,3,3,0,0,51,1,0,1,1,0,1,0,0,0,0,0,0,0,33;28;51,,,112,0,0,2,2,0,0,1,0,0,0,0,0
2019,2,BUF,REG,NYG,19,30,253,1,0,3,-16,0,0,269,89,13,6.323321487871,1.44328198262623,0,34,151,3,0,0,9,4.56495437081321,0,19,28,253,1,0,0,269,89,13,14.6208177378285,0,0,38,5,21,2,11,1,1,9,3,2,0,9,0,0,0,0,0,0,0,0,0,9,65,2,2,6,0,0,0,0,0,0,,,0,0,0,0,0,0,0,0,0,0,0,0,,,,0,0,0,4,4,0,0,1,0,0,0,0,0
2019,2,CAR,REG,TB,25,51,333,0,0,3,-20,3,0,555,90,16,-4.10572229950049,-10.6006414914618,0,19,39,0,19,1,3,-13.0756553677614,0,25,49,333,0,25,0,555,90,16,1.86961703279284,0,0,31,2,34,5,20,0,3,19,9,0,0,1,0,2,1,0,2,2,0,0,0,5,50,6,4,39,1,21,4,4,0,0,54,1,0,0,2,0,2,0,0,0,0,0,0,0,32;37;54;51,,,174,0,0,0,0,0,0,,0,0,0,0,0
2019,2,CHI,REG,DEN,16,27,120,0,0,0,0,0,0,212,71,7,-0.122646622664183,-10.1610986170945,0,29,153,1,0,0,7,1.34154373800921,0,16,27,120,0,0,0,212,71,7,-0.122646622664183,0,0,53,0,20,3,13,0,2,10,6,1,8,6,0,0,0,0,0,0,0,0,0,7,65,6,1,7,0,0,3,3,0,0,53,1,0,0,0,1,2,0,0,0,0,0,0,0,40;52;53,,,145,0,0,1,1,0,0,1,1,1,0,0,53
2019,2,CIN,REG,SF,26,42,311,2,1,4,-20,4,0,315,190,11,5.91409715588645,-4.14349216790426,0,19,25,0,19,0,4,-7.74151986597435,0,26,42,311,2,26,0,315,190,11,11.2215739611767,0,0,39,0,34,1,6,0,0,0,2,1,19,2,0,0,0,0,1,2,0,0,0,7,60,1,0,0,5,114,1,2,1,0,37,0.5,0,0,1,0,0,0,0,0,0,0,1,0,37,52,,37,52,0,2,2,0,0,1,0,0,0,0,0
2019,2,CLE,REG,NYJ,19,35,325,1,1,3,-20,0,0,344,167,10,2.11298482008211,-5.06309922784567,0,21,70,1,0,0,3,-4.15341469296254,0,19,32,325,1,0,0,344,167,10,9.65215547502376,0,0,39,2,30,5,33,1,4,32,7,0,0,1,0,0,0,0,0,0,1,1,0,9,85,4,4,48,1,23,3,3,0,0,48,1,0,1,0,2,0,0,0,0,0,0,0,0,23;48;43,,,114,0,0,2,2,0,0,1,0,0,0,0,0
2019,2,DAL,REG,WAS,26,30,269,3,1,1,-8,0,0,257,95,12,12.4214931601892,18.4025470415751,0,34,213,1,0,0,11,6.16017143480713,0,26,30,269,3,0,0,257,95,12,14.6455368524185,0,0,35,2,14,2,17,0,1,13,3,0,0,3,0,0,0,0,0,0,0,0,0,8,67,2,2,4,1,11,1,1,0,0,25,1,0,1,0,0,0,0,0,0,0,0,0,0,25,,,25,0,0,4,4,0,0,1,0,0,0,0,0
2019,2,DEN,REG,CHI,35,50,292,1,1,2,-10,0,0,251,132,19,8.05582137383905,-0.37909322977066,1,24,90,0,0,0,7,-4.63063561200397,0,35,50,292,1,0,0,251,132,19,10.5043777956293,1,0,38,0,14,3,11,0,0,0,2,0,0,5,0,0,0,0,0,0,0,0,0,10,81,4,4,35,0,0,2,2,0,0,43,1,0,0,1,1,0,0,0,0,0,0,0,0,43;32,,,75,0,0,0,0,0,0,,0,0,0,0,0
2019,2,DET,REG,LAC,22,30,245,2,2,0,0,0,0,310,80,12,4.73803765910214,4.25742626190186,0,28,94,0,0,0,7,-4.43117500806693,0,22,30,245,2,0,0,310,80,12,4.73803765910214,0,0,34,3,23,1,4,1,1,6,4,1,0,5,0,0,0,0,0,0,1,1,0,8,71,0,4,17,0,0,0,1,1,0,,0,0,0,0,0,0,0,0,0,0,1,0,0,,40,,0,40,0,1,2,1,0,0.5,0,0,0,0,0
2019,2,GB,REG,MIN,22,34,209,2,0,2,-18,2,0,259,106,12,5.12158939987421,7.40893319729836,0,33,144,1,33,1,8,-8.32962779438822,0,22,31,209,2,22,1,259,106,12,4.75434288859833,0,0,39,1,13,2,3,3,1,7,5,2,5,6,0,0,0,0,0,1,2,2,0,6,35,2,2,0,0,0,0,0,0,0,,,0,0,0,0,0,0,0,0,0,0,0,0,,,,0,0,0,3,3,0,0,1,0,0,0,0,0
2019,2,HOU,REG,JAX,16,29,159,0,0,4,-22,4,0,371,35,9,-5.80758851283966,-6.03450475067928,0,30,126,1,30,0,8,-0.941008044930641,0,16,29,159,0,16,0,371,35,9,-0.472764091513025,0,0,39,9,17,3,26,3,4,35,7,0,0,3,0,0,0,0,2,3,1,1,0,7,47,4,1,5,0,0,2,2,0,0,39,1,0,1,1,0,0,0,0,0,0,0,0,0,39;22,,,61,0,0,1,1,0,0,1,0,0,0,0,0
2019,2,IND,REG,TEN,17,28,146,3,1,3,-25,3,1,140,104,8,-4.74686445886619,-4.16682431331048,0,34,167,0,34,0,11,3.419781847595,0,17,26,146,3,17,0,140,104,8,3.88900589605328,0,0,36,6,20,5,36,2,4,35,5,0,0,1,0,0,0,0,0,0,0,0,0,8,65,4,4,42,2,38,0,0,0,0,,,0,0,0,0,0,0,0,0,0,0,0,0,,,,0,0,0,1,3,2,0,0.333333333333333,0,0,0,0,0
2019,2,JAX,REG,HOU,23,33,213,1,0,4,-35,4,1,212,111,10,-6.44329307108174,-0.567848032171078,0,21,103,0,21,0,5,1.0569267471293,0,23,33,213,1,23,0,212,111,10,3.91846802234894,0,0,36,1,27,4,28,0,3,16,7,0,0,4,0,0,0,0,2,2,0,0,0,9,70,3,4,9,1,20,2,2,0,0,40,1,0,0,1,1,0,0,0,0,0,0,0,0,40;32,,,72,0,0,0,0,0,0,,0,0,0,0,0
2019,2,KC,REG,LV,30,44,443,4,0,2,-7,2,1,557,138,18,25.7527276350302,8.08640996163542,0,22,31,0,22,0,3,-13.1641667605727,0,30,44,443,4,30,0,557,138,18,32.0632786510396,0,0,37,7,15,4,20,3,3,20,5,2,10,6,0,0,0,0,0,0,0,0,0,10,114,4,6,48,2,37,0,0,0,0,,,0,0,0,0,0,0,0,0,0,0,0,0,,,,0,0,0,4,4,0,0,1,0,0,0,0,0
2019,2,LA,REG,NO,19,28,283,1,0,3,-18,3,1,200,146,11,7.71502874295396,0.479662844112943,0,30,115,2,30,0,7,1.08219489644468,0,19,28,283,1,19,0,200,146,11,13.9344995943683,0,0,32,4,22,5,32,1,2,16,3,1,0,7,0,0,0,0,0,0,0,0,0,8,65,2,2,42,0,0,2,2,0,0,24,1,0,2,0,0,0,0,0,0,0,0,0,0,24;22,,,46,0,0,3,3,0,0,1,0,0,0,0,0
2019,2,LAC,REG,DET,21,36,293,0,1,1,-6,1,0,378,94,13,0.919868745519679,-5.2240926027298,0,25,137,1,25,1,6,-2.81476845563157,0,21,35,293,0,21,0,378,94,13,5.07795364638356,0,0,36,3,29,1,2,0,0,0,1,2,0,2,0,0,0,0,0,0,0,0,0,9,70,5,1,0,2,47,1,3,2,0,39,0.333333333333333,0,0,1,0,0,0,0,0,1,1,0,0,39,39;41,,39,80,0,1,1,0,0,1,0,0,0,0,0
2019,2,LV,REG,KC,23,38,198,1,2,3,-20,3,0,252,119,12,-12.7790478968527,-6.86942532255843,0,19,129,0,19,0,5,3.86003616858741,0,23,37,198,1,23,0,252,119,12,-8.44468214339577,0,0,49,7,11,7,22,1,2,7,3,0,0,2,0,0,0,0,2,2,1,1,0,7,52,3,2,10,1,30,1,1,0,0,29,1,0,1,0,0,0,0,0,0,0,0,0,0,29,,,29,0,0,1,1,0,0,1,0,0,0,0,0
2019,2,MIA,REG,NE,18,39,186,0,4,7,-44,0,0,478,61,7,-40.4753586986335,-16.1023933918048,0,15,42,0,0,0,3,-4.17692382913083,0,18,39,186,0,0,0,478,61,7,-30.2175960429013,0,0,38,2,32,2,9,1,2,9,3,0,0,3,0,0,0,0,0,0,1,1,0,4,22,5,2,5,1,39,0,0,0,0,,,0,0,0,0,0,0,0,0,0,0,0,0,,,,0,0,0,0,0,0,0,,0,0,0,0,0
2019,2,MIN,REG,GB,14,32,230,1,2,1,-7,1,1,335,115,6,-13.4167368755825,-10.9726111094157,0,27,198,1,27,0,8,9.31425948406104,0,14,27,230,1,14,0,335,115,6,-3.99064779873333,0,0,49,1,17,7,32,1,2,18,9,0,0,4,0,3,0,0,2,2,2,2,0,8,100,5,4,25,0,0,1,2,1,0,31,0.5,0,0,1,0,0,0,0,0,0,1,0,0,31,47,,31,47,0,1,2,0,1,0.5,0,0,0,0,0
2019,2,NE,REG,MIA,20,28,264,2,0,2,-9,2,0,264,91,13,15.9714057895707,9.01764311960765,0,35,124,2,35,1,11,-3.71091049924144,0,20,28,264,2,20,0,264,91,13,18.989167209098,0,0,34,1,19,7,42,0,7,44,12,4,128,12,2,0,0,0,0,0,0,0,0,5,54,3,3,9,0,0,1,2,1,0,28,0.5,0,1,0,0,0,0,0,0,0,1,0,0,28,48,,28,48,0,4,6,2,0,0.666666666666667,0,0,0,0,0
2019,2,NO,REG,LA,20,35,203,0,1,2,-16,2,0,251,106,11,-3.91138090268211,-7.9803409986198,0,20,57,0,20,0,2,-7.9844208530671,0,20,32,203,0,20,0,251,106,11,2.84174101026295,0,0,38,3,19,4,23,1,3,18,6,0,0,0,0,0,0,0,1,1,1,1,0,11,87,4,3,34,0,0,3,3,0,0,52,1,0,0,1,1,1,0,0,0,0,0,0,0,34;52;42,,,128,0,0,0,0,0,0,,0,0,0,0,0
2019,2,NYG,REG,BUF,26,45,250,1,2,1,-9,1,0,359,89,14,-8.68127586946024,-7.07296478477391,0,20,129,1,20,0,7,4.3306149825803,0,26,44,250,1,26,0,359,89,14,-6.73568862650676,0,0,37,6,28,1,5,0,3,16,6,0,0,1,0,0,0,0,1,1,0,0,0,7,40,5,3,75,2,40,0,1,1,0,,0,0,0,0,0,0,0,0,0,0,1,0,0,,48,,0,48,0,2,2,0,0,1,0,0,0,0,0
2019,2,NYJ,REG,CLE,23,31,201,0,0,4,-32,4,0,165,131,6,-10.5234264092287,6.01568073034287,0,24,93,0,24,0,4,-5.51904992989759,0,23,30,201,0,23,1,165,131,6,-8.96867145493161,0,0,33,0,28,6,23,0,3,20,6,1,13,7,0,0,0,0,0,0,0,0,0,12,89,0,1,5,3,50,1,1,0,0,46,1,0,0,0,1,0,0,0,0,0,0,0,0,46,,,46,0,0,0,0,0,0,,0,0,0,0,0
2019,2,PHI,REG,ATL,28,48,255,1,2,3,-18,3,0,432,80,11,-3.24318023902866,-5.26363485037012,1,21,49,1,21,0,5,-4.26544553604606,0,28,47,255,1,28,0,432,80,11,1.81150688581704,1,0,39,0,16,4,24,1,1,10,6,3,14,10,0,0,0,0,0,0,0,0,0,7,60,6,1,8,5,125,2,2,0,0,41,1,0,0,1,1,0,0,0,0,0,0,0,0,34;41,,,75,0,0,0,0,0,0,,0,0,0,0,0
2019,2,PIT,REG,SEA,20,34,187,2,1,1,-7,1,0,261,96,10,-6.73623203509971,-9.07284319400787,0,16,81,1,16,0,5,2.84645557799377,0,20,34,187,2,20,0,261,96,10,-4.33786765602901,0,0,42,15,25,5,23,1,4,26,7,0,0,3,0,1,0,0,1,1,2,2,0,5,78,5,2,12,0,0,2,2,0,0,41,1,0,0,1,1,0,0,0,0,0,0,0,0,41;33,,,74,0,0,2,2,0,0,1,0,0,0,0,0
2019,2,SEA,REG,PIT,29,35,300,3,0,4,-26,4,0,256,146,15,13.4962411046514,14.36804660729,0,33,151,1,33,2,11,-12.4243186463136,0,29,35,300,3,29,0,256,146,15,20.867589299895,0,0,28,6,12,2,11,0,1,7,2,1,0,3,0,0,0,0,0,0,0,0,0,10,93,4,2,10,2,23,0,1,1,0,,0,0,0,0,0,0,0,0,0,0,0,1,0,,58,,0,58,0,4,4,0,0,1,0,0,0,0,0
2019,2,SF,REG,CIN,18,26,312,3,1,0,0,0,0,187,220,14,17.8523924456582,3.70558580526939,0,42,259,2,0,0,15,11.9809282390052,0,18,26,312,3,0,0,187,220,14,17.8523924456582,0,0,36,0,32,9,30,0,4,20,7,1,0,8,0,0,0,0,0,0,0,0,0,9,75,4,2,4,1,13,2,3,1,0,38,0.666666666666667,0,0,2,0,0,0,0,0,1,0,0,0,33;38,39,,71,39,0,5,5,0,0,1,0,0,0,0,0
2019,2,TB,REG,CAR,16,25,208,1,0,3,-19,3,0,305,72,9,4.6964943532214,8.19216418266296,0,31,100,1,31,0,6,-2.30619755975204,0,16,25,208,1,16,0,305,72,9,8.27729455869053,0,0,37,1,29,5,25,1,3,20,6,0,0,5,0,1,0,0,1,1,1,1,0,12,66,1,3,21,0,0,2,3,1,0,40,0.666666666666667,0,0,1,1,0,0,0,0,0,1,0,0,40;32,42,,72,42,0,2,2,0,0,1,0,0,0,0,0
2019,2,TEN,REG,IND,19,28,154,1,0,4,-35,4,0,149,71,7,-3.92266806429339,0.853672852882976,0,24,124,1,24,0,9,-0.912771216605491,0,19,26,154,1,19,0,149,71,7,2.85631791985361,0,0,38,8,24,3,12,0,2,7,4,1,0,5,0,0,0,0,2,2,1,1,0,5,75,3,2,26,1,26,1,2,1,0,49,0.5,0,0,0,1,0,0,0,0,0,1,0,0,49,45,,49,45,0,2,2,0,0,1,0,0,0,0,0
2019,2,WAS,REG,DAL,26,37,221,2,0,1,-13,0,0,224,102,12,6.97902713692747,0.247645700300061,0,17,47,1,0,0,4,-1.73927354472107,0,26,37,221,2,0,0,224,102,12,8.69029837823473,0,0,42,8,26,4,12,0,1,8,2,1,23,3,0,0,0,0,0,0,0,0,0,6,44,4,1,9,1,20,0,0,0,0,,,0,0,0,0,0,0,0,0,0,0,0,0,,,,0,0,0,3,3,0,0,1,0,0,0,0,0
2019,3,ARI,REG,CAR,30,43,173,2,2,8,-46,0,0,242,113,9,-15.1796698944523,-2.34445950814656,0,22,121,0,0,0,10,8.74592954857508,0,30,42,173,2,0,0,242,113,9,-5.43443959497344,0,0,38,1,23,1,10,2,2,21,3,0,0,2,0,0,0,0,0,0,1,1,0,7,52,4,2,20,1,19,2,2,0,0,47,1,0,0,1,1,0,0,0,0,0,0,0,0,34;47,,,81,0,0,2,2,0,0,1,0,0,0,0,0
2019,3,ATL,REG,IND,29,34,304,3,1,0,0,0,0,292,92,17,21.2982144468441,20.6807138341846,0,20,93,0,0,0,6,0.263850399642251,0,29,33,304,3,0,0,292,92,17,22.0184629195719,0,0,39,8,14,5,15,0,1,10,5,0,0,3,0,0,0,0,0,0,0,0,0,16,128,6,1,10,2,45,1,1,0,0,34,1,0,0,1,0,0,0,0,0,0,0,0,0,34,,,34,0,0,3,3,0,0,1,0,0,0,0,0
2019,3,BAL,REG,KC,22,43,267,0,0,3,-18,0,0,483,130,14,0.612516381453513,-8.35318839134172,0,32,203,4,0,0,16,16.0875828765859,0,22,43,267,0,0,0,483,130,14,4.17333021129901,0,0,43,2,12,4,16,2,1,11,8,0,0,1,0,0,0,0,0,0,0,0,0,7,60,5,0,0,2,47,1,1,0,0,39,1,0,0,1,0,0,0,0,0,0,0,0,0,39,,,39,0,0,1,1,0,0,1,0,0,0,0,0
2019,3,BUF,REG,CIN,23,36,243,1,1,1,-2,1,0,302,122,12,0.566333367610733,6.3244463819446,1,36,175,1,36,1,11,-2.2054123726557,0,23,33,243,1,23,0,302,122,12,6.49139559269455,1,0,37,4,6,8,20,2,2,10,3,2,1,7,0,0,0,0,1,1,2,2,0,7,55,5,3,4,1,23,2,3,1,0,45,0.666666666666667,0,0,1,1,0,0,0,0,0,0,0,1,34;45,62,,79,62,0,1,1,0,0,1,0,0,0,0,0
2019,3,CAR,REG,ARI,19,26,261,4,0,2,-21,2,1,215,109,14,13.6543864541163,10.9635823965073,0,31,173,1,31,0,4,0.179822470374607,0,19,25,261,4,19,0,215,109,14,22.5501702187758,0,0,58,2,6,10,50,0,8,46,9,2,25,4,0,0,0,0,1,1,0,0,0,3,35,2,1,0,2,36,1,1,0,0,36,1,0,0,1,0,0,0,0,0,0,0,0,0,36,,,36,0,0,5,5,0,0,1,0,0,0,0,0
2019,3,CHI,REG,WAS,25,31,231,3,1,3,-23,0,0,162,120,15,8.87398387921845,11.5711948563976,0,24,90,0,0,0,2,-3.42774877266053,0,25,31,231,3,0,0,162,120,15,13.2400422948353,0,0,47,3,19,2,22,3,4,45,8,3,96,5,1,0,0,0,0,0,2,2,0,9,59,3,1,3,2,52,1,2,1,0,38,0.5,0,0,1,0,0,0,0,0,0,1,0,0,38,44,,38,44,0,4,4,0,0,1,0,0,0,0,0
2019,3,CIN,REG,BUF,20,36,250,1,2,2,-10,2,0,285,113,12,-1.97169592870663,-8.08347235707676,0,19,66,1,19,0,4,-1.40973904120619,0,20,34,250,1,20,2,285,113,12,-5.33881886238263,0,0,49,7,19,4,8,2,1,2,8,1,27,3,0,0,0,0,0,0,1,1,0,8,54,3,2,8,2,37,1,1,0,0,43,1,0,0,0,1,0,0,0,0,0,0,0,0,43,,,43,0,0,2,2,0,0,1,0,0,0,0,0
2019,3,CLE,REG,LA,18,36,195,1,1,3,-20,3,0,253,83,11,-4.86186800689355,-11.179205687607,0,24,95,0,24,0,4,-5.67141204146901,0,18,34,195,1,18,0,253,83,11,0.175756069231667,0,0,37,0,18,4,16,1,2,14,3,2,15,6,0,0,0,0,1,1,1,1,0,8,60,3,0,0,1,12,2,2,0,0,35,1,0,1,1,0,0,0,0,0,0,0,0,0,23;35,,,58,0,0,1,1,0,0,1,0,0,0,0,0
2019,3,DAL,REG,MIA,19,32,246,2,1,1,-5,0,0,413,105,12,5.03624964607664,0.220669706662495,0,34,235,2,0,0,15,9.77250729547814,0,19,30,246,2,0,0,413,105,12,7.42487245161103,0,0,37,0,22,3,18,2,3,18,10,0,0,10,0,0,0,0,0,0,1,1,0,8,100,3,1,13,0,0,1,2,1,0,28,0.5,0,1,0,0,0,0,0,0,0,0,1,0,28,55,,28,55,0,4,4,0,0,1,0,0,0,0,0
2019,3,DEN,REG,GB,20,29,213,0,1,6,-52,6,1,132,129,12,-6.33964527044336,0.583640166691374,0,38,149,2,38,0,9,3.80734400969232,0,20,28,213,0,20,1,132,129,12,2.60852151480503,0,0,31,1,13,5,10,0,0,0,1,0,0,2,0,0,0,0,0,0,0,0,0,3,27,5,1,3,1,60,1,1,0,0,30,1,0,0,1,0,0,0,0,0,0,0,0,0,30,,,30,0,0,1,2,1,0,0.5,0,0,0,0,0
2019,3,DET,REG,PHI,18,32,201,1,0,0,0,0,0,306,50,11,5.25333054895931,-1.8824115395546,0,28,86,1,0,0,5,-3.95180542342132,0,18,32,201,1,0,0,306,50,11,5.25333054895931,0,1,37,2,30,3,13,2,3,13,6,0,0,8,0,0,0,0,0,0,2,2,0,9,61,2,1,24,1,100,2,3,0,1,33,0.666666666666667,0,1,1,0,0,0,0,0,0,0,0,0,25;33,,46,58,0,46,3,3,0,0,1,0,0,0,0,0
2019,3,GB,REG,DEN,17,29,235,1,0,0,0,0,0,258,77,8,6.42095100870167,-4.59757270636382,0,23,77,2,0,0,7,1.94233508586433,0,17,27,235,1,0,0,258,77,8,8.63848499874396,0,0,45,1,35,7,48,2,6,52,7,1,0,3,0,0,0,0,0,0,2,2,0,7,53,4,0,0,0,0,2,3,1,0,42,0.666666666666667,0,0,0,2,0,0,0,0,0,1,0,0,42;41,45,,83,45,0,3,3,0,0,1,0,0,0,0,0
2019,3,HOU,REG,LAC,25,34,351,3,0,2,-14,2,0,283,165,15,20.5352200177017,8.21573681691114,0,19,39,1,19,1,4,-8.17025889625074,0,25,34,351,3,25,0,283,165,15,23.9023907138484,0,0,48,1,15,8,36,1,5,25,13,0,0,5,0,0,0,0,1,1,1,1,0,6,65,5,2,34,0,0,0,1,1,0,,0,0,0,0,0,0,0,0,0,0,0,1,0,,56,,0,56,0,3,4,1,0,0.75,0,0,0,0,0
2019,3,IND,REG,ATL,28,37,310,2,0,1,-10,0,0,206,167,15,17.4653342214016,6.688408801953,0,24,79,1,0,0,7,-5.38462396035902,0,28,36,310,2,0,0,206,167,15,20.7476655525471,0,0,39,6,12,4,11,0,0,0,4,1,0,1,0,0,0,0,0,0,0,0,0,4,39,4,0,0,1,31,2,2,0,0,49,1,0,1,0,1,0,0,0,0,0,0,0,0,49;21,,,70,0,0,3,3,0,0,1,0,0,0,0,0
2019,3,JAX,REG,TEN,20,30,204,2,0,0,0,0,0,213,75,8,1.49907222675315,-0.599859853585561,0,20,88,0,0,0,2,-6.054417548934,0,20,30,204,2,0,0,213,75,8,1.49907222675315,0,0,41,1,29,10,55,2,9,55,13,0,0,4,0,0,0,0,0,0,1,1,0,4,30,2,2,11,0,0,2,2,0,0,48,1,0,0,0,2,0,0,0,0,0,0,0,0,40;48,,,88,0,0,2,2,0,0,1,0,0,0,0,0
2019,3,KC,REG,BAL,27,37,374,3,0,1,-11,1,0,326,190,14,16.3033408778849,12.120127422469,0,25,140,1,25,0,10,-0.140163284318987,0,27,35,374,3,27,0,326,190,14,20.733027649416,0,0,47,0,16,2,17,0,3,18,6,0,0,5,0,0,0,0,3,4,0,0,0,4,31,4,1,9,0,0,2,2,0,0,42,1,0,0,1,1,0,0,0,0,0,0,0,0,42;36,,,78,0,0,3,4,1,0,0.75,0,0,0,0,0
2019,3,LA,REG,CLE,24,38,268,2,2,2,-14,2,1,390,70,16,2.09812849693682,3.25223474126113,0,24,90,0,24,0,3,0.699318744998891,0,24,38,268,2,24,0,390,70,16,7.57755727795867,0,0,35,0,26,4,22,1,3,20,3,1,0,8,0,0,0,0,0,0,0,0,0,7,49,5,2,0,0,0,2,3,1,0,53,0.666666666666667,0,0,1,0,1,0,0,0,0,1,0,0,53;37,48,,90,48,0,2,2,0,0,1,0,0,0,0,0
2019,3,LAC,REG,HOU,31,46,318,2,0,5,-25,5,1,471,161,17,4.1119333372646,5.0184357425441,0,18,73,0,18,0,4,-2.70438607253931,0,31,46,318,2,31,0,471,161,17,13.6369739694366,0,0,34,2,16,4,12,0,2,14,7,0,0,3,0,0,0,0,0,0,1,1,0,7,69,5,2,-1,1,23,2,2,0,0,43,1,0,0,1,1,0,0,0,0,0,0,0,0,34;43,,,77,0,0,2,2,0,0,1,0,0,0,0,0
2019,3,LV,REG,MIN,27,34,242,2,1,4,-28,4,0,211,105,14,0.123491124826639,8.33353318951346,0,20,88,0,20,0,3,-2.89682321314467,0,27,33,242,2,27,0,211,105,14,8.24872048583347,0,0,39,4,22,0,0,0,0,0,3,0,0,2,0,1,0,0,1,1,0,0,0,7,84,2,2,0,0,0,0,1,1,0,,0,0,0,0,0,0,0,0,0,0,0,1,0,,51,,0,51,0,2,2,0,0,1,0,0,0,0,0
2019,3,MIA,REG,DAL,20,41,229,0,0,3,-18,3,0,389,90,12,-7.9758347303244,-14.905479841116,0,24,72,0,24,1,2,-11.9677741405404,0,20,41,229,0,20,0,389,90,12,-3.03539315996326,0,0,42,1,15,1,5,0,1,5,4,1,21,4,0,4,0,0,0,0,0,0,0,5,35,2,2,1,1,26,2,3,1,0,33,0.666666666666667,0,1,1,0,0,0,0,0,0,1,0,0,22;33,47,,55,47,0,0,0,0,0,,0,0,0,0,0
2019,3,MIN,REG,LV,15,21,174,1,0,0,0,0,0,100,103,8,8.0768003711067,-0.225749760866165,0,38,211,3,38,0,12,4.4166672193858,0,15,20,174,1,15,0,100,103,8,9.79679174353926,0,0,43,2,12,5,29,0,4,28,5,1,13,1,0,1,0,0,1,1,0,0,0,6,59,3,3,21,1,25,2,2,0,0,50,1,0,1,0,0,1,0,0,0,0,0,0,0,50;24,,,74,0,0,4,4,0,0,1,0,0,0,0,0
2019,3,NE,REG,NYJ,30,45,320,2,1,1,-7,1,0,305,146,17,1.52407090197084,1.37232756891916,0,27,68,2,27,0,3,-6.26097135046771,0,30,43,320,2,30,0,305,146,17,4.90514610754326,0,0,16,17,23,4,24,0,5,29,10,1,24,4,0,1,0,0,0,0,0,0,0,8,70,2,8,44,0,0,1,1,0,0,37,1,0,0,1,0,0,0,0,0,0,0,0,0,37,,,37,0,0,3,4,1,0,0.75,0,0,0,0,0
2019,3,NO,REG,SEA,19,27,177,2,0,0,0,0,0,95,135,9,9.24206363240955,-3.07458098287936,0,23,88,1,23,0,4,-4.05460322888382,0,19,27,177,2,19,0,95,135,9,9.24206363240955,0,1,43,6,26,2,7,1,0,0,3,0,0,3,0,1,0,0,0,0,1,1,1,11,70,4,3,53,3,60,0,0,0,0,,,0,0,0,0,0,0,0,0,0,0,0,0,,,,0,0,0,3,4,1,0,0.75,0,0,0,0,0
2019,3,NYG,REG,TB,23,36,336,2,0,5,-24,5,2,348,154,11,4.79272456595671,3.92869156267908,1,19,72,2,19,0,6,2.23365255940007,0,23,36,336,2,23,0,348,154,11,18.4841401492641,1,0,47,2,28,4,25,0,4,25,10,1,13,4,0,1,0,0,1,1,0,0,0,6,59,5,1,13,1,22,1,1,0,0,36,1,0,0,1,0,0,0,0,0,0,0,0,0,36,,,36,0,0,3,3,0,0,1,0,0,0,0,0
2019,3,NYJ,REG,NE,12,22,98,0,1,5,-29,0,0,145,62,4,-16.7998934881762,-14.2508100379597,0,20,36,0,0,0,1,-12.4522722272668,0,12,22,98,0,0,0,145,62,4,-10.5452841671649,0,0,48,10,14,6,26,0,1,7,4,1,61,2,1,0,0,0,0,0,1,1,1,5,67,3,0,0,0,0,0,0,0,0,,,0,0,0,0,0,0,0,0,0,0,0,0,,,,0,0,0,2,2,0,0,1,0,0,0,0,0
2019,3,PHI,REG,DET,19,36,259,2,0,3,-13,3,0,399,83,11,3.07731543969265,-8.22750449180603,0,30,127,1,30,1,6,-6.97085305611836,0,19,36,259,2,19,1,399,83,11,-0.978029445813547,0,0,38,1,9,3,4,0,0,0,4,0,0,6,0,0,0,18,1,1,0,0,0,4,30,4,1,2,3,54,1,1,0,0,25,1,0,1,0,0,0,0,0,0,0,0,0,0,25,,,25,0,0,3,3,0,0,1,0,0,0,0,0
2019,3,PIT,REG,SF,14,27,174,2,1,2,-14,2,0,156,140,5,-6.57889419388874,-11.5648129811654,0,22,79,0,22,1,5,-7.39589798702274,0,14,26,174,2,14,0,156,140,5,-3.80544688100844,0,0,58,6,12,4,33,1,1,9,8,2,21,5,0,0,0,0,1,1,3,3,0,6,42,3,1,0,2,42,2,2,0,0,46,1,0,1,0,1,0,0,0,0,0,0,0,0,46;26,,,72,0,0,2,2,0,0,1,0,0,0,0,0
2019,3,SEA,REG,NO,32,50,406,2,0,0,0,0,0,562,102,18,9.74299844127381,9.16591704539631,0,26,108,2,26,1,5,-12.2315164186584,0,32,46,406,2,32,0,562,102,18,11.6921865460754,0,0,17,10,40,0,0,0,0,0,2,0,0,2,0,0,0,0,0,0,1,1,0,7,53,4,3,12,2,47,0,0,0,0,,,0,0,0,0,0,0,0,0,0,0,0,0,,,,0,0,0,3,3,0,0,1,0,0,0,0,0
2019,3,SF,REG,PIT,23,32,277,1,2,1,-9,1,0,257,91,14,3.58501747978153,10.5734645358978,0,40,168,2,40,2,12,-15.2957147125692,0,23,31,277,1,23,0,257,91,14,6.00663586752489,0,0,37,2,14,4,18,2,2,14,5,1,4,4,0,0,0,0,1,3,1,1,0,5,71,4,5,53,2,48,1,1,0,0,24,1,0,1,0,0,0,0,0,0,0,0,0,0,24,,,24,0,0,3,3,0,0,1,0,0,0,0,0
2019,3,TB,REG,NYG,23,37,380,3,1,4,-25,0,0,472,95,16,9.44122230473821,6.67740197645294,0,32,144,0,0,0,6,-1.34644299700905,0,23,36,380,3,0,0,472,95,16,15.505779281599,0,0,33,1,23,5,22,2,5,24,12,0,0,3,0,0,0,0,0,0,2,2,0,4,30,4,5,9,0,0,4,5,1,0,52,0.8,0,2,0,1,1,0,0,0,1,0,0,0,47;27;52;23,34,,149,34,0,1,3,1,1,0.333333333333333,0,1,1,0,34
2019,3,TEN,REG,JAX,23,40,304,0,0,9,-55,9,0,431,61,15,-6.71572751371423,-0.796426283685787,0,26,91,1,26,0,7,-1.32557577354601,0,23,38,304,0,23,0,431,61,15,8.54791027290048,0,0,29,3,19,3,8,0,0,0,2,0,0,3,0,1,0,0,2,2,0,0,0,9,101,5,1,0,1,25,0,0,0,0,,,0,0,0,0,0,0,0,0,0,0,0,0,,,,0,0,0,1,1,0,0,1,0,0,0,0,0
2019,3,WAS,REG,CHI,30,43,332,2,3,4,-45,4,1,251,183,20,-11.4188100349258,1.08318257899511,0,21,69,0,21,1,2,-7.49709767679451,0,30,42,332,2,30,0,251,183,20,0.263979937794153,0,0,41,5,23,3,26,0,3,23,3,1,2,1,0,0,0,0,1,1,0,0,0,9,61,4,2,15,3,102,1,2,1,0,35,0.5,0,0,1,0,0,0,0,0,0,1,0,0,35,43,,35,43,0,0,0,0,0,,0,0,0,0,0
2019,4,ARI,REG,SEA,22,32,241,0,1,4,-35,0,0,164,164,12,-8.28857801046995,-1.02678706248601,0,23,115,1,0,0,7,1.77035742192503,0,22,30,241,0,0,0,164,164,12,0.0398325989807091,0,0,39,10,22,6,21,3,4,15,5,0,0,2,0,0,0,0,0,0,0,0,0,7,44,4,1,1,0,0,1,3,2,0,33,0.333333333333333,0,0,1,0,0,0,0,0,0,2,0,0,33,43;48,,33,91,0,1,1,0,0,1,0,0,0,0,0
2019,4,ATL,REG,TEN,35,53,397,0,0,5,-33,5,1,468,174,17,-4.73463474223719,-0.300011515617371,0,17,58,1,17,0,5,-5.19892816193169,0,35,50,397,0,35,0,468,174,17,12.5159735641541,0,0,26,1,51,6,11,3,0,0,4,0,0,0,0,0,0,0,0,0,0,0,0,7,50,5,1,2,2,42,1,2,1,0,42,0.5,0,0,0,1,0,0,0,0,1,0,0,0,42,32,,42,32,0,1,1,0,0,1,0,0,0,0,0
2019,4,BAL,REG,CLE,24,34,247,3,2,4,-25,4,0,268,110,12,-1.75517500425086,5.74041975267006,0,29,173,0,29,1,12,2.38341929779574,1,24,33,247,3,24,0,268,110,12,4.19182712491273,0,0,39,4,16,4,11,0,1,5,1,1,3,7,0,0,0,0,1,2,0,0,0,3,15,3,1,14,5,101,1,1,0,0,41,1,0,0,0,1,0,0,0,0,0,0,0,0,41,,,41,0,0,2,2,0,0,1,0,0,0,0,0
2019,4,BUF,REG,NE,22,44,280,0,4,5,-40,5,0,509,111,13,-19.7151734246615,-8.35702288441542,0,22,135,1,22,0,6,0.829735450679436,0,22,41,280,0,22,0,509,111,13,-10.7920183370588,0,0,29,13,15,2,4,1,0,0,4,1,0,5,0,0,0,0,2,2,0,0,0,8,76,6,6,48,2,71,1,2,1,0,46,0.5,0,0,0,1,0,0,0,0,0,1,0,0,46,49,,46,49,0,1,1,0,0,1,0,0,0,0,0
2019,4,CAR,REG,HOU,24,34,232,0,0,3,-29,3,3,278,142,15,-7.51519248513455,4.6443934693481,0,28,94,1,28,0,3,-5.96036754249537,0,24,33,232,0,24,0,278,142,15,11.9222442174685,0,0,37,2,24,5,24,1,6,32,10,1,37,4,0,0,0,0,0,0,1,1,0,6,35,5,1,0,2,48,3,3,0,0,55,1,0,1,0,1,1,0,0,0,0,0,0,0,48;55;26,,,129,0,0,1,1,0,0,1,0,0,0,0,0
2019,4,CHI,REG,MIN,24,33,204,1,0,1,-7,0,0,205,45,11,6.91621697049625,3.52585008650115,0,33,72,0,0,0,4,-11.2384535364248,0,24,33,204,1,0,0,205,45,11,8.35583658570461,0,0,46,0,12,5,44,3,6,51,6,0,0,2,0,0,0,0,0,0,2,2,0,7,50,5,1,16,0,0,3,3,0,0,38,1,0,1,2,0,0,0,0,0,0,0,0,0,25;38;30,,,93,0,0,1,1,0,0,1,0,0,0,0,0
2019,4,CIN,REG,PIT,21,37,171,0,1,8,-69,8,1,205,80,9,-26.1784448902382,-10.2341757052475,0,19,73,0,19,0,5,1.11787405854557,0,21,36,171,0,21,0,205,80,9,-8.87211641170696,0,0,32,10,22,3,9,1,0,0,0,0,0,0,0,0,0,0,0,0,1,1,0,8,60,3,0,0,2,44,1,1,0,0,28,1,0,1,0,0,0,0,0,0,0,0,0,0,28,,,28,0,0,0,0,0,0,,0,0,0,0,0
2019,4,CLE,REG,BAL,20,31,342,1,1,1,-5,0,0,225,249,12,14.4364945436544,-2.36802524135959,0,29,193,4,0,0,8,9.22504645565641,0,20,31,342,1,0,0,225,249,12,16.5711420806772,0,0,48,4,20,6,33,1,4,25,6,2,0,3,0,0,0,0,0,0,1,1,0,6,41,3,0,0,3,43,2,2,0,0,43,1,0,1,0,1,0,0,0,0,0,0,0,0,24;43,,,67,0,0,4,4,0,0,1,0,0,0,0,0
2019,4,DAL,REG,NO,22,33,223,0,1,1,-11,1,0,316,51,8,2.05404586176239,5.55915246407191,0,20,45,1,20,1,4,-5.95461472973693,0,22,30,223,0,22,1,316,51,8,-1.01376880891537,0,0,50,1,17,7,47,0,5,44,6,1,0,3,0,0,0,0,0,0,0,0,0,6,64,4,2,14,0,0,1,1,0,0,28,1,0,1,0,0,0,0,0,0,0,0,0,0,28,,,28,0,0,1,1,0,0,1,0,0,0,0,0
2019,4,DEN,REG,JAX,22,38,303,3,1,0,0,0,0,321,168,15,4.68122519414682,-2.44228039469038,0,16,68,0,16,0,3,-2.38224379770691,0,22,35,303,3,22,0,321,168,15,8.54568290793613,0,0,49,0,28,5,27,1,5,27,12,0,0,3,0,1,0,0,1,1,0,0,0,5,48,3,2,10,3,69,1,1,0,0,33,1,0,0,1,0,0,0,0,0,0,0,0,0,33,,,33,0,0,3,3,0,0,1,0,0,0,0,0
2019,4,DET,REG,KC,21,34,291,3,0,4,-30,4,1,407,118,17,4.87811220980092,0.754722487181425,0,35,186,0,35,1,8,-11.9528395862435,0,21,32,291,3,21,0,407,118,17,17.7768129518372,0,0,50,3,7,2,3,4,0,0,3,0,0,3,0,0,0,0,0,0,3,3,0,8,48,4,1,-1,2,29,3,3,0,0,53,1,0,1,0,1,1,0,0,0,0,0,0,0,25;48;53,,,126,0,0,3,3,0,0,1,0,0,0,0,0
2019,4,GB,REG,PHI,34,53,422,2,1,1,-8,1,1,371,214,19,13.148053970032,4.23766380670119,0,20,77,1,20,0,4,-0.811070157797076,0,34,49,422,2,34,0,371,214,19,20.4722295341385,0,0,34,0,24,0,0,0,0,0,2,0,0,2,0,0,0,0,0,0,0,0,0,5,50,4,1,0,2,45,2,2,0,0,31,1,0,0,2,0,0,0,0,0,0,0,0,0,30;31,,,61,0,0,3,3,0,0,1,0,0,0,0,0
2019,4,HOU,REG,CAR,21,34,160,0,1,6,-32,6,1,314,95,7,-23.322572889797,-5.1150812767446,0,22,136,1,22,0,8,5.2437444470792,0,21,32,160,0,21,0,314,95,7,-11.747560408142,0,0,40,6,30,3,11,3,3,29,5,0,0,5,0,0,0,0,0,0,3,3,0,7,81,4,1,18,0,0,1,2,1,0,37,0.5,0,0,1,0,0,0,0,0,0,0,1,0,37,52,,37,52,0,1,1,0,0,1,0,0,0,0,0
2019,4,IND,REG,LV,24,46,265,3,1,0,0,0,0,484,121,14,1.61711893237607,-13.3410751171734,0,23,81,0,23,0,4,-1.70770847040694,0,24,46,265,3,24,1,484,121,14,-1.47487574325696,0,0,44,8,12,4,8,0,1,0,1,0,0,3,0,1,0,0,1,1,1,1,0,5,35,2,3,35,1,18,1,2,1,0,26,0.5,0,1,0,0,0,0,0,0,0,0,1,0,26,57,,26,57,0,3,3,0,0,1,0,0,0,0,0
2019,4,JAX,REG,DEN,19,33,213,2,0,5,-27,5,0,358,87,12,3.07527083142683,-1.06147639453411,0,38,269,0,38,0,11,9.5738880745905,0,19,32,213,2,19,0,358,87,12,11.9828113951536,0,0,27,2,22,0,0,0,0,0,3,1,31,4,0,0,0,0,1,1,0,0,0,12,104,5,2,5,0,0,4,4,0,0,40,1,0,1,2,1,0,0,0,0,0,0,0,0,25;40;34;33,,,132,0,0,2,2,0,0,1,1,1,0,0,33
2019,4,KC,REG,DET,24,42,315,0,0,0,0,0,0,502,161,16,9.03345108290446,-1.92143282829187,0,25,123,3,25,1,8,4.08192971220706,0,24,39,315,0,24,1,502,161,16,4.29840886480065,0,0,54,0,16,6,34,2,4,30,6,0,0,8,0,1,0,0,1,1,2,2,1,7,51,4,2,3,6,142,2,3,1,0,44,0.666666666666667,0,1,0,1,0,0,0,0,1,0,0,0,23;44,36,,67,36,0,4,4,0,0,1,0,0,0,0,0
2019,4,LA,REG,TB,45,68,517,2,3,2,-27,2,1,472,231,27,-2.88101656955254,-1.89624770599253,0,11,28,2,11,0,3,-1.56009448744589,0,45,68,517,2,45,0,472,231,27,7.93338427174352,0,0,35,8,38,5,14,0,2,9,5,1,32,5,1,0,0,0,0,0,0,0,0,13,106,6,0,0,1,22,2,2,0,0,58,1,0,0,0,1,1,0,0,0,0,0,0,0,58;44,,,102,0,0,4,4,0,0,1,0,0,0,0,0
2019,4,LAC,REG,MIA,25,31,317,2,0,1,-6,1,0,244,139,16,21.528239720765,16.625924607118,0,33,79,1,33,0,8,-6.47277576930355,0,25,30,317,2,25,0,244,139,16,22.8080341449552,0,0,37,1,13,6,19,2,5,19,8,1,0,1,0,0,0,0,1,2,0,0,0,10,89,5,1,1,1,12,3,3,0,0,51,1,0,0,0,2,1,0,0,0,0,0,0,0,44;45;51,,,140,0,0,3,3,0,0,1,0,0,0,0,0
2019,4,LV,REG,IND,21,31,189,2,0,1,0,1,0,176,102,11,7.45498667055911,3.97584342530796,0,32,188,1,32,1,11,0.719970212492626,0,21,28,189,2,21,0,176,102,11,10.2576060351956,0,0,42,5,7,4,9,1,0,0,3,1,30,10,1,0,0,0,0,1,1,1,0,11,80,5,2,4,2,33,1,1,0,0,26,1,0,1,0,0,0,0,0,0,0,0,0,0,26,,,26,0,0,4,4,0,0,1,0,0,0,0,0
2019,4,MIA,REG,LAC,17,24,180,1,1,5,-19,5,0,152,99,9,-4.72217990272277,1.16838353375594,0,18,72,0,18,0,3,-1.23097197135212,0,17,24,180,1,17,0,152,99,9,1.72996281372087,0,0,42,1,23,3,8,0,1,6,3,0,0,3,0,0,0,0,2,2,0,0,0,5,53,4,0,0,5,112,1,3,2,0,30,0.333333333333333,0,0,1,0,0,0,0,0,0,0,2,0,30,50;52,,30,102,0,1,1,0,0,1,0,0,0,0,0
2019,4,MIN,REG,CHI,27,36,233,0,0,6,-51,6,1,203,110,9,-10.0962200400971,3.06301866258894,0,16,40,1,16,0,4,-0.794654952478595,0,27,35,233,0,27,1,203,110,9,1.78437221214711,0,0,53,0,10,5,17,0,1,7,4,0,0,3,0,0,0,0,1,1,0,0,0,7,55,4,4,12,0,0,0,0,0,0,,,0,0,0,0,0,0,0,0,0,0,0,0,,,,0,0,0,0,0,0,0,,0,0,0,0,0
2019,4,NE,REG,BUF,18,39,150,0,1,0,0,0,0,289,90,6,-15.8617641881545,-12.7356064670226,0,23,74,1,23,0,5,-0.468355098215397,0,18,34,150,0,18,0,289,90,6,-10.6810474668135,0,1,49,7,11,6,41,2,5,40,6,4,50,6,0,0,0,11,0,0,0,0,0,8,58,2,0,0,2,43,1,1,0,0,23,1,0,1,0,0,0,0,0,0,0,0,0,0,23,,,23,0,0,1,2,1,0,0.5,0,0,0,0,0
2019,4,NO,REG,DAL,23,30,193,0,1,5,-44,0,0,195,82,6,-7.74818924689461,3.2350899775823,0,27,117,0,0,0,10,-0.80047478597566,0,23,30,193,0,0,0,195,82,6,1.06560213835236,0,0,33,2,18,2,13,2,1,11,7,1,1,4,0,0,0,0,0,0,2,2,0,9,80,4,1,23,1,29,4,4,0,0,42,1,1,1,0,2,0,0,0,0,0,0,0,0,40;42;19;26,,,127,0,0,0,0,0,0,,0,0,0,0,0
2019,4,NYG,REG,WAS,23,31,225,1,2,0,0,0,0,167,161,13,6.41395817243028,2.42533808754336,0,37,164,1,37,2,7,-10.1323573323607,0,23,31,225,1,23,0,167,161,13,6.41395817243028,0,0,24,3,31,1,2,0,3,23,8,4,49,8,1,2,0,0,2,2,0,0,0,5,45,3,4,8,0,0,1,1,0,0,30,1,0,0,1,0,0,0,0,0,0,0,0,0,30,,,30,0,0,3,3,0,0,1,0,0,0,0,0
2019,4,PHI,REG,GB,16,27,160,3,0,0,0,0,0,184,82,12,7.44463564229966,-3.46090186525274,0,33,176,2,0,0,10,9.74352089801687,0,16,27,160,3,0,0,184,82,12,7.44463564229966,0,0,45,1,19,3,8,1,1,8,2,1,22,7,0,0,0,0,0,0,1,1,0,9,93,2,0,0,2,77,0,0,0,0,,,0,0,0,0,0,0,0,0,0,0,0,0,,,,0,0,0,4,4,0,0,1,0,0,0,0,0
2019,4,PIT,REG,CIN,27,31,260,2,0,0,0,0,0,80,209,12,17.0982039825758,13.9930550257365,0,25,66,1,25,0,5,-10.4376079190564,0,27,30,260,2,27,1,80,209,12,13.3967755489284,0,0,35,10,20,9,48,2,8,69,12,1,0,6,0,0,0,0,0,0,1,1,0,4,37,3,0,0,0,0,2,2,0,0,49,1,0,1,0,1,0,0,0,0,0,0,0,0,29;49,,,78,0,0,3,3,0,0,1,0,0,0,0,0
2019,4,SEA,REG,ARI,22,28,240,1,0,4,-15,4,0,213,93,10,4.52207954137143,16.6597712922979,0,27,115,1,27,0,9,4.70651867683046,0,22,27,240,1,22,0,213,93,10,12.240638373676,0,0,32,5,27,4,35,0,4,35,5,1,27,2,1,0,0,0,3,3,0,0,0,7,65,3,2,-3,1,21,2,2,0,0,33,1,0,1,1,0,0,0,0,0,0,0,0,0,33;24,,,57,0,0,3,3,0,0,1,0,0,0,0,0
2019,4,TB,REG,LA,28,41,385,4,1,2,-9,0,0,393,169,22,23.5941034605472,5.91161593794823,0,30,88,2,0,0,4,-3.00226023353753,0,28,40,385,4,0,0,393,169,22,27.0741084063171,0,0,38,6,16,4,14,1,2,27,9,3,41,10,0,0,0,0,0,0,1,1,1,12,99,3,0,0,2,34,2,2,0,0,58,1,0,1,0,0,1,0,0,0,0,0,0,0,58;21,,,79,0,0,7,7,0,0,1,0,0,0,0,0
2019,4,TEN,REG,ATL,18,27,227,3,0,0,0,0,0,131,125,11,7.97027287115342,8.72713679617102,0,34,138,0,34,0,8,-4.46231626503868,0,18,22,227,3,18,0,131,125,11,12.8643352274201,0,0,41,3,31,5,19,1,5,33,12,0,0,4,0,0,0,0,1,1,1,1,0,5,77,2,1,2,0,0,1,1,0,0,45,1,0,0,0,1,0,0,0,0,0,0,0,0,45,,,45,0,0,3,3,0,0,1,0,0,0,0,0
2019,4,WAS,REG,NYG,15,28,144,0,4,3,-23,0,0,256,88,6,-22.1449477818012,-7.41643882714785,0,17,55,0,0,0,4,-4.20810453145532,0,15,26,144,0,0,0,256,88,6,-15.2765968594383,0,0,41,0,44,0,0,2,0,0,4,2,6,3,0,0,0,0,0,0,2,2,0,12,58,3,1,6,2,37,1,1,0,0,21,1,0,1,0,0,0,0,0,0,0,0,0,0,21,,,21,0,0,0,0,0,0,,0,0,0,0,0
2019,5,ARI,REG,CIN,20,32,253,0,0,1,-5,0,0,309,71,13,9.40005762217384,3.02355318300186,0,38,266,2,0,0,12,9.72408903878493,0,20,31,253,0,0,0,309,71,13,11.1918182551759,0,0,41,0,26,2,2,0,1,0,3,0,0,3,0,0,0,0,0,0,0,0,0,12,96,4,2,24,2,52,4,5,1,0,31,0.8,0,3,1,0,0,0,0,0,1,0,0,0,23;20;22;31,37,,96,37,0,2,2,0,0,1,1,1,0,0,31
2019,5,ATL,REG,HOU,32,46,330,3,1,2,-14,2,0,366,135,14,6.45035165156038,4.28029888055541,1,20,57,1,20,0,5,-0.736504657834303,0,32,44,330,3,32,0,366,135,14,11.5726887724948,1,0,42,7,31,3,19,3,0,0,1,0,0,1,0,0,0,0,0,0,1,1,0,7,63,4,0,0,4,64,1,1,0,0,35,1,0,0,1,0,0,0,0,0,0,0,0,0,35,,,35,0,0,3,3,0,0,1,0,0,0,0,0
2019,5,BAL,REG,PIT,19,28,161,1,3,5,-22,5,0,216,64,8,-7.09698907293207,1.00244326250894,0,40,138,1,40,0,11,0.73135168888664,0,19,28,161,1,19,0,216,64,8,-2.12576165849171,0,0,32,6,16,4,22,2,1,11,3,1,1,3,0,0,0,0,1,1,1,1,0,11,92,3,1,2,1,46,4,4,0,0,48,1,0,2,0,2,0,0,0,0,0,0,0,0,27;26;48;46,,,147,0,0,2,2,0,0,1,1,1,0,0,46
2019,5,BUF,REG,TEN,23,32,219,2,1,4,-15,0,0,139,129,12,-3.87068849784555,6.82924944778968,0,27,109,0,0,0,6,-4.76906086580129,0,23,29,219,2,0,0,139,129,12,3.79576341062784,0,0,31,5,23,7,39,0,5,33,8,0,0,5,0,0,0,0,0,0,0,0,0,11,78,1,2,2,1,18,0,0,0,0,,,0,0,0,0,0,0,0,0,0,0,0,0,,,,0,0,0,2,2,0,0,1,0,0,0,0,0
2019,5,CAR,REG,JAX,17,31,181,1,0,3,-21,3,0,180,112,10,0.13094078083318,-7.09319221121924,0,27,285,3,27,0,9,11.1352360434248,0,17,28,181,1,17,0,180,112,10,6.11333537093392,0,0,41,0,32,2,2,2,2,16,2,0,0,9,0,0,0,0,1,1,3,3,1,8,70,2,1,3,2,39,0,2,1,1,,0,0,0,0,0,0,0,0,0,0,1,0,0,,46,56,0,46,56,4,5,1,0,0.8,0,0,0,0,0
2019,5,CHI,REG,LV,22,30,231,2,2,4,-37,0,0,215,96,12,2.89568361730198,6.33975078662236,0,17,42,1,0,0,1,-3.5203931783326,0,22,30,231,2,0,0,215,96,12,6.76720116709475,0,0,63,0,0,0,0,1,0,0,1,0,0,2,0,0,0,0,0,0,2,2,0,10,75,4,2,72,3,93,0,0,0,0,,,0,0,0,0,0,0,0,0,0,0,0,0,,,,0,0,0,3,3,0,0,1,0,0,0,0,0
2019,5,CIN,REG,ARI,27,38,262,2,0,1,0,1,0,251,114,12,9.41870234601716,4.99496016953443,0,23,108,0,23,0,6,-3.34019743476529,0,27,37,262,2,27,0,251,114,12,11.4296501359676,0,0,44,0,34,2,7,0,1,5,3,0,0,4,0,0,0,0,1,1,0,0,0,7,60,4,2,9,3,97,3,3,0,0,48,1,0,2,0,1,0,0,0,0,0,0,0,0,23;48;23,,,94,0,0,2,2,0,0,1,0,0,0,0,0
2019,5,CLE,REG,SF,9,24,120,0,2,4,-42,4,1,247,49,6,-22.9192921351382,-18.5475860129703,0,18,102,0,18,0,3,-0.748957896488719,0,9,22,120,0,9,0,247,49,6,-11.3367201480755,0,0,50,2,14,8,31,0,2,10,4,0,0,4,0,1,0,27,1,1,0,0,0,7,55,3,1,-6,3,64,1,1,0,0,30,1,0,0,1,0,0,0,0,0,0,0,0,0,30,,,30,0,0,0,0,0,0,,0,0,0,0,0
2019,5,DAL,REG,GB,27,44,463,2,3,3,-22,3,0,518,133,19,1.72051591456157,0.656499039559135,0,21,122,1,21,0,10,2.23576483511715,0,27,42,463,2,27,0,518,133,19,9.25029220904444,0,0,38,0,22,5,38,0,2,23,5,0,0,3,0,0,0,0,1,1,0,0,0,11,124,6,3,18,3,73,1,3,2,0,36,0.333333333333333,0,0,1,0,0,0,0,0,1,0,1,0,36,54;33,,36,87,0,3,3,0,0,1,0,0,0,0,0
2019,5,DEN,REG,LAC,14,20,182,1,1,3,-23,3,1,133,96,6,-5.34996222630484,7.06588986672853,0,32,191,1,32,0,8,4.91428864366936,0,14,19,182,1,14,0,133,96,6,3.50563761715479,0,0,45,1,15,3,8,1,0,0,3,2,17,6,0,1,0,0,2,2,0,0,0,12,122,5,4,22,0,0,2,3,1,0,46,0.666666666666667,0,0,0,2,0,0,0,0,0,0,1,0,40;46,54,,86,54,0,2,2,0,0,1,0,0,0,0,0
2019,5,GB,REG,DAL,22,34,238,0,0,2,-23,0,0,247,157,9,2.17162546571336,2.2718959277676,0,29,120,4,0,0,11,5.09880061980221,0,22,31,238,0,0,0,247,157,9,7.96441934101159,0,0,45,0,14,4,24,1,3,22,8,3,59,7,0,0,0,0,0,0,0,0,0,9,78,4,0,0,1,23,2,2,0,0,38,1,0,1,1,0,0,0,0,0,0,0,0,0,20;38,,,58,0,0,4,4,0,0,1,0,0,0,0,0
2019,5,HOU,REG,ATL,28,33,426,5,0,0,0,0,0,286,204,18,32.1970299929145,17.8581039110819,0,34,166,1,34,0,12,1.37040181923658,0,28,33,426,5,28,0,286,204,18,32.1970299929145,0,0,34,8,30,4,17,1,2,14,8,1,79,4,1,1,0,0,3,3,0,0,0,9,89,3,4,22,1,22,2,2,0,0,50,1,0,1,0,0,1,0,0,0,0,0,0,0,50;26,,,76,0,0,5,7,2,0,0.714285714285714,0,0,0,0,0
2019,5,IND,REG,KC,18,29,151,0,1,0,0,0,0,148,106,7,-6.28482917891218,-1.32356538222386,0,45,180,1,0,0,13,5.55795145369985,0,18,26,151,0,0,0,148,106,7,-4.77908767770816,0,0,37,0,10,5,30,1,4,33,8,0,0,2,0,0,0,0,0,0,1,1,0,7,50,5,0,0,2,48,4,4,0,0,32,1,0,1,3,0,0,0,0,0,0,0,0,0,32;32;31;29,,,124,0,0,1,1,0,0,1,0,0,0,0,0
2019,5,JAX,REG,CAR,26,44,374,2,0,2,-16,2,2,432,173,18,-0.375944834144243,0.243588723242283,0,31,149,1,31,1,9,-2.25223058278789,0,26,40,374,2,26,0,432,173,18,18.1169971475611,0,0,34,0,30,5,27,1,3,21,5,0,0,5,0,0,0,0,0,0,0,0,0,9,84,5,3,17,0,0,2,2,0,0,38,1,0,0,2,0,0,0,0,0,0,0,0,0,35;38,,,73,0,0,3,3,0,0,1,0,0,0,0,0
2019,5,KC,REG,IND,22,39,321,1,0,4,-33,4,0,463,109,12,3.29196454698995,-3.63301207890382,0,14,36,0,14,0,3,-3.76729527110001,0,22,37,321,1,22,1,463,109,12,5.02550888949156,0,0,47,0,28,4,16,0,0,0,3,1,30,2,0,0,0,0,0,0,0,0,0,11,125,3,2,1,1,22,2,2,0,0,36,1,0,1,1,0,0,0,0,0,0,0,0,0,29;36,,,65,0,0,1,1,0,0,1,0,0,0,0,0
2019,5,LA,REG,SEA,29,49,395,1,1,0,0,0,0,411,197,18,14.9500294254186,-6.78258380111383,0,18,82,2,18,1,5,-4.05432463971362,0,29,49,395,1,29,0,411,197,18,14.9500294254186,0,0,39,7,31,2,14,1,1,6,5,0,0,1,0,0,0,0,0,0,1,1,0,6,45,5,2,16,0,0,3,4,1,0,47,0.75,0,0,2,1,0,0,0,0,0,1,0,0,47;32;36,44,,115,44,0,2,2,0,0,1,0,1,1,0,44
2019,5,LAC,REG,DEN,32,48,211,0,2,0,0,0,0,212,130,15,-16.3902583113488,-1.11869884573895,0,16,35,0,16,0,0,-7.69624075031607,0,32,46,211,0,32,1,212,130,15,-13.6419233070423,0,1,40,2,22,4,18,2,3,23,6,1,0,4,0,0,0,0,0,0,1,1,0,4,43,4,2,69,3,65,2,3,0,1,45,0.666666666666667,0,0,1,1,0,0,0,0,0,0,0,0,45;32,,48,77,0,48,1,1,0,0,1,0,0,0,0,0
2019,5,LV,REG,CHI,25,32,229,0,0,0,0,0,0,99,151,10,7.17575553135931,8.40975681940715,0,39,169,3,39,1,15,2.26949492032873,0,25,30,229,0,25,1,99,151,10,3.16787504067862,0,0,45,0,2,6,39,0,4,37,6,2,14,3,0,0,0,0,0,1,0,0,0,6,69,5,1,13,1,52,1,1,0,0,41,1,0,0,0,1,0,0,0,0,0,0,0,0,41,,,41,0,0,3,3,0,0,1,0,0,0,0,0
2019,5,MIN,REG,NYG,22,27,306,2,0,3,-27,3,0,217,195,14,20.1589235907158,23.4391243507465,0,34,211,0,34,1,7,-3.90299644616425,0,22,24,306,2,22,0,217,195,14,25.8223199730915,0,0,40,0,16,7,40,0,4,35,8,1,2,11,0,0,1,0,2,3,0,0,0,12,112,4,1,15,2,42,4,4,0,0,48,1,0,0,2,2,0,0,0,0,0,0,0,0,31;48;32;45,,,156,0,0,2,2,0,0,1,0,0,0,0,0
2019,5,NE,REG,WAS,28,43,348,3,1,4,-36,0,0,319,151,16,12.2419004663986,2.38038972020149,0,27,130,1,0,0,6,-2.3808859247365,0,28,40,348,3,0,0,319,151,16,21.8019389441255,0,0,31,8,16,7,30,2,6,42,9,1,16,4,0,0,0,0,0,0,1,1,0,7,55,2,3,49,0,0,2,2,0,0,37,1,0,1,1,0,0,0,0,0,0,0,0,0,37;23,,,60,0,0,3,4,1,0,0.75,0,0,0,0,0
2019,5,NO,REG,TB,28,36,345,4,1,0,0,0,0,260,139,18,11.8925753968405,11.1113507081481,0,31,112,0,31,0,5,-3.44264924462186,0,28,34,345,4,28,0,260,139,18,14.0264545999571,0,0,38,2,8,8,51,1,6,46,9,0,0,5,0,1,0,0,1,1,0,0,0,6,40,4,3,8,0,0,1,1,0,0,29,1,0,1,0,0,0,0,0,0,0,0,0,0,29,,,29,0,0,4,4,0,0,1,0,0,0,0,0
2019,5,NYG,REG,MIN,21,38,182,1,1,4,-35,0,0,390,84,8,-10.8379369371096,-5.14489577876197,0,20,64,0,0,0,5,-1.74963677063352,0,21,36,182,1,0,0,390,84,8,-3.73763629479707,0,0,45,1,29,8,33,2,3,27,3,0,0,2,0,0,0,0,0,0,1,1,0,5,45,6,1,17,2,76,1,1,0,0,32,1,0,0,1,0,0,0,0,0,0,0,0,0,32,,,32,0,0,1,1,0,0,1,0,0,0,0,0
2019,5,NYJ,REG,PHI,15,26,120,0,2,10,-59,10,1,135,82,5,-34.9761031385752,-7.54887104034424,0,19,67,1,19,0,3,-2.87586760777049,0,15,25,120,0,15,0,135,82,5,-13.2858068580863,0,0,40,3,17,3,11,1,1,8,6,0,0,2,0,0,0,0,1,1,1,1,0,9,52,1,2,12,2,46,0,1,1,0,,0,0,0,0,0,0,0,0,0,0,0,1,0,,55,,0,55,0,0,0,0,0,,0,0,0,0,0
2019,5,PHI,REG,NYJ,17,29,189,1,0,1,-8,1,0,216,73,9,-0.0207817152338694,-2.83455920440179,0,29,84,1,29,0,6,-7.40179666253971,0,17,28,189,1,17,0,216,73,9,2.15396500605059,0,0,36,1,25,10,57,2,10,59,16,2,74,5,1,1,0,0,1,1,1,1,1,9,76,2,6,35,1,24,1,1,0,0,28,1,0,1,0,0,0,0,0,0,0,0,0,0,28,,,28,0,0,4,4,0,0,1,0,0,0,0,0
2019,5,PIT,REG,BAL,21,31,203,1,1,1,-11,1,0,268,82,9,-0.318044848253104,0.406032502651215,0,19,77,1,19,0,3,-0.178606734261848,0,21,30,203,1,21,1,268,82,9,-4.54404248282039,0,0,50,11,19,8,27,0,5,22,6,3,11,8,0,0,0,0,0,0,0,0,0,11,76,3,1,13,3,42,3,3,0,0,41,1,0,1,1,1,0,0,0,0,0,0,0,0,41;29;33,,,103,0,0,2,2,0,0,1,0,0,0,0,0
2019,5,SEA,REG,LA,17,23,268,4,0,1,-6,1,0,253,78,12,17.1942848422973,21.581130000678,0,43,167,0,43,0,10,-1.91224749390734,0,17,22,268,4,17,1,253,78,12,14.7384545880546,0,0,34,3,19,1,5,1,0,0,5,1,0,7,0,0,0,0,0,0,1,1,0,5,45,3,1,0,1,33,1,2,1,0,42,0.5,0,0,0,1,0,0,0,0,0,1,0,0,42,48,,42,48,0,3,3,0,0,1,0,0,0,0,0
2019,5,SF,REG,CLE,20,29,181,2,0,2,-10,2,0,181,71,11,6.75573243048408,4.11277349506106,0,40,275,2,40,0,11,8.50565258448478,0,20,28,181,2,20,0,181,71,11,10.878056945298,0,0,28,2,14,2,21,3,4,42,8,2,62,7,0,0,0,0,1,2,2,2,0,4,34,4,1,32,1,4,1,4,2,1,44,0.25,0,0,0,1,0,0,0,0,0,1,1,0,44,47;52,32,44,99,32,4,4,0,0,1,0,0,0,0,0
2019,5,TB,REG,NO,15,27,204,2,0,6,-46,6,0,233,96,12,1.52463660279208,-8.20305668390714,0,22,94,1,22,0,5,-0.324234398896806,0,15,26,204,2,15,0,233,96,12,11.6070317178444,0,0,49,2,12,0,0,0,0,0,2,1,14,3,0,0,0,0,1,1,0,0,0,4,30,4,0,0,2,38,1,1,0,0,42,1,0,0,0,1,0,0,0,0,0,0,0,0,42,,,42,0,0,3,3,0,0,1,0,0,0,0,0
2019,5,TEN,REG,BUF,13,22,183,0,0,5,-33,5,0,96,131,5,-1.13848450044034,-8.73222265924726,0,27,102,1,27,0,7,-3.275044386476,0,13,21,183,0,13,0,96,131,5,6.96772111353592,0,0,46,4,10,4,16,0,4,15,4,1,5,3,0,1,0,0,1,1,0,0,0,8,60,4,2,2,0,0,0,4,3,1,,0,0,0,0,0,0,0,0,0,1,0,2,0,,50;36;53,33,0,139,33,1,1,0,0,1,0,0,0,0,0
2019,5,WAS,REG,NE,18,27,122,0,1,6,-44,6,0,177,34,5,-22.0164105785079,-5.39811948935191,0,20,145,1,20,0,5,0.556634151551407,0,18,27,122,0,18,1,177,34,5,-15.8634764353628,0,0,50,4,14,5,29,0,4,36,9,1,0,3,0,0,0,0,1,1,0,0,0,6,72,3,1,9,0,0,0,0,0,0,,,0,0,0,0,0,0,0,0,0,0,0,0,,,,0,0,0,1,1,0,0,1,0,0,0,0,0
2019,6,ARI,REG,ATL,27,37,340,3,0,0,0,0,0,246,160,16,20.6555790920437,2.90189232145037,0,29,102,1,0,0,6,-4.55948397106535,0,27,35,340,3,0,0,246,160,16,21.5943666445718,0,0,44,2,22,3,11,1,2,15,7,0,0,2,0,0,0,0,0,0,0,0,0,8,57,5,1,3,2,63,2,2,0,0,39,1,0,1,1,0,0,0,0,0,0,0,0,0,39;22,,,61,0,0,4,4,0,0,1,0,0,0,0,0
2019,6,ATL,REG,ARI,30,36,356,4,0,2,-15,2,0,319,95,20,19.5203046003045,20.0152301613022,0,25,103,0,25,0,7,0.570015072735259,0,30,34,356,4,30,0,319,95,20,25.6615865962965,0,0,41,1,19,1,2,0,0,0,0,0,0,1,0,0,0,0,1,1,0,0,0,8,72,6,3,17,3,83,2,2,0,0,44,1,0,1,0,1,0,0,0,0,0,0,0,0,29;44,,,73,0,0,3,4,1,0,0.75,0,0,0,0,0
2019,6,BAL,REG,CIN,21,33,236,0,0,1,-8,1,0,253,126,11,6.86583742474252,3.16457172919964,0,43,269,2,43,0,16,7.66336307176971,0,21,29,236,0,21,1,253,126,11,7.10634306679601,0,0,36,2,4,4,20,0,2,18,5,1,14,8,0,0,0,0,0,0,0,0,0,10,81,5,1,8,0,0,3,3,0,0,49,1,0,1,0,2,0,0,0,0,0,0,0,0,40;49;21,,,110,0,0,2,2,0,0,1,0,0,0,0,0
2019,6,CAR,REG,TB,20,32,227,2,0,2,-18,2,0,303,95,12,5.53193109323297,-0.441770111360859,0,29,59,2,29,0,3,-6.54060243675744,0,20,31,227,2,20,0,303,95,12,8.82438375327297,0,0,48,0,12,5,27,2,7,35,10,5,58,13,0,1,0,0,0,0,2,2,0,3,30,1,1,10,0,0,3,5,2,0,49,0.6,0,1,0,2,0,0,0,0,0,1,0,0,49;46;29,60;41,,124,101,0,4,4,0,0,1,0,0,0,0,0
2019,6,CIN,REG,BAL,21,39,235,0,1,2,-18,0,0,298,93,14,-1.27929564268025,-9.39126989325961,0,14,33,1,0,0,2,-4.47802014838089,0,21,37,235,0,0,0,298,93,14,1.97505764331972,0,1,51,5,17,4,14,1,1,8,1,0,0,3,0,0,0,0,0,0,1,1,0,4,20,6,0,0,3,142,1,1,0,0,22,1,0,1,0,0,0,0,0,0,0,0,0,0,22,,,22,0,0,2,2,0,0,1,0,0,0,0,0
2019,6,CLE,REG,SEA,22,37,249,1,3,0,0,0,0,353,92,12,-2.13911569226184,-4.24495298001501,1,24,157,3,24,0,7,2.69932760111988,0,22,36,249,1,22,1,353,92,12,-4.44435499013332,1,0,54,0,12,5,17,2,3,11,7,0,0,0,0,0,0,0,0,0,1,1,0,9,83,3,1,5,2,102,0,0,0,0,,,0,0,0,0,0,0,0,0,0,0,0,0,,,,0,0,0,2,3,1,0,0.666666666666667,0,0,0,0,0
2019,6,DAL,REG,NYJ,28,40,278,0,0,1,-8,0,0,341,103,15,11.2091394935237,7.23641782234877,0,34,129,2,0,0,7,-3.52611405495554,0,28,39,278,0,0,0,341,103,15,13.1817058845649,0,0,30,2,26,2,12,0,2,12,2,1,20,3,0,0,0,0,0,0,0,0,0,9,68,6,2,8,0,0,3,4,1,0,62,0.75,0,0,1,0,1,1,0,0,0,1,0,0,50;62;32,40,,144,40,0,1,1,0,0,1,0,0,0,0,0
2019,6,DEN,REG,TEN,18,28,177,0,1,1,-10,1,0,216,79,8,-3.32858427855264,0.241704170520487,0,30,103,1,30,0,5,-5.60579425371978,0,18,26,177,0,18,0,216,79,8,-0.00457876672405844,0,0,42,3,13,9,41,1,7,42,10,3,40,5,0,0,0,0,1,2,0,0,0,8,51,4,3,48,0,0,3,3,0,0,53,1,0,0,1,1,1,0,0,0,0,0,0,0,31;53;48,,,132,0,0,1,1,0,0,1,0,0,0,0,0
2019,6,DET,REG,GB,18,32,265,0,0,3,-22,3,0,328,112,10,0.987792783080801,-4.73099816590548,0,20,56,1,20,0,4,-1.16025852534221,0,18,32,265,0,18,0,328,112,10,6.40209452192226,0,0,42,2,26,2,8,2,1,6,3,1,55,5,0,0,0,0,1,2,2,2,0,8,50,6,0,0,2,55,5,5,0,0,54,1,0,2,0,1,2,0,0,0,0,0,0,0,26;22;41;51;54,,,194,0,0,1,1,0,0,1,0,0,0,0,0
2019,6,GB,REG,DET,24,39,283,2,1,1,-6,1,0,372,93,13,-2.40291617250232,1.0223272599672,0,29,170,0,29,1,5,-1.04579364265444,0,24,38,283,2,24,0,372,93,13,-0.167230126663804,0,0,37,0,14,3,18,0,3,22,4,0,0,5,0,1,0,0,0,0,0,0,0,6,48,4,1,-9,6,96,3,3,0,0,48,1,0,1,1,1,0,0,0,0,0,0,0,0,37;48;23,,,108,0,0,2,2,0,0,1,1,1,0,0,23
2019,6,HOU,REG,KC,30,42,280,1,2,0,0,0,0,369,176,20,15.2652122910658,6.74640440515109,1,41,192,3,41,1,12,1.11043247958878,0,30,42,280,1,30,0,369,176,20,15.2652122910658,1,0,28,0,12,1,4,1,1,17,2,1,0,6,0,0,0,0,0,0,1,1,0,10,70,2,1,10,1,20,1,2,1,0,44,0.5,0,0,0,1,0,0,0,0,0,1,0,0,44,46,,44,46,0,2,3,1,0,0.666666666666667,0,0,0,0,0
2019,6,JAX,REG,NO,14,29,163,0,1,2,-12,0,0,233,96,9,-8.22340697445996,-14.1936747012315,0,24,75,0,0,0,2,-6.07980882376432,0,14,27,163,0,0,0,233,96,9,-4.86838608928648,0,0,43,0,22,7,30,1,3,18,4,0,0,3,0,0,0,0,0,0,0,0,0,2,15,4,1,0,0,0,2,2,0,0,32,1,0,1,1,0,0,0,0,0,0,0,0,0,22;32,,,54,0,0,0,0,0,0,,0,0,0,0,0
2019,6,KC,REG,HOU,19,35,273,3,1,1,-17,1,1,350,165,11,1.57850985226204,-9.77166882583074,0,11,53,0,11,0,5,0.410364472249057,0,19,35,273,3,19,0,350,165,11,7.46249432081921,0,0,57,0,22,1,2,1,0,0,2,2,0,3,0,0,0,0,0,0,1,1,0,11,79,3,0,0,5,105,1,2,1,0,41,0.5,0,0,0,1,0,0,0,0,0,0,1,0,41,50,,41,50,0,3,3,0,0,1,0,0,0,0,0
2019,6,LA,REG,SF,13,24,78,0,0,4,-30,4,0,155,49,1,-18.1895900639356,-17.9852758844694,0,22,109,1,22,1,10,-11.0988815626479,0,13,24,78,0,13,0,155,49,1,-12.3364880192676,0,0,39,17,41,4,19,1,2,11,5,1,0,3,0,0,0,41,1,2,1,2,0,8,59,6,1,8,3,74,0,0,0,0,,,0,0,0,0,0,0,0,0,0,0,0,0,,,,0,0,0,1,1,0,0,1,0,0,0,0,0
2019,6,LAC,REG,PIT,26,44,320,2,2,1,-4,1,0,486,98,18,5.73499565610491,0.852692340101516,0,14,32,0,14,1,3,-11.3236379315495,0,26,42,320,2,26,0,486,98,18,9.34880146300948,0,0,40,0,22,3,4,0,0,0,0,1,8,1,0,0,0,0,0,1,0,0,0,8,74,3,1,7,4,97,1,2,1,0,38,0.5,0,0,1,0,0,0,0,0,0,1,0,0,38,43,,38,43,0,2,2,0,0,1,0,0,0,0,0
2019,6,MIA,REG,WAS,27,43,217,1,2,5,-30,5,0,244,142,10,-16.071352492101,-5.8650899501074,0,21,84,1,21,0,8,3.05405587276807,0,27,42,217,1,27,0,244,142,10,-8.29349204812013,0,0,32,0,30,2,3,0,0,0,3,0,0,4,0,0,0,0,2,3,0,0,0,5,45,4,4,42,1,15,1,1,0,0,39,1,0,0,1,0,0,0,0,0,0,0,0,0,39,,,39,0,0,1,1,0,0,1,0,0,0,0,0
2019,6,MIN,REG,PHI,22,29,333,4,1,1,-8,1,0,374,124,14,16.515344821395,16.1009917301791,0,35,122,1,35,1,8,-8.9073074964108,0,22,28,333,4,22,0,374,124,14,19.6038092677609,0,0,41,3,19,3,10,1,2,14,6,2,17,7,0,0,0,0,0,0,1,1,0,4,30,3,1,6,0,0,1,1,0,0,39,1,0,0,1,0,0,0,0,0,0,0,0,0,39,,,39,0,0,5,5,0,0,1,0,0,0,0,0
2019,6,NE,REG,NYG,31,41,334,0,1,3,-21,3,1,280,160,17,-2.46982735717719,6.19206261344072,0,34,114,3,34,0,8,-7.04943754829583,0,31,41,334,0,31,0,280,160,17,9.15523452909147,0,1,25,5,11,0,0,1,1,0,8,3,33,9,0,0,0,6,1,1,1,1,1,3,20,2,1,10,1,28,0,1,1,0,,0,0,0,0,0,0,0,0,0,0,1,0,0,,40,,0,40,0,5,5,0,0,1,0,0,0,0,0
2019,6,NO,REG,JAX,24,36,240,1,0,3,-18,3,0,213,153,12,2.54081974463625,1.1411932461402,0,26,104,0,26,0,6,-5.25101527589141,0,24,34,240,1,24,0,213,153,12,8.27479331532814,0,0,29,0,22,2,12,0,2,12,3,1,0,7,0,0,0,0,1,1,0,0,0,3,35,4,2,12,1,21,2,2,0,0,47,1,0,1,0,1,0,0,0,0,0,0,0,0,47;21,,,68,0,0,1,1,0,0,1,0,0,0,0,0
2019,6,NYG,REG,NE,15,31,161,1,3,1,0,1,0,290,79,6,-17.7578836101166,-9.64758365318693,0,16,52,0,16,0,3,-2.5547673094552,0,15,29,161,1,15,1,290,80,6,-16.5050712882367,0,0,48,16,22,3,9,1,3,21,6,1,62,3,0,0,0,0,0,0,1,1,1,5,40,5,0,0,2,53,0,0,0,0,,,0,0,0,0,0,0,0,0,0,0,0,0,,,,0,0,0,2,2,0,0,1,0,0,0,0,0
2019,6,NYJ,REG,DAL,23,32,338,2,1,2,-12,0,0,291,188,13,9.15703340883413,10.4144518574079,0,20,56,1,0,0,4,-1.41841949394438,0,23,30,338,2,0,0,291,188,13,13.7267757261456,0,0,51,1,25,2,12,0,1,8,9,0,0,3,0,0,0,0,0,0,0,0,0,8,105,2,2,22,3,73,1,1,0,0,38,1,0,0,1,0,0,0,0,0,0,0,0,0,38,,,38,0,0,3,3,0,0,1,0,0,0,0,0
2019,6,PHI,REG,MIN,26,41,306,2,2,2,-14,2,0,375,147,15,3.15616389170198,-5.47074893625771,0,22,108,0,22,0,3,-3.89119193376973,0,26,41,306,2,26,1,375,147,15,0.169488045660795,0,0,45,0,20,9,24,1,1,8,4,1,15,2,0,0,0,0,0,0,1,1,0,7,49,6,2,16,1,15,2,2,0,0,53,1,0,0,0,1,1,0,0,0,0,0,0,0,53;40,,,93,0,0,2,2,0,0,1,0,0,0,0,0
2019,6,PIT,REG,LAC,15,20,132,1,1,0,0,0,0,98,119,7,2.59578505892092,8.36023358922255,0,36,124,1,36,0,9,-5.97488814714598,0,15,19,132,1,15,0,98,119,7,4.61008659779327,0,0,31,1,25,1,1,0,1,4,6,2,32,10,0,0,0,0,1,1,1,1,1,6,45,0,2,14,1,9,1,1,0,0,20,1,0,1,0,0,0,0,0,0,0,0,0,0,20,,,20,0,0,3,3,0,0,1,0,0,0,0,0
2019,6,SEA,REG,CLE,23,33,295,2,0,3,-11,3,0,286,137,17,17.3810872652462,11.8645379319787,0,38,170,2,38,1,9,-8.77659155665594,0,23,32,295,2,23,0,286,137,17,21.5839930525177,0,0,37,0,18,2,3,1,0,0,1,3,18,8,0,0,0,0,1,1,1,1,0,10,65,5,0,0,1,21,2,2,0,0,38,1,0,1,1,0,0,0,0,0,0,0,0,0,38;20,,,58,0,0,2,3,1,0,0.666666666666667,0,0,0,0,0
2019,6,SF,REG,LA,24,33,243,0,1,2,-11,2,1,145,177,14,-0.137310509561146,7.69639841971859,0,41,99,2,41,0,8,-7.98990922000069,0,24,31,243,0,24,0,145,177,14,7.06296940735774,0,0,31,8,16,7,31,1,4,30,5,0,0,2,0,0,0,0,0,0,1,1,0,4,30,6,3,38,1,18,2,3,1,0,34,0.666666666666667,0,1,1,0,0,0,0,0,0,0,1,0,25;34,55,,59,55,0,2,2,0,0,1,0,0,0,0,0
2019,6,TB,REG,CAR,30,54,400,1,5,7,-35,7,1,596,149,19,-13.7635639122582,-6.13643314975959,1,14,42,2,14,0,3,0.0125877294195815,1,30,52,400,1,30,0,596,149,19,-0.893934584206339,1,0,49,0,6,7,24,1,2,18,4,0,0,2,0,2,0,0,2,2,1,1,0,9,70,6,6,12,0,0,1,1,0,0,54,1,0,0,0,0,1,0,0,0,0,0,0,0,54,,,54,0,0,1,1,0,0,1,0,0,0,0,0
2019,6,TEN,REG,DEN,20,34,207,0,3,7,-42,7,0,313,65,9,-16.5017793127336,-3.83589239791036,0,21,39,0,21,0,0,-8.1616164543666,0,20,32,207,0,20,0,313,65,9,-3.71324771823129,0,0,44,0,14,3,19,1,1,10,2,1,25,3,0,0,0,0,0,0,0,0,0,6,40,3,3,19,1,16,0,0,0,0,,,0,0,0,0,0,0,0,0,0,0,0,0,,,,0,0,0,0,0,0,0,,0,0,0,0,0
2019,6,WAS,REG,MIA,13,25,166,2,0,0,0,0,0,222,52,7,1.02285654659227,-8.48029442131519,0,33,145,0,33,0,6,-2.30224797362462,0,13,24,166,2,13,0,222,52,7,1.63113235917718,0,0,48,0,16,7,39,1,5,30,8,2,0,6,0,0,0,0,1,2,0,0,0,6,56,4,2,14,1,21,1,2,1,0,21,0.5,0,1,0,0,0,0,0,0,0,0,1,0,21,55,,21,55,0,2,2,0,0,1,0,0,0,0,0
2019,7,ARI,REG,NYG,14,21,104,0,0,2,-15,0,0,112,58,8,4.33360968916362,-5.60232329936254,0,38,156,3,0,0,8,-4.6994796494595,0,14,21,104,0,0,0,112,58,8,6.40585559402825,0,0,42,0,28,7,43,3,8,67,13,1,14,3,0,0,0,0,0,0,2,2,0,10,85,4,1,3,1,0,2,2,0,0,47,1,0,0,1,1,0,0,0,0,0,0,0,0,47;35,,,82,0,0,3,3,0,0,1,0,0,0,0,0
2019,7,ATL,REG,LA,22,33,224,1,1,5,-38,5,1,272,45,12,-11.451901268256,-0.19120664307566,0,15,38,0,15,0,1,-2.03312910930254,0,22,33,224,1,22,0,272,45,12,-0.703176021676173,0,0,40,19,25,5,10,0,0,0,3,0,0,3,0,1,0,0,2,2,0,0,0,5,48,0,1,-6,2,65,1,2,1,0,52,0.5,0,0,0,0,1,0,0,0,0,0,1,0,52,50,,52,50,0,1,1,0,0,1,0,0,0,0,0
2019,7,BAL,REG,SEA,9,20,143,0,0,1,-2,1,0,201,37,5,0.713410248496667,-18.5210166871548,0,35,199,1,35,0,10,8.04365901729099,0,9,20,143,0,9,0,201,37,5,1.81702750640093,0,0,33,4,26,5,13,0,1,0,8,1,67,3,1,0,0,0,1,1,1,1,1,8,75,2,2,8,2,21,3,3,0,0,28,1,0,3,0,0,0,0,0,0,0,0,0,0,25;28;22,,,75,0,0,3,3,0,0,1,0,0,0,0,0
2019,7,BUF,REG,MIA,16,26,202,2,0,2,-14,0,0,272,93,10,7.95524206668024,-0.355225205421448,0,23,117,0,0,0,6,2.84968110288912,1,16,25,202,2,0,0,272,93,10,10.8122657728979,0,1,38,14,18,7,53,2,1,10,6,1,0,3,0,0,0,0,0,0,1,1,0,9,83,2,3,22,1,45,3,3,0,0,45,1,0,0,1,2,0,0,0,0,0,0,0,0,39;43;45,,,127,0,0,2,2,0,0,1,0,0,0,0,0
2019,7,CHI,REG,NO,34,54,251,2,0,2,-16,2,0,338,131,16,-1.82093485996674,-0.901014723029793,1,7,17,0,7,2,0,-12.1402500332333,0,34,51,251,2,34,0,338,131,16,6.35373002996122,1,1,56,1,11,2,10,0,1,8,4,0,0,5,0,0,0,0,0,0,0,0,0,3,10,5,2,6,4,163,1,1,0,0,46,1,0,0,0,1,0,0,0,0,0,0,0,0,46,,,46,0,0,2,2,0,0,1,0,0,0,0,0
2019,7,CIN,REG,JAX,22,43,276,1,3,2,-18,2,0,436,120,12,-12.0112821690898,-12.0886686302367,0,20,33,1,20,0,3,-5.6401257130492,0,22,42,276,1,22,1,436,120,12,-11.1231310314659,0,0,47,0,32,6,26,0,2,11,2,0,0,6,0,0,0,0,0,0,0,0,0,6,50,4,1,5,3,98,1,1,0,0,38,1,0,0,1,0,0,0,0,0,0,0,0,0,38,,,38,0,0,2,2,0,0,1,0,0,0,0,0
2019,7,DAL,REG,PHI,21,27,239,1,1,3,-26,3,0,225,84,12,8.08320016008228,15.0205671787262,0,36,189,3,36,0,11,1.11373732223844,0,21,25,239,1,21,0,225,84,12,14.6240674811661,0,0,37,1,19,5,22,3,3,23,5,1,9,5,0,0,0,0,1,1,3,3,0,6,65,5,2,12,0,0,3,3,0,0,63,1,0,2,0,0,0,1,0,0,0,0,0,0,26;63;29,,,118,0,0,4,4,0,0,1,0,0,0,0,0
2019,7,DEN,REG,KC,21,34,213,0,0,9,-79,9,1,314,96,8,-23.5935006679759,-3.24408475196723,0,21,71,1,21,0,4,-2.16720239257836,0,21,33,213,0,21,0,314,96,8,-0.910882304451661,0,0,42,0,14,5,13,0,1,2,3,0,0,5,0,0,0,0,2,2,0,0,0,4,33,2,4,12,0,0,0,1,1,0,,0,0,0,0,0,0,0,0,0,0,1,0,0,,45,,0,45,0,0,0,0,0,,0,0,0,0,0
2019,7,DET,REG,MIN,30,45,364,4,1,2,-12,0,0,386,140,21,11.8088031534663,-2.04213109281328,0,20,81,0,0,0,1,-0.786705762264319,0,30,45,364,4,0,0,386,140,21,14.7191144494664,0,0,53,2,8,2,3,2,0,0,3,0,0,0,0,0,0,0,0,0,0,0,0,8,67,5,1,0,1,29,1,1,0,0,46,1,0,0,0,1,0,0,0,0,0,0,0,0,46,,,46,0,0,3,3,0,0,1,0,0,0,0,0
2019,7,GB,REG,LV,25,31,429,5,0,1,-8,0,0,268,223,15,31.8153924949002,20.7387490519162,0,23,60,1,0,0,5,-1.65619675139897,0,25,29,429,5,0,0,268,223,15,35.1086326437071,0,0,36,9,27,0,0,1,0,0,0,1,0,3,0,0,0,0,0,0,0,0,0,3,20,5,0,0,4,60,0,0,0,0,,,0,0,0,0,0,0,0,0,0,0,0,0,,,,0,0,0,6,6,0,0,1,0,0,0,0,0
2019,7,HOU,REG,IND,23,34,308,1,2,3,-17,0,0,268,125,15,1.91175776624197,1.25620645104032,0,24,100,1,0,0,6,-0.448472727435627,0,23,33,308,1,0,0,268,125,15,6.25582915452632,0,0,45,5,7,1,4,0,1,5,8,0,0,2,0,0,0,0,0,0,1,1,0,10,54,5,1,3,3,63,3,3,0,0,47,1,0,1,1,1,0,0,0,0,0,0,0,0,47;31;26,,,104,0,0,2,2,0,0,1,0,0,0,0,0
2019,7,IND,REG,HOU,26,40,326,4,0,1,-5,1,0,302,181,18,17.7361925862788,4.97909796734651,0,26,62,0,26,1,1,-12.4966512067476,0,26,36,326,4,26,0,302,181,18,22.8255723603361,0,0,43,10,10,6,26,0,3,17,6,2,0,4,0,0,1,0,0,1,0,0,0,6,45,1,0,0,4,79,0,0,0,0,,,0,0,0,0,0,0,0,0,0,0,0,0,,,,0,0,0,4,4,0,0,1,0,0,0,0,0
2019,7,JAX,REG,CIN,15,32,255,1,0,2,-11,2,0,254,125,10,4.23793036368194,-10.8895276274,1,44,216,0,44,0,12,-3.69360560116507,0,15,28,255,1,15,0,254,125,10,8.88188047063273,1,0,38,1,9,5,34,1,2,18,7,3,72,9,1,0,0,0,1,2,1,1,0,11,130,3,2,15,0,0,4,4,0,0,37,1,0,3,1,0,0,0,0,0,0,0,0,0,21;29;37;26,,,113,0,0,1,1,0,0,1,0,0,0,0,0
2019,7,KC,REG,DEN,20,30,193,2,0,1,-2,1,0,172,130,7,2.0191104828618,-2.08575417255533,0,27,80,0,27,0,5,-2.51207678132393,0,20,29,193,2,20,0,172,130,7,4.81301057988364,0,0,49,1,13,10,63,3,9,79,9,0,0,3,0,1,0,0,1,1,1,1,1,6,46,1,4,50,0,0,3,3,0,0,39,1,0,1,2,0,0,0,0,0,0,0,0,0,33;20;39,,,92,0,0,3,3,0,0,1,0,0,0,0,0
2019,7,LA,REG,ATL,23,38,291,2,0,0,0,0,0,376,158,13,18.3723809648509,-2.81947255134583,0,36,90,1,0,0,9,-8.02825009720293,0,23,38,291,2,0,0,376,158,13,18.3723809648509,0,0,33,9,13,6,43,4,5,38,11,1,6,2,0,0,0,0,0,0,2,2,1,5,24,6,4,36,0,0,3,4,1,0,55,0.75,0,2,0,0,1,0,0,0,0,1,0,0,55;25;20,40,,100,40,0,4,4,0,0,1,0,0,0,0,0
2019,7,LAC,REG,TEN,24,38,329,2,0,1,-3,1,0,426,116,19,14.0979970764084,6.55351675845482,0,21,39,0,21,1,2,-11.621659092576,0,24,37,329,2,24,0,426,116,19,16.287907313853,0,0,38,11,25,5,21,1,2,17,5,1,3,4,0,0,0,0,1,1,0,0,0,4,29,4,0,0,1,8,2,2,0,0,50,1,0,1,0,0,1,0,0,0,0,0,0,0,29;50,,,79,0,0,2,2,0,0,1,0,0,0,0,0
2019,7,LV,REG,GB,24,31,329,3,1,0,0,0,0,318,125,16,22.7871837061588,15.0515476542134,0,31,155,0,31,1,5,-9.62210200628033,0,24,31,329,3,24,0,318,125,16,22.7871837061588,0,0,32,5,17,2,9,0,1,8,3,0,0,0,0,0,0,0,0,0,0,0,0,8,97,2,2,47,2,49,1,1,0,0,45,1,0,0,0,1,0,0,0,0,0,0,0,0,45,,,45,0,0,3,3,0,0,1,0,0,0,0,0
2019,7,MIA,REG,BUF,23,35,282,1,1,1,-10,1,0,335,96,13,7.36803575654631,6.39200412175235,0,30,109,2,30,0,9,0.95808286088868,0,23,34,282,1,23,1,335,96,13,3.73579719586996,0,0,32,9,13,3,15,0,2,14,4,0,0,1,0,0,0,0,2,3,0,0,0,6,55,6,1,19,1,12,0,0,0,0,,,0,0,0,0,0,0,0,0,0,0,0,0,,,,0,0,0,3,3,0,0,1,0,0,0,0,0
2019,7,MIN,REG,DET,24,34,338,4,0,0,0,0,0,379,114,20,25.2249826819992,7.92545278867086,0,37,166,2,37,0,10,4.80627405765699,0,24,33,338,4,24,0,379,114,20,25.7038793312043,0,0,38,2,20,3,14,0,2,12,4,1,0,6,0,0,0,0,1,1,0,0,0,6,60,2,2,9,4,105,0,1,1,0,,0,0,0,0,0,0,0,0,0,0,1,0,0,,45,,0,45,0,6,6,0,0,1,0,0,0,0,0
2019,7,NE,REG,NYJ,31,45,249,1,1,0,0,0,0,223,123,12,4.30388653184686,2.51853515704473,0,34,74,3,0,0,9,-1.94514667926705,0,31,42,249,1,0,0,223,123,12,8.30182008840542,0,0,26,0,18,0,0,1,1,13,2,4,14,6,0,0,1,0,0,0,2,2,0,7,92,4,2,24,2,45,1,1,0,0,34,1,0,0,1,0,0,0,0,0,0,0,0,0,34,,,34,0,0,4,4,0,0,1,0,0,0,0,0
2019,7,NO,REG,CHI,23,38,281,2,0,1,-8,0,0,286,124,14,10.7722861689179,-3.09040256672436,0,35,151,2,0,0,9,2.33989766567035,0,23,36,281,2,0,0,286,124,14,13.705511212618,0,0,44,0,4,4,27,2,2,16,7,0,0,5,0,0,1,0,0,0,2,2,0,4,35,4,5,46,3,54,2,4,2,0,39,0.5,0,0,2,0,0,0,0,0,0,1,1,0,39;30,42;52,,69,94,0,4,4,0,0,1,0,0,0,0,0
2019,7,NYG,REG,ARI,22,35,223,1,1,8,-67,8,2,265,80,14,-14.8172022447397,-5.28503222124917,0,22,107,1,22,0,5,2.20026846605315,0,22,35,223,1,22,0,265,80,14,2.17033134427038,0,1,40,2,24,5,30,0,2,15,1,0,0,5,0,0,0,0,1,1,0,0,0,6,75,5,1,17,4,87,0,1,1,0,,0,0,0,0,0,0,0,0,0,1,0,0,0,,37,,0,37,0,3,3,0,0,1,0,0,0,0,0
2019,7,NYJ,REG,NE,11,32,86,0,4,1,-13,1,1,398,19,4,-31.6614737047348,-22.0195034819265,0,20,81,0,20,0,5,-1.39538840716705,0,11,31,86,0,11,0,398,19,4,-25.0632282181177,0,0,53,0,24,7,23,0,0,0,3,1,3,4,0,1,0,0,0,1,0,0,0,8,60,1,3,14,3,67,0,0,0,0,,,0,0,0,0,0,0,0,0,0,0,0,0,,,,0,0,0,0,0,0,0,,0,0,0,0,0
2019,7,PHI,REG,DAL,16,26,191,1,1,3,-23,3,1,323,67,9,-7.61211743020794,-1.35661768913269,0,28,115,0,28,1,6,-7.9363779547275,0,16,25,191,1,16,1,323,67,9,-3.48107802391859,0,0,45,0,28,2,15,1,3,26,3,1,0,1,0,0,0,0,1,2,0,0,0,5,40,3,1,8,2,37,1,1,0,0,38,1,0,0,1,0,0,0,0,0,0,0,0,0,38,,,38,0,0,1,1,0,0,1,0,0,0,0,0
2019,7,SEA,REG,BAL,20,41,241,1,1,1,0,1,0,459,64,10,-7.15509598931602,-5.76296605561909,0,26,106,0,26,0,8,0.19773345493013,0,20,38,241,1,20,1,459,64,10,-12.0651106456082,0,0,31,5,23,3,5,1,1,2,1,0,0,5,0,0,0,0,0,0,0,0,0,2,18,6,2,12,3,58,3,4,1,0,35,0.75,0,0,3,0,0,0,0,0,0,0,1,0,34;31;35,53,,100,53,0,1,1,0,0,1,0,0,0,0,0
2019,7,SF,REG,WAS,12,21,151,0,1,2,-5,2,0,187,67,8,0.933615241212186,-7.55205124616623,0,39,137,0,39,0,8,-5.26113812158213,0,12,20,151,0,12,0,187,67,8,4.94352633133531,0,0,32,6,14,5,31,1,3,27,3,0,0,0,0,0,0,0,1,2,1,1,0,2,20,5,2,30,0,0,3,4,1,0,29,0.75,0,3,0,0,0,0,0,0,0,1,0,0,28;22;29,45,,79,45,0,0,0,0,0,,0,0,0,0,0
2019,7,TEN,REG,LAC,24,30,323,2,1,2,-17,2,0,212,147,17,15.018457504673,14.9783769558216,0,29,97,1,29,0,6,-4.46688834106317,0,24,29,323,2,24,0,212,147,17,20.7126518362053,0,0,26,13,23,2,7,2,1,3,5,0,0,5,0,0,0,0,2,3,1,1,0,7,54,3,1,14,3,69,1,1,0,0,45,1,0,0,0,1,0,0,0,0,0,0,0,0,45,,,45,0,0,2,3,1,0,0.666666666666667,0,0,0,0,0
2019,7,WAS,REG,SF,9,12,77,0,0,3,-27,3,0,49,41,4,-0.678048734859476,-2.27319002151489,0,26,104,0,26,1,5,-10.9843953399686,0,9,12,77,0,9,0,49,41,4,2.82881599037428,0,0,44,7,17,4,6,0,2,5,4,1,33,5,0,0,0,0,0,0,0,0,0,7,47,4,1,0,3,63,0,1,1,0,,0,0,0,0,0,0,0,0,0,1,0,0,0,,39,,0,39,0,0,0,0,0,,0,0,0,0,0
2019,8,ARI,REG,NO,19,34,220,0,0,4,-23,4,0,289,87,8,-10.6497489670784,-9.68622574582696,0,11,40,0,11,0,2,-5.3973234204459,0,19,32,220,0,19,0,289,87,8,-2.82340930733169,0,0,47,2,22,4,14,0,0,0,4,1,0,2,0,0,0,0,1,1,0,0,0,5,35,2,1,8,1,39,3,3,0,0,50,1,0,0,2,0,1,0,0,0,0,0,0,0,31;31;50,,,112,0,0,0,0,0,0,,0,0,0,0,0
2019,8,ATL,REG,SEA,39,52,460,1,1,2,-19,2,1,352,236,24,16.1413855679228,7.96753356651384,1,17,69,1,17,0,5,-3.69704454630846,0,39,49,460,1,39,1,352,236,24,14.6004012206856,1,0,37,0,24,3,12,0,2,11,4,0,0,2,0,0,0,0,0,0,0,0,0,5,40,6,3,8,1,22,2,4,2,0,47,0.5,0,0,1,1,0,0,0,0,0,0,2,0,47;37,51;53,,84,104,0,0,0,0,0,,0,0,0,0,0
2019,8,BUF,REG,PHI,16,34,169,2,0,4,-14,4,0,317,79,9,-4.97002353501739,-13.2266862738517,0,20,98,0,20,1,5,-5.14403723874304,0,16,31,169,2,16,0,317,79,9,2.7274644387071,0,0,39,11,25,8,38,2,3,19,5,0,0,4,0,0,0,0,2,2,1,1,0,8,57,6,0,0,2,50,0,1,1,0,,0,0,0,0,0,0,0,0,0,0,0,1,0,,53,,0,53,0,1,2,0,1,0.5,0,0,0,0,0
2019,8,CAR,REG,SF,19,37,158,0,3,7,-58,7,0,326,85,8,-31.1493029119422,-16.3594237855963,0,19,130,1,19,0,4,-0.468944903419353,1,19,37,158,0,19,0,326,85,8,-18.3214086466469,0,0,49,4,14,5,22,0,3,19,4,1,1,1,0,1,1,0,1,1,0,0,0,9,70,1,1,0,7,147,1,1,0,0,41,1,0,0,0,1,0,0,0,0,0,0,0,0,41,,,41,0,0,0,0,0,0,,0,0,0,0,0
2019,8,CHI,REG,LAC,23,35,253,0,1,4,-27,4,1,308,88,9,-4.01544936805056,2.87335785952481,0,38,162,1,38,0,13,-4.94212261997427,0,23,33,253,0,23,0,308,88,9,7.92294310732699,0,0,28,0,12,1,6,0,1,6,6,1,29,4,0,0,0,0,0,0,0,0,0,5,42,6,5,50,4,109,3,5,2,0,25,0.6,1,2,0,0,0,0,0,0,1,1,0,0,22;25;19,33;41,,66,74,0,1,1,0,0,1,0,1,1,0,41
2019,8,CIN,REG,LA,32,52,329,1,0,5,-32,0,0,429,120,15,-1.19396416103646,5.08067353318135,0,22,104,0,0,0,5,3.58893814915791,0,32,48,329,1,0,0,429,120,15,8.96156273118741,0,0,37,0,6,1,1,0,0,0,3,0,0,6,0,0,0,0,0,0,0,0,0,6,40,6,1,0,0,0,1,1,0,0,28,1,0,1,0,0,0,0,0,0,0,0,0,0,28,,,28,0,0,1,1,0,0,1,0,0,0,0,0
2019,8,CLE,REG,NE,20,31,194,1,1,5,-43,5,0,252,81,9,-9.19732154184452,-1.41041159629822,0,22,159,0,22,2,6,-6.35535649838857,0,20,30,194,1,20,0,252,81,9,-0.964878065278754,0,0,35,18,18,5,24,0,3,20,4,0,0,2,0,1,0,0,1,1,0,0,0,13,85,6,2,2,2,46,2,2,0,0,47,1,0,0,1,1,0,0,0,0,0,0,0,0,38;47,,,85,0,0,1,1,0,0,1,0,0,0,0,0
2019,8,DEN,REG,IND,20,32,174,0,0,3,-8,3,0,167,103,8,-7.11224871400497,-4.62658908860437,0,28,113,1,28,0,7,-1.2893297727569,0,20,29,174,0,20,0,167,103,8,-1.74836099119763,0,0,39,7,15,7,16,2,4,11,7,0,0,5,0,0,0,0,1,1,1,1,0,10,88,3,3,22,2,39,2,2,0,0,29,1,0,2,0,0,0,0,0,0,0,0,0,0,21;29,,,50,0,0,1,1,0,0,1,0,0,0,0,0
2019,8,DET,REG,NYG,25,32,342,3,1,4,-26,4,0,390,96,13,16.9867394253059,14.3687057879663,0,25,59,0,25,0,4,-9.2446956638596,0,25,31,342,3,25,1,390,96,13,18.8478115112201,0,0,52,4,12,3,18,2,3,32,6,0,0,7,0,0,0,0,0,0,1,1,1,7,75,3,1,4,0,0,1,2,1,0,52,0.5,0,0,0,0,1,0,0,0,0,0,1,0,52,53,,52,53,0,4,4,0,0,1,0,0,0,0,0
2019,8,GB,REG,KC,23,33,305,3,0,5,-49,0,0,236,186,15,13.7885997823103,11.8926018476486,0,26,118,1,0,0,5,4.09639482622151,0,23,31,305,3,0,0,236,186,15,20.7537234881602,0,0,44,0,8,4,21,1,2,18,7,0,0,4,0,0,0,0,0,0,1,1,0,4,25,3,0,0,3,48,1,1,0,0,35,1,0,0,1,0,0,0,0,0,0,0,0,0,35,,,35,0,0,4,4,0,0,1,0,0,0,0,0
2019,8,HOU,REG,LV,27,39,279,3,0,3,-21,3,0,266,106,17,10.6158918724612,-0.672116091376854,0,32,130,0,32,0,7,0.977983198070433,0,27,38,279,3,27,0,266,106,17,15.7240131577321,0,0,25,7,25,5,11,0,0,0,1,0,0,8,0,0,0,0,1,1,0,0,0,7,50,1,4,32,1,22,2,2,0,0,40,1,0,0,1,1,0,0,0,0,0,0,0,0,33;40,,,73,0,0,3,3,0,0,1,0,0,0,0,0
2019,8,IND,REG,DEN,15,25,202,0,0,4,-11,4,1,205,90,9,-5.69124648990873,-6.54285550117493,0,31,127,1,31,0,7,-0.802395965938695,0,15,24,202,0,15,0,205,90,9,4.22877227756363,0,0,39,14,18,4,9,1,3,8,4,0,0,1,0,0,0,0,0,0,0,0,0,10,103,6,1,8,2,76,3,4,1,0,55,0.75,0,0,0,1,2,0,0,0,0,1,0,0,55;45;51,45,,151,45,0,0,1,1,0,0,1,1,0,0,51
2019,8,JAX,REG,NYJ,22,34,279,3,0,2,-1,2,1,223,140,13,12.338720282983,3.1973092844992,0,34,111,0,34,0,4,-7.031416777163,0,22,33,279,3,22,0,223,140,13,17.2986601860969,0,0,30,0,24,7,47,1,8,51,13,3,25,3,0,2,0,0,2,2,0,0,0,9,70,3,5,25,2,49,3,3,0,0,43,1,0,2,0,1,0,0,0,0,0,0,0,0,29;43;24,,,96,0,0,2,3,1,0,0.666666666666667,0,0,0,0,0
2019,8,KC,REG,GB,24,36,267,2,0,2,-18,2,0,200,167,16,7.40089270890019,0.0285157987049652,0,20,88,1,20,1,4,-2.26412332360633,0,24,35,267,2,24,0,200,167,16,11.7435780110376,0,0,39,0,18,4,49,0,5,49,12,0,0,1,0,0,0,0,0,0,0,0,0,3,30,5,1,18,4,95,1,2,1,0,28,0.5,0,1,0,0,0,0,0,0,0,0,1,0,28,50,,28,50,0,3,3,0,0,1,0,0,0,0,0
2019,8,LA,REG,CIN,17,31,372,2,0,0,0,0,0,321,202,13,23.4864395725142,-5.10936886072159,0,26,98,1,0,0,6,-1.79848965935525,0,17,30,372,2,0,0,321,202,13,23.9759002431362,0,0,53,0,12,5,23,0,5,32,7,0,0,6,0,0,0,0,0,0,0,0,0,9,59,3,0,0,1,14,1,1,0,0,23,1,0,1,0,0,0,0,0,0,0,0,0,0,23,,,23,0,0,3,3,0,0,1,0,0,0,0,0
2019,8,LAC,REG,CHI,19,29,201,1,1,1,-6,0,0,259,54,8,-0.590821077913077,3.71181923767616,0,12,36,1,0,0,2,-2.69667906847126,0,19,29,201,1,0,0,259,54,8,0.428170353657535,0,0,67,0,8,6,21,0,3,13,4,1,37,8,0,0,0,0,0,0,1,1,0,8,53,5,1,0,1,20,1,2,1,0,20,0.5,0,1,0,0,0,0,0,0,0,1,0,0,20,42,,20,42,0,2,2,0,0,1,0,0,0,0,0
2019,8,LV,REG,HOU,18,30,285,3,0,0,0,0,0,278,183,10,14.7404867658039,-7.58895029624303,0,23,93,0,0,0,5,-2.65343841415597,0,18,30,285,3,0,0,278,183,10,14.7404867658039,0,0,54,3,13,6,32,1,3,21,4,0,0,5,0,0,0,0,0,0,0,0,0,11,100,6,2,3,1,18,1,1,0,0,44,1,0,0,0,1,0,0,0,0,0,0,0,0,44,,,44,0,0,3,3,0,0,1,0,0,0,0,0
2019,8,MIA,REG,PIT,21,34,190,2,2,4,-20,4,1,299,61,11,-3.23205155483447,-2.14945831985185,0,19,60,0,19,0,4,-5.75789858069038,0,21,33,190,2,21,1,299,61,11,3.15287554915994,0,0,41,10,16,5,22,1,2,15,7,1,0,8,0,0,0,0,1,1,0,0,0,5,45,5,3,35,4,83,0,0,0,0,,,0,0,0,0,0,0,0,0,0,0,0,0,,,,0,0,0,2,2,0,0,1,0,0,0,0,0
2019,8,MIN,REG,WAS,23,26,285,0,0,3,-12,3,0,95,188,9,12.1522223139183,17.2723919153214,0,38,161,1,38,0,11,-3.99144988069522,0,23,24,285,0,23,1,95,188,9,11.6655998891446,0,0,30,2,16,3,17,2,4,32,6,1,5,5,0,0,0,0,0,0,1,1,0,7,74,2,0,0,0,0,4,4,0,0,50,1,0,2,0,1,1,0,0,0,0,0,0,0,50;29;27;40,,,146,0,0,1,1,0,0,1,0,0,0,0,0
2019,8,NE,REG,CLE,20,36,259,2,0,3,-20,0,0,253,110,11,5.20369765581425,-4.47949273511767,0,27,79,0,0,0,5,-7.20928005762542,0,20,32,259,2,0,0,253,110,11,14.5398259250913,0,0,32,14,18,4,30,1,5,43,7,1,5,3,0,0,0,0,0,0,2,2,1,4,32,3,1,8,2,42,2,4,1,1,29,0.5,0,2,0,0,0,0,0,0,1,0,0,0,20;29,34,29,49,34,29,3,3,0,0,1,0,0,0,0,0
2019,8,NO,REG,ARI,34,43,373,3,1,0,0,0,0,228,242,20,13.7133957478823,5.62094505443129,0,29,137,1,0,0,8,-2.39557918725768,0,34,43,373,3,0,0,228,242,20,13.7133957478823,0,0,30,0,10,5,25,0,3,13,2,0,0,2,0,0,0,0,0,0,0,0,0,2,15,3,3,17,0,0,1,2,1,0,26,0.5,0,1,0,0,0,0,0,0,0,1,0,0,26,47,,26,47,0,4,4,0,0,1,0,0,0,0,0
2019,8,NYG,REG,DET,28,41,322,4,0,3,-32,3,1,307,137,15,0.815549888400827,1.52758583426476,0,24,80,0,24,0,5,-2.36918009887449,0,28,40,322,4,28,0,307,137,15,12.6908029991756,0,0,43,2,12,6,25,1,4,26,6,1,10,1,0,0,0,0,1,1,1,1,0,5,44,4,1,2,6,123,0,0,0,0,,,0,0,0,0,0,0,0,0,0,0,0,0,,,,0,0,0,2,3,1,0,0.666666666666667,0,0,0,0,0
2019,8,NYJ,REG,JAX,21,30,218,2,3,8,-51,8,0,233,101,11,-9.65003450647043,4.72915244513545,1,14,46,0,14,0,2,-1.08989781534183,0,21,29,218,2,21,0,233,101,11,1.13362267530477,1,0,51,0,20,7,23,2,2,1,5,0,0,4,0,0,0,0,0,0,1,1,0,10,83,4,0,0,2,31,0,0,0,0,,,0,0,0,0,0,0,0,0,0,0,0,0,,,,0,0,0,1,1,0,0,1,0,0,0,0,0
2019,8,PHI,REG,BUF,17,24,172,1,0,3,-19,3,0,121,107,10,3.82397631498614,4.01826947927475,0,41,218,3,41,0,10,4.12023802651675,1,17,24,172,1,17,0,121,107,10,8.83213802171966,0,0,34,2,10,4,12,3,4,14,9,0,0,2,0,1,0,0,1,1,1,1,0,4,44,4,1,6,2,40,1,1,0,0,37,1,0,0,1,0,0,0,0,0,0,0,0,0,37,,,37,0,0,2,3,1,0,0.666666666666667,0,0,0,0,0
2019,8,PIT,REG,MIA,20,36,251,2,1,2,-15,2,0,479,100,12,3.61976031124592,-2.44488691290219,0,29,158,1,29,0,7,0.0215169165749103,0,20,36,251,2,20,0,479,100,12,7.06702755022794,0,0,39,5,13,2,8,3,4,20,10,2,6,4,0,0,0,0,1,1,2,2,0,9,70,3,1,2,1,25,2,3,1,0,42,0.666666666666667,0,0,0,2,0,0,0,0,0,0,1,0,42;41,54,,83,54,0,3,3,0,0,1,0,0,0,0,0
2019,8,SEA,REG,ATL,14,20,182,2,0,2,-11,0,0,202,71,9,8.2256655791954,9.36533078551292,0,33,151,1,0,0,9,0.826743602374336,0,14,20,182,2,0,0,202,71,9,10.9745375368458,0,0,46,0,26,4,11,2,2,19,7,1,1,3,0,0,0,0,0,0,2,2,0,9,60,4,0,0,1,21,2,2,0,0,54,1,0,0,0,1,1,0,0,0,0,0,0,0,42;54,,,96,0,0,3,3,0,0,1,0,0,0,0,0
2019,8,SF,REG,CAR,18,22,175,2,1,3,-19,0,0,117,95,12,4.15922141539352,11.7235278541392,0,38,232,5,0,0,10,3.66504335926054,0,18,22,175,2,0,0,117,95,12,11.0313694978249,0,0,48,1,9,9,61,0,7,58,9,3,70,6,0,0,0,0,0,0,0,0,0,4,31,2,6,49,0,0,1,1,0,0,20,1,0,1,0,0,0,0,0,0,0,0,0,0,20,,,20,0,0,6,6,0,0,1,0,0,0,0,0
2019,8,TB,REG,TEN,21,43,301,2,2,3,-18,3,1,467,71,17,2.72156054270015,-5.92762319053092,1,30,106,0,30,1,7,-8.83461028754255,0,21,41,301,2,21,0,467,71,17,11.0755947838579,1,0,33,5,19,7,25,2,3,19,6,0,0,8,0,0,0,0,1,2,1,1,0,9,87,5,3,45,2,47,3,3,0,0,48,1,0,2,0,1,0,0,0,0,0,0,0,0,22;48;24,,,94,0,0,0,0,0,0,,0,0,0,0,0
2019,8,TEN,REG,TB,21,33,193,3,0,3,-19,3,0,337,76,11,3.22579813864378,2.58159113652779,0,21,72,0,21,1,3,-13.355721200991,0,21,33,193,3,21,0,337,76,11,8.67827214103345,0,0,36,9,31,2,7,2,3,18,6,2,23,8,0,0,0,0,1,1,2,2,0,6,77,4,0,0,1,45,2,2,0,0,51,1,0,0,0,1,1,0,0,0,0,0,0,0,51;42,,,93,0,0,3,3,0,0,1,0,0,0,0,0
2019,8,WAS,REG,MIN,15,21,163,0,1,4,-32,4,1,139,72,10,-8.56132859985877,0.0619980550947671,0,16,85,0,16,0,3,-2.25607016019058,0,15,21,163,0,15,0,139,72,10,3.59775136307514,0,0,47,1,33,4,14,1,3,12,4,0,0,0,0,0,0,0,1,1,1,1,0,4,46,5,0,0,2,54,3,3,0,0,43,1,0,1,1,1,0,0,0,0,0,0,0,0,21;30;43,,,94,0,0,0,0,0,0,,0,0,0,0,0
2019,9,ARI,REG,SF,17,24,241,2,0,3,-37,0,0,104,198,7,5.41491670055696,-2.61351543924083,1,23,153,1,0,0,10,5.30594279197976,0,17,23,241,2,0,0,104,198,7,12.8649242598229,1,0,51,3,15,7,18,0,1,7,5,0,0,4,0,0,0,0,0,0,0,0,0,9,65,6,3,17,3,55,1,1,0,0,36,1,0,0,1,0,0,0,0,0,0,0,0,0,36,,,36,0,0,2,2,0,0,1,0,0,0,0,0
2019,9,BAL,REG,NE,17,23,163,1,0,1,-1,1,0,117,111,11,12.7184781742692,2.55000306212384,0,41,210,3,41,1,11,-0.984143380075693,0,17,23,163,1,17,0,117,111,11,13.3605940725832,0,0,44,1,13,3,18,1,2,17,10,1,24,5,0,1,0,0,0,0,1,1,1,4,34,3,2,7,3,38,1,1,0,0,39,1,0,0,1,0,0,0,0,0,0,0,0,0,39,,,39,0,0,4,5,1,0,0.8,0,0,0,0,0
2019,9,BUF,REG,WAS,14,20,160,1,0,2,-14,2,0,201,89,7,7.55704131552809,12.0251823961735,0,39,122,2,39,0,11,-3.0228220197896,0,14,20,160,1,14,0,201,89,7,10.0265091974579,0,0,26,12,26,5,31,1,4,28,4,0,0,2,0,0,0,0,2,2,0,0,0,2,20,2,0,0,2,90,1,1,0,0,42,1,0,0,0,1,0,0,0,0,0,0,0,0,42,,,42,0,0,3,3,0,0,1,0,0,0,0,0
2019,9,CAR,REG,TEN,17,32,232,2,1,3,-18,0,0,399,60,13,4.27129869792683,-0.908451179663342,0,33,156,2,0,0,7,1.47811461755191,0,17,30,232,2,0,0,399,60,13,10.4935051334597,0,0,44,0,18,6,28,1,4,21,7,2,20,4,0,0,0,0,0,0,1,1,0,6,77,3,2,11,2,52,1,2,1,0,35,0.5,0,0,1,0,0,0,0,0,0,1,0,0,35,49,,35,49,0,3,4,0,1,0.75,0,0,0,0,0
2019,9,CHI,REG,PHI,10,21,125,0,0,3,-23,3,0,225,51,3,-6.46577211539261,-16.639309553873,0,18,62,2,18,0,6,1.75274861144135,0,10,21,125,0,10,0,225,51,3,-2.0040864184266,0,0,55,0,20,7,20,0,4,12,6,0,0,5,0,0,0,0,0,0,0,0,0,9,70,5,4,36,3,34,0,0,0,0,,,0,0,0,0,0,0,0,0,0,0,0,0,,,,0,0,0,2,2,0,0,1,0,0,0,0,0
2019,9,CLE,REG,DEN,27,42,273,1,0,2,-12,0,0,182,204,13,7.05604308800446,-3.10565024614334,0,29,90,0,0,0,5,-9.31232957539843,0,27,40,273,1,0,0,182,204,13,10.2099959245874,0,0,28,0,6,6,21,1,3,18,5,0,0,3,0,0,0,0,0,0,1,1,0,5,40,5,2,20,2,57,4,4,0,0,39,1,0,1,3,0,0,0,0,0,0,0,0,0,39;30;27;30,,,126,0,0,1,1,0,0,1,0,0,0,0,0
2019,9,DAL,REG,NYG,22,35,257,3,1,0,0,0,0,360,133,10,9.07484274945286,1.43248386242811,0,30,172,0,30,0,13,2.3646232380819,0,22,34,257,3,22,1,360,133,10,4.95789942692331,0,0,41,5,33,5,30,2,5,39,11,1,29,3,0,0,0,0,1,2,2,2,1,10,104,1,2,24,3,31,3,4,1,0,52,0.75,0,1,1,0,1,0,0,0,0,0,1,0,35;52;28,54,,115,54,0,4,4,0,0,1,0,0,0,0,0
2019,9,DEN,REG,CLE,12,20,193,2,0,3,-18,3,0,181,106,6,2.07018774505993,1.04916062619951,0,20,127,1,20,0,5,3.07658723642817,0,12,18,193,2,12,1,181,106,6,4.12533190948013,0,0,42,5,31,5,21,0,2,12,4,0,0,5,0,0,0,0,0,0,0,0,0,7,55,3,1,20,2,49,1,1,0,0,43,1,0,0,0,1,0,0,0,0,0,0,0,0,43,,,43,0,0,3,3,0,0,1,0,0,0,0,0
2019,9,DET,REG,LV,26,41,406,3,1,2,-23,2,0,464,137,16,12.5926991435217,3.28541557963301,0,19,90,0,19,1,7,-4.34823826057254,0,26,41,406,3,26,0,464,137,16,16.1318159423344,0,0,37,14,26,2,11,0,1,10,2,0,0,2,0,0,0,0,0,1,0,0,0,5,35,5,0,0,4,76,1,1,0,0,23,1,0,1,0,0,0,0,0,0,0,0,0,0,23,,,23,0,0,3,3,0,0,1,0,0,0,0,0
2019,9,GB,REG,LAC,23,35,161,1,0,3,-22,0,0,299,89,11,-3.2626724187994,0.426401066429474,0,11,45,0,0,0,2,0.102112023669295,1,23,34,161,1,0,0,299,89,11,2.41293801732719,0,0,41,8,30,1,9,0,2,11,6,0,0,0,0,0,0,0,0,0,0,0,0,8,45,4,1,0,5,123,1,1,0,0,54,1,0,0,0,0,1,0,0,0,0,0,0,0,54,,,54,0,0,0,0,0,0,,0,0,0,0,0
2019,9,HOU,REG,JAX,22,28,201,2,0,1,-7,1,0,181,91,11,14.4304719789377,13.364372083119,0,34,216,1,34,1,9,-1.13141700901906,0,22,28,201,2,22,0,181,91,11,15.5688871846922,0,0,49,0,2,3,27,3,4,27,5,2,38,8,0,0,0,0,0,0,2,2,0,7,60,4,0,0,1,19,2,3,1,0,52,0.666666666666667,0,0,0,1,1,0,0,0,0,0,1,0,52;42,58,,94,58,0,2,3,0,1,0.666666666666667,0,0,0,0,0
2019,9,IND,REG,PIT,21,31,227,3,1,5,-38,5,1,182,91,12,-6.2481841486441,1.73509031534195,0,29,139,0,29,0,8,2.23755188751586,0,21,30,227,3,21,0,182,91,12,3.56874644580251,0,0,42,7,17,5,18,2,1,8,3,1,35,2,0,0,1,0,1,1,1,1,0,7,89,2,0,0,5,121,1,2,1,0,25,0.5,0,1,0,0,0,0,0,0,0,1,0,0,25,43,,25,43,0,1,2,0,1,0.5,0,1,1,0,43
2019,9,JAX,REG,HOU,27,47,309,0,2,4,-27,4,1,386,143,15,-16.1376739363605,-6.74657252701846,0,15,74,0,15,1,6,-2.26269874838181,0,27,44,309,0,27,0,386,143,15,-5.61924828766496,0,0,53,2,8,3,10,1,1,7,7,0,0,2,0,0,0,0,1,1,1,1,0,4,34,1,2,8,2,40,1,1,0,0,30,1,0,0,1,0,0,0,0,0,0,0,0,0,30,,,30,0,0,0,0,0,0,,0,0,0,0,0
2019,9,KC,REG,MIN,25,35,275,1,0,5,-45,5,0,287,54,15,2.81318984508032,7.88270164938534,0,18,147,1,18,0,2,5.42937842709944,0,25,34,275,1,25,0,287,54,15,8.50217844596103,0,0,35,0,30,2,15,0,1,8,4,0,0,2,0,0,0,0,2,2,0,0,0,4,25,4,2,17,4,101,4,4,0,0,54,1,0,1,0,2,1,0,0,0,0,0,0,0,24;45;54;44,,,167,0,0,2,2,0,0,1,1,1,0,0,44
2019,9,LAC,REG,GB,21,28,294,0,0,2,-11,0,0,238,143,13,9.79315031692915,15.0321342624151,0,38,159,2,0,0,11,6.95779870630575,0,21,26,294,0,0,0,238,143,13,12.9134867608316,0,0,33,1,15,5,23,0,3,22,7,0,0,1,0,0,0,0,0,0,0,0,0,5,45,4,2,1,2,34,4,5,1,0,43,0.8,0,1,1,2,0,0,0,0,0,1,0,0,29;40;34;43,44,,146,44,0,2,2,0,0,1,0,0,0,0,0
2019,9,LV,REG,DET,20,31,289,2,0,1,-10,1,0,263,109,14,12.1861262965425,11.3824868643725,0,36,171,2,36,0,11,3.35287067704485,0,20,27,289,2,20,0,263,109,14,17.4887664336767,0,0,36,10,12,3,24,0,2,23,3,1,0,3,0,0,0,0,3,3,1,1,0,10,96,4,1,16,3,81,1,2,1,0,32,0.5,0,0,1,0,0,0,0,0,0,1,0,0,32,45,,32,45,0,4,4,0,0,1,0,0,0,0,0
2019,9,MIA,REG,NYJ,24,36,288,3,0,4,-22,0,0,343,106,16,12.8726267267111,3.8345240884357,0,24,50,0,0,0,3,-7.31329641231895,0,24,36,288,3,0,0,343,106,16,19.5901601380901,0,0,32,1,31,5,30,0,3,22,10,1,0,2,0,0,1,0,0,0,0,0,0,6,51,5,2,19,4,50,1,2,1,0,26,0.5,0,1,0,0,0,0,0,0,0,1,0,0,26,49,,26,49,0,3,3,0,0,1,0,0,0,0,0
2019,9,MIN,REG,KC,19,38,220,3,0,1,-8,1,0,258,123,12,10.4256001093318,-12.1362451363254,0,27,96,0,27,0,4,-6.68659291835502,0,19,37,220,3,19,0,258,123,12,12.0503932619477,0,0,43,2,18,6,33,3,5,45,10,0,0,4,0,1,0,0,1,1,1,1,0,3,25,4,5,29,0,0,1,1,0,0,29,1,0,1,0,0,0,0,0,0,0,0,0,0,29,,,29,0,0,2,3,1,0,0.666666666666667,0,0,0,0,0
2019,9,NE,REG,BAL,30,46,285,1,1,2,-17,2,0,318,155,17,2.1001361312683,5.13763609455853,0,17,74,1,17,0,5,1.30439567726823,0,30,41,285,1,30,1,318,155,17,1.08442971388468,0,0,45,4,20,4,5,1,1,1,3,0,0,2,0,0,0,0,1,1,2,2,0,7,48,3,0,0,2,53,2,2,0,0,22,1,1,1,0,0,0,0,0,0,0,0,0,0,22;19,,,41,0,0,2,2,0,0,1,0,0,0,0,0
2019,9,NYG,REG,DAL,26,41,210,1,1,5,-39,5,1,240,129,11,-12.924077088996,-4.55822690231044,0,22,100,0,22,1,6,-3.54009485043935,0,26,41,210,1,26,0,240,129,11,3.24814970570831,0,0,41,3,25,1,5,1,0,0,5,1,7,4,0,0,0,0,0,0,1,1,0,8,71,3,1,15,7,186,4,4,0,0,29,1,0,4,0,0,0,0,0,0,0,0,0,0,21;25;26;29,,,101,0,0,0,1,1,0,0,0,0,0,0,0
2019,9,NYJ,REG,MIA,27,39,260,1,1,3,-22,3,0,269,118,13,2.98087898712236,10.6471188366413,0,21,83,0,21,0,5,-3.09736551085122,0,27,36,260,1,27,0,269,118,13,7.25832015436026,0,0,47,2,12,9,34,0,4,22,6,0,0,5,0,0,1,0,0,1,0,0,0,10,105,4,0,0,2,103,3,4,1,0,52,0.75,0,1,0,1,1,0,0,0,0,1,0,0,52;40;29,49,,121,49,0,1,1,0,0,1,0,0,0,0,0
2019,9,PHI,REG,CHI,26,39,239,1,0,4,-12,4,0,303,123,16,6.53439027628434,-0.697790506558542,0,35,146,1,35,0,7,-3.70081826827368,0,26,39,239,1,26,0,303,123,16,11.7266956298822,0,0,25,1,19,2,12,0,3,23,6,0,0,3,0,2,0,0,0,0,1,1,0,8,75,4,2,2,2,31,3,3,0,0,38,1,0,2,1,0,0,0,0,0,0,0,0,0,28;28;38,,,94,0,0,1,2,1,0,0.5,0,0,0,0,0
2019,9,PIT,REG,IND,26,35,191,1,1,1,-8,1,0,192,112,11,-0.845630145620323,8.01459857646157,0,25,90,0,25,0,3,-6.50773667631438,0,26,34,191,1,26,1,192,112,11,-0.46732179860324,0,0,42,12,22,5,25,3,5,38,9,1,96,3,1,0,0,0,1,1,2,2,0,5,70,6,1,0,2,40,4,4,0,0,51,1,0,2,1,0,1,0,0,0,0,0,0,0,21;51;33;26,,,131,0,0,2,2,0,0,1,0,0,0,0,0
2019,9,SEA,REG,TB,29,43,378,5,0,3,-31,3,0,346,174,23,16.4722893075881,5.32101773938467,1,22,145,0,22,1,4,-2.04284781086791,0,29,43,378,5,29,0,346,174,23,21.5799526290133,1,0,42,8,22,2,8,1,2,16,3,0,0,3,0,0,0,0,0,0,1,1,0,4,45,4,2,15,0,0,2,4,2,0,37,0.5,0,1,1,0,0,0,0,0,0,2,0,0,37;22,47;40,,59,87,0,2,3,1,0,0.666666666666667,0,0,0,0,0
2019,9,SF,REG,ARI,28,37,317,4,0,1,-7,0,0,261,138,15,21.8869348046137,7.74332091615007,0,31,101,0,0,0,7,-9.07234407882788,0,28,37,317,4,0,0,261,138,15,23.833294624812,0,0,37,3,15,5,41,0,3,37,3,0,0,2,0,0,0,0,0,0,0,0,0,8,75,6,3,25,4,70,0,0,0,0,,,0,0,0,0,0,0,0,0,0,0,0,0,,,,0,0,0,4,4,0,0,1,0,0,0,0,0
2019,9,TB,REG,SEA,29,44,335,2,0,2,-16,2,1,448,97,19,10.777608861619,4.28119031495826,0,26,99,2,26,0,7,1.80691094358917,0,29,43,335,2,29,0,448,97,19,19.5659169169338,0,0,39,2,24,3,20,2,3,31,11,0,0,6,0,0,0,0,0,0,1,1,0,10,82,5,3,32,3,78,2,3,1,0,45,0.666666666666667,0,0,0,2,0,0,0,0,0,0,1,0,41;45,50,,86,50,0,4,4,0,0,1,0,0,0,0,0
2019,9,TEN,REG,CAR,27,39,331,1,2,4,-21,4,0,328,152,17,3.59665465328391,5.61458323452924,0,21,121,2,21,1,5,-0.479497200809419,0,27,37,331,1,27,0,328,152,17,8.79989106957229,0,0,28,1,49,5,27,0,3,18,6,1,0,9,0,0,0,0,0,0,0,0,0,11,99,5,1,11,3,69,0,3,3,0,,0,0,0,0,0,0,0,0,0,0,2,1,0,,43;56;44,,0,143,0,2,2,0,0,1,0,0,0,0,0
2019,9,WAS,REG,BUF,15,22,144,0,0,4,-28,4,0,144,78,7,-5.29854330239103,-1.49632489139383,0,23,127,0,23,0,5,-0.279561272996943,0,15,22,144,0,15,0,144,78,7,0.780068749163147,0,0,39,10,14,6,35,1,2,14,2,0,0,2,0,0,0,0,1,1,0,0,0,3,15,3,1,0,3,56,3,3,0,0,39,1,0,1,2,0,0,0,0,0,0,0,0,0,29;33;39,,,101,0,0,0,0,0,0,,0,0,0,0,0
2019,10,ARI,REG,TB,28,45,350,3,1,2,-8,2,0,560,137,14,10.0169859532721,4.9176741478055,0,18,75,0,18,0,4,-1.47483676997945,0,28,43,350,3,28,1,560,137,14,8.65059299651649,0,0,50,2,20,7,19,1,4,19,10,2,2,6,0,0,0,0,0,0,1,1,0,11,87,3,1,2,2,43,2,2,0,0,54,1,0,0,1,0,1,0,0,0,0,0,0,0,37;54,,,91,0,0,3,3,0,0,1,0,0,0,0,0
2019,10,ATL,REG,NO,20,35,182,2,1,1,-8,0,0,260,89,9,-0.652564521792136,-6.42139343544841,0,34,143,0,0,0,9,0.926106207363299,0,20,32,182,2,0,0,260,89,9,3.13646653603064,0,0,46,1,15,5,40,0,6,46,11,0,0,2,0,0,0,0,0,0,0,0,0,7,48,2,2,33,0,0,4,4,0,0,48,1,0,0,3,1,0,0,0,0,0,0,0,0,37;36;48;30,,,151,0,0,2,2,0,0,1,0,0,0,0,0
2019,10,BAL,REG,CIN,18,22,243,3,1,1,0,0,0,231,67,13,19.6438298411958,26.4722120194208,0,23,136,2,0,0,7,4.08495278112241,0,18,21,243,3,0,0,231,67,13,19.8497787223605,0,0,45,0,32,5,23,2,2,17,6,1,89,6,1,0,0,0,0,0,2,2,1,5,35,3,1,8,1,18,0,0,0,0,,,0,0,0,0,0,0,0,0,0,0,0,0,,,,0,0,0,7,7,0,0,1,0,0,0,0,0
2019,10,BUF,REG,CLE,22,41,266,0,0,1,-6,1,0,403,88,12,-2.66262912575289,-2.98143980594782,0,20,84,2,20,0,6,4.6258109556511,0,22,39,266,0,22,0,403,88,12,0.86005467223336,0,0,43,1,17,5,24,0,2,17,4,0,0,6,0,0,1,0,1,1,0,0,0,7,40,6,2,34,5,115,0,2,2,0,,0,0,0,0,0,0,0,0,0,1,0,1,0,,34;53,,0,87,0,2,2,0,0,1,0,0,0,0,0
2019,10,CAR,REG,GB,28,43,307,1,1,3,-26,3,0,358,124,19,1.98396929568424,8.71468617727882,0,23,120,1,23,1,7,-3.33833145478275,0,28,38,307,1,28,0,358,124,19,11.3840426996425,0,0,35,0,18,3,11,0,2,8,5,0,0,4,0,0,0,0,1,2,0,0,0,5,46,4,0,0,4,80,1,1,0,0,50,1,0,0,0,0,1,0,0,0,0,0,0,0,50,,,50,0,0,1,1,0,0,1,0,0,0,0,0
2019,10,CHI,REG,DET,16,23,173,3,0,5,-28,5,0,221,62,7,-1.21392733918037,3.65750362043796,0,24,81,0,24,0,5,-2.43698175495956,0,16,23,173,3,16,0,221,62,7,7.37135185592342,0,0,51,0,20,2,10,0,2,10,8,1,4,6,0,0,0,0,1,1,0,0,0,7,57,3,2,9,4,101,0,0,0,0,,,0,0,0,0,0,0,0,0,0,0,0,0,,,,0,0,0,2,3,1,0,0.666666666666667,0,0,0,0,0
2019,10,CIN,REG,BAL,16,30,167,1,1,2,-17,2,1,225,87,9,-23.8935142421484,-9.39233313346731,0,40,157,0,40,0,12,-2.25386173152947,0,16,29,167,1,16,1,225,87,9,-13.5753450884541,0,0,27,0,24,2,3,0,1,0,4,1,20,3,0,0,0,0,1,2,0,0,0,1,5,3,0,0,3,95,2,2,0,0,42,1,0,0,1,1,0,0,0,0,0,0,0,0,42;39,,,81,0,0,1,1,0,0,1,0,0,0,0,0
2019,10,CLE,REG,BUF,26,38,238,2,0,2,-17,2,0,261,122,15,5.02101923887006,3.53619048469945,0,26,147,0,26,0,7,-2.01414593335358,0,26,38,238,2,26,0,261,122,15,9.26252148685365,0,0,46,0,6,1,6,1,1,6,5,0,0,5,0,1,0,0,1,1,0,0,0,4,70,4,1,0,2,40,2,2,0,0,47,1,0,1,0,1,0,0,0,0,0,0,0,0,27;47,,,74,0,0,1,2,1,0,0.5,0,0,0,0,0
2019,10,DAL,REG,MIN,28,47,397,3,1,1,-4,0,0,567,98,22,20.3389274568326,0.941661203449421,0,22,50,0,0,0,0,-8.39519393266528,0,28,44,397,3,0,0,567,98,22,23.612119374462,0,0,37,0,40,2,10,0,1,9,7,0,0,2,0,0,0,0,0,0,0,0,0,5,39,3,1,0,0,0,1,2,1,0,23,0.5,0,1,0,0,0,0,0,0,0,0,1,0,23,57,,23,57,0,3,3,0,0,1,0,0,0,0,0
2019,10,DET,REG,CHI,27,46,269,1,1,2,-10,0,0,307,125,11,-10.9798097680837,-5.20956599435141,0,27,98,0,0,0,7,-0.765901574864984,0,27,43,269,1,0,0,307,125,11,-6.63348489876855,0,0,43,1,9,6,29,0,5,28,7,0,0,5,0,0,0,0,0,0,0,0,0,8,76,6,3,27,3,66,2,2,0,0,54,1,0,1,0,0,1,0,0,0,0,0,0,0,22;54,,,76,0,0,1,1,0,0,1,0,0,0,0,0
2019,10,GB,REG,CAR,17,29,233,0,0,2,-8,0,0,338,113,9,4.16060728268349,1.76748865180546,0,27,163,3,0,0,10,6.59866609078017,0,17,27,233,0,0,0,338,113,9,8.71719317571842,0,0,43,2,24,4,27,1,3,26,9,1,0,7,0,0,0,0,0,0,1,1,0,10,64,6,0,0,0,0,1,1,0,0,47,1,0,0,0,1,0,0,0,0,0,0,0,0,47,,,47,0,0,3,3,0,0,1,0,0,0,0,0
2019,10,IND,REG,MIA,18,39,204,1,3,1,-13,1,0,401,95,12,-17.5050543511382,-14.5381657741009,0,29,109,0,29,0,7,-5.96483616082696,0,18,39,204,1,18,0,401,95,12,-15.1632141342482,0,0,39,11,17,5,18,1,3,10,7,1,1,6,0,0,0,0,1,1,1,1,0,3,25,4,3,38,0,0,2,2,0,0,39,1,0,1,1,0,0,0,0,0,0,0,0,0,25;39,,,64,0,0,0,1,1,0,0,0,0,0,0,0
2019,10,KC,REG,TEN,36,51,446,3,0,2,-13,2,0,422,248,20,22.145340149692,5.9913025826824,0,25,97,0,25,1,6,-10.9898355101177,0,36,49,446,3,36,0,422,248,20,28.7906585218089,0,0,28,9,19,4,26,1,4,35,8,0,0,3,0,0,0,0,1,1,1,1,0,9,80,2,1,5,4,90,4,5,0,1,43,0.8,0,0,2,2,0,0,0,0,0,0,0,0,30;41;43;39,,52,153,0,52,2,3,1,0,0.666666666666667,0,0,0,0,0
2019,10,LA,REG,PIT,22,42,243,0,3,4,-25,4,1,298,90,10,-21.57679773409,-16.2121343470755,0,23,88,0,23,0,4,-7.21837346989196,0,22,42,243,0,22,0,298,90,10,-9.52315778578009,0,0,42,12,20,6,17,3,3,11,9,0,0,2,0,0,1,0,1,2,2,2,1,10,95,6,3,21,4,94,1,2,1,0,30,0.5,0,0,1,0,0,0,0,0,0,0,1,0,30,56,,30,56,0,1,1,0,0,1,0,0,0,0,0
2019,10,LAC,REG,LV,17,31,207,2,3,5,-38,5,0,397,65,11,-12.2202826251459,-3.24995460048798,0,30,146,1,30,0,10,3.29924049129477,0,17,31,207,2,17,0,397,65,11,-2.92456510101414,0,0,29,15,31,5,20,0,3,18,5,0,0,2,0,0,0,0,1,1,0,0,0,8,70,2,3,19,3,52,1,1,0,0,27,1,0,1,0,0,0,0,0,0,0,0,0,0,27,,,27,0,0,3,3,0,0,1,0,0,0,0,0
2019,10,LV,REG,LAC,21,31,218,1,0,3,-18,0,0,183,117,12,4.64423966489784,0.55356909831365,0,21,78,1,0,0,3,-1.87548007309902,0,21,30,218,1,0,0,183,117,12,10.0606849516355,0,0,34,9,33,6,30,1,5,38,10,3,115,9,1,0,0,0,0,0,0,0,0,12,97,2,2,11,5,94,2,3,1,0,40,0.666666666666667,0,1,0,1,0,0,0,0,0,0,1,0,40;22,53,,62,53,0,2,3,1,0,0.666666666666667,0,0,0,0,0
2019,10,MIA,REG,IND,21,33,169,0,1,3,-10,3,0,173,92,11,-4.71577686921228,-8.31560790538788,0,26,70,1,26,0,1,-7.15619281495272,0,21,33,169,0,21,1,173,92,11,-8.39376462274231,0,0,39,10,12,3,9,1,1,13,6,3,32,9,0,0,0,0,0,0,0,0,0,4,30,1,2,16,0,0,3,3,0,0,48,1,0,0,0,3,0,0,0,0,0,0,0,0,47;48;48,,,143,0,0,1,1,0,0,1,0,0,0,0,0
2019,10,MIN,REG,DAL,23,32,220,2,0,1,-9,0,0,188,147,15,11.7618382720329,8.855993420847,1,36,153,1,0,0,9,4.81104395116563,0,23,31,220,2,0,0,188,147,15,14.3024477891676,1,0,39,0,12,3,9,0,1,4,9,1,0,8,0,0,0,0,0,0,0,0,0,5,35,4,0,0,1,29,2,2,0,0,27,1,0,2,0,0,0,0,0,0,0,0,0,0,26;27,,,53,0,0,2,2,0,0,1,0,0,0,0,0
2019,10,NO,REG,ATL,33,46,304,0,0,6,-46,0,0,277,150,13,-16.5670406011462,2.11599977179007,0,11,52,0,0,0,4,0.443588891241234,0,33,44,304,0,0,0,277,150,13,-4.06877148482242,0,0,44,2,20,4,17,0,1,8,5,1,0,8,0,0,0,0,0,0,0,0,0,12,90,6,1,19,4,109,3,3,0,0,47,1,0,2,0,1,0,0,0,0,0,0,0,0,29;47;28,,,104,0,0,0,0,0,0,,0,0,0,0,0
2019,10,NYG,REG,NYJ,26,40,308,4,0,6,-50,6,1,240,179,11,4.50404704033304,1.23071529363332,1,17,23,0,17,0,1,-8.64617422863375,0,26,38,308,4,26,0,240,179,11,21.1321890446418,1,0,36,0,32,4,17,0,2,12,8,0,0,4,0,0,0,0,2,2,0,0,0,6,62,4,1,8,2,34,0,0,0,0,,,0,0,0,0,0,0,0,0,0,0,0,0,,,,0,0,0,1,2,1,0,0.5,0,0,0,0,0
2019,10,NYJ,REG,NYG,19,30,230,1,0,2,-12,0,0,255,125,10,4.43345784149983,4.20166541028906,0,29,76,2,0,0,5,-4.12977521299035,0,19,27,230,1,0,0,255,125,10,10.3198161176843,0,0,40,0,16,8,31,3,6,50,10,0,0,5,0,0,0,0,0,0,2,2,1,7,54,3,3,29,2,39,2,3,1,0,53,0.666666666666667,0,0,1,0,1,0,0,0,0,0,1,0,53;35,54,,88,54,0,4,4,0,0,1,0,0,0,0,0
2019,10,PIT,REG,LA,22,38,242,1,0,3,-11,3,0,250,105,10,0.370050748926587,-4.62371781468391,0,27,42,0,27,0,4,-21.7114930281532,0,22,36,242,1,22,1,250,105,10,1.9009814694291,0,0,37,14,24,3,25,3,4,25,9,3,16,13,0,1,0,0,2,3,1,1,1,13,107,2,4,21,1,20,1,1,0,0,33,1,0,0,1,0,0,0,0,0,0,0,0,0,33,,,33,0,0,2,2,0,0,1,0,0,0,0,0
2019,10,SEA,REG,SF,24,34,232,1,1,5,-43,5,0,185,147,11,-12.846736532345,4.21543365175074,0,34,147,1,34,1,8,-2.20220525600101,0,24,33,232,1,24,1,185,147,11,-1.97846722544637,0,0,44,0,30,4,9,2,5,33,10,1,44,8,0,0,0,0,2,2,2,2,1,9,75,7,2,24,3,43,2,2,0,0,46,1,0,0,0,2,0,0,0,0,0,0,0,0,46;42,,,88,0,0,3,3,0,0,1,1,1,0,0,42
2019,10,SF,REG,SEA,24,46,248,1,1,5,-33,5,2,374,159,15,-20.2971467951035,-13.3724008771506,1,27,87,0,27,0,2,-6.69172400401676,0,24,44,248,1,24,0,374,159,15,-3.18079093611951,1,0,50,1,33,5,32,5,5,43,8,1,47,7,0,0,0,0,0,0,3,3,1,5,40,7,3,2,1,22,3,4,1,0,47,0.75,0,0,1,2,0,0,0,0,0,1,0,0,43;39;47,47,,129,47,0,1,1,0,0,1,0,0,0,0,0
2019,10,TB,REG,ARI,30,48,358,1,2,4,-19,4,0,440,192,15,0.623025261548894,3.79635572433472,0,26,118,2,26,0,7,4.16562332079047,0,30,45,358,1,30,1,440,192,15,4.43295429878271,0,0,41,2,14,6,22,1,2,8,5,1,0,6,0,0,0,0,1,1,1,1,0,9,94,4,2,9,1,17,3,3,0,0,45,1,0,0,1,2,0,0,0,0,0,0,0,0,30;45;41,,,116,0,0,3,3,0,0,1,0,0,0,0,0
2019,10,TEN,REG,KC,13,19,181,2,0,4,-35,4,1,251,51,7,-2.67652317159809,9.81787074553339,0,26,225,2,26,0,10,10.948598505449,1,13,19,181,2,13,0,251,51,7,9.0121778867906,0,0,43,12,34,4,20,1,2,13,4,0,0,6,0,0,0,14,0,0,1,1,1,8,64,4,0,0,3,46,0,0,0,0,,,0,0,0,0,0,0,0,0,0,0,0,0,,,,0,0,0,3,4,1,0,0.75,0,0,0,0,0
2019,11,ARI,REG,SF,24,33,150,2,0,4,-19,4,0,124,87,9,2.16122258744801,0.385527086980414,0,25,135,1,25,0,9,2.51355722476728,0,24,33,150,2,24,2,124,87,9,-3.14322674959183,0,0,46,9,13,4,19,0,2,16,6,2,66,5,0,0,0,0,0,0,0,0,0,10,104,6,0,0,2,41,2,2,0,0,43,1,0,1,0,1,0,0,0,0,0,0,0,0,26;43,,,69,0,0,2,3,1,0,0.666666666666667,0,0,0,0,0
2019,11,ATL,REG,CAR,22,32,314,1,0,3,-19,3,0,292,77,15,12.763813266422,9.49104418677668,0,26,54,1,26,0,4,-2.87842598307179,0,22,31,314,1,22,0,292,77,15,19.4276371994403,0,1,32,1,43,6,56,0,5,55,11,4,23,9,0,2,0,0,3,3,0,0,0,3,20,5,3,78,0,0,3,4,1,0,38,0.75,0,2,1,0,0,0,0,0,1,0,0,0,38;23;29,38,,90,38,0,2,2,0,0,1,0,0,0,0,0
2019,11,BAL,REG,HOU,20,27,235,4,0,0,0,0,0,210,145,11,18.351376145066,6.7399083464234,0,37,256,1,37,0,12,2.57690894780188,0,20,27,235,4,20,0,210,145,11,18.351376145066,0,0,40,1,13,8,56,1,7,59,10,1,6,5,0,1,0,0,1,1,1,1,0,8,65,2,2,4,2,16,2,3,1,0,46,0.666666666666667,0,0,1,1,0,0,0,0,0,1,0,0,34;46,43,,80,43,0,5,5,0,0,1,0,0,0,0,0
2019,11,BUF,REG,MIA,21,33,256,3,0,0,0,0,0,278,105,12,12.1091790942664,1.41290945391501,0,34,168,1,34,0,9,6.03364427795168,0,21,31,256,3,21,0,278,105,12,14.2730736359444,0,0,42,2,20,9,46,0,7,43,14,0,0,3,0,0,0,0,2,2,1,1,0,5,50,4,3,21,1,44,3,3,0,0,51,1,0,1,1,0,1,0,0,0,0,0,0,0,51;34;21,,,106,0,0,4,4,0,0,1,0,0,0,0,0
2019,11,CAR,REG,ATL,31,50,325,0,4,5,-55,0,0,351,155,15,-17.9379191757321,-0.198437939298915,0,15,77,0,0,0,2,-2.51242107048165,0,31,47,325,0,0,0,351,155,15,-3.1859741252406,0,0,40,1,19,5,24,1,3,19,9,0,0,3,0,0,0,0,0,0,0,0,0,8,68,3,1,6,3,68,1,1,0,0,31,1,0,0,1,0,0,0,0,0,0,0,0,0,31,,,31,0,0,0,0,0,0,,0,0,0,0,0
2019,11,CHI,REG,LA,25,47,199,1,1,3,-6,0,0,350,95,10,-12.6878374498226,-11.5606965621312,0,24,74,0,0,0,5,-4.5277699570288,0,25,45,199,1,0,0,350,95,10,-7.13512978294521,0,0,31,7,23,3,9,3,0,0,1,1,0,1,0,0,0,0,0,0,1,1,0,2,25,2,0,0,3,85,0,2,2,0,,0,0,0,0,0,0,0,0,0,0,2,0,0,,48;47,,0,95,0,1,1,0,0,1,0,0,0,0,0
2019,11,CIN,REG,LV,13,31,115,0,1,5,-42,5,1,201,51,6,-20.5336909573336,-25.2253090341886,0,22,173,1,22,0,9,7.60224702971755,0,13,30,115,0,13,0,201,51,6,-8.45074798450701,0,0,38,5,39,5,18,1,3,19,7,1,4,1,0,0,0,0,0,0,1,1,0,4,40,6,3,32,2,58,1,2,1,0,40,0.5,0,0,0,1,0,0,0,0,0,0,1,0,40,53,,40,53,0,1,1,0,0,1,0,0,0,0,0
2019,11,CLE,REG,PIT,17,32,193,2,0,1,-4,0,0,277,68,10,1.08324774722027,-6.75085524717967,0,35,104,1,0,0,6,-10.1793193396879,0,17,30,193,2,0,0,277,68,10,3.32091165759525,0,0,38,1,15,7,52,1,4,43,11,4,90,10,0,0,0,0,0,0,0,0,0,8,121,4,2,16,2,50,0,2,2,0,,0,0,0,0,0,0,0,0,0,0,1,1,0,,45;50,,0,95,0,3,3,0,0,1,0,0,0,0,0
2019,11,DAL,REG,DET,29,46,444,3,0,1,-10,1,0,454,214,21,21.1577547589004,-1.48810870117611,0,24,75,1,24,1,4,-2.40850695998222,1,29,45,444,3,29,0,454,214,21,24.0729854390794,0,0,41,3,7,5,30,0,3,18,6,0,0,5,0,0,0,0,0,0,0,0,0,6,45,4,2,2,2,42,2,2,0,0,34,1,0,0,2,0,0,0,0,0,0,0,0,0,30;34,,,64,0,0,3,3,0,0,1,0,0,0,0,0
2019,11,DEN,REG,MIN,18,40,278,1,1,2,-8,0,0,355,77,11,-3.59945585037105,-11.2640185488595,0,33,124,1,0,0,7,-0.713744155317661,0,18,36,278,1,0,0,355,77,11,3.41705758613778,0,0,42,1,21,5,28,2,5,35,6,0,0,2,0,0,0,0,0,0,2,2,0,6,35,5,0,0,1,42,3,4,1,0,47,0.75,0,1,0,2,0,0,0,0,0,1,0,0,47;29;41,43,,117,43,0,2,2,0,0,1,0,0,0,0,0
2019,11,DET,REG,DAL,15,26,209,2,0,3,-18,0,0,257,68,9,4.53290349534666,-2.86537061134974,0,28,121,2,0,0,8,-0.506840351037681,0,15,24,209,2,0,0,257,68,9,10.5320237554698,0,0,41,1,17,1,10,1,1,10,6,0,0,4,0,0,0,0,0,0,1,1,0,11,89,4,2,35,3,78,0,0,0,0,,,0,0,0,0,0,0,0,0,0,0,0,0,,,,0,0,0,3,3,0,0,1,0,0,0,0,0
2019,11,HOU,REG,BAL,18,30,169,0,1,7,-59,7,1,241,83,10,-22.2748909098369,-7.93117006619771,0,20,122,1,20,0,3,-0.980878033326007,0,18,30,169,0,18,0,241,83,10,-4.94200572364899,0,0,48,0,16,3,10,0,0,0,1,0,0,1,0,0,0,0,0,0,0,0,0,5,60,3,0,0,3,70,0,1,1,0,,0,0,0,0,0,0,0,0,0,0,1,0,0,,43,,0,43,0,1,1,0,0,1,0,0,0,0,0
2019,11,IND,REG,JAX,15,24,148,1,1,3,-23,3,0,219,86,9,-0.323226215145409,3.8158825465611,0,36,264,3,36,0,12,13.5227805295144,0,15,21,148,1,15,0,219,86,9,6.84953260438997,0,0,31,13,15,3,19,0,2,17,5,1,0,9,0,1,0,0,1,1,0,0,0,3,20,4,3,9,3,54,1,1,0,0,34,1,0,0,1,0,0,0,0,0,0,0,0,0,34,,,34,0,0,4,4,0,0,1,0,0,0,0,0
2019,11,JAX,REG,IND,33,47,296,2,1,2,-17,0,0,423,144,13,-5.67566671511268,1.91901954619781,0,9,29,0,0,0,2,-2.1595810377039,0,33,46,296,2,0,0,423,144,13,-2.53268327049555,0,0,49,6,6,4,27,1,3,23,6,1,0,3,0,0,0,0,0,0,1,1,0,8,81,3,1,0,1,23,0,1,1,0,,0,0,0,0,0,0,0,0,0,0,1,0,0,,46,,0,46,0,1,1,0,0,1,0,0,0,0,0
2019,11,KC,REG,LAC,19,32,182,1,1,1,-2,1,0,255,94,9,-1.76470443910923,-6.17551608011127,0,27,130,2,27,0,7,4.85714917309815,0,19,32,182,1,19,0,255,94,9,-0.947433882877267,0,0,31,8,36,3,12,1,2,8,7,4,35,11,0,0,0,0,1,1,0,0,0,8,102,1,2,22,0,0,1,1,0,0,41,1,0,0,0,1,0,0,0,0,0,0,0,0,41,,,41,0,0,3,3,0,0,1,0,0,0,0,0
2019,11,LA,REG,CHI,11,18,173,0,1,0,0,0,0,158,102,6,5.14933382431627,1.79628171026707,0,34,110,2,34,1,7,-15.3506163580311,0,11,16,173,0,11,0,158,102,6,6.16511723390431,0,0,41,3,19,6,11,0,3,6,5,1,6,9,0,0,0,0,1,1,0,0,0,6,34,2,2,0,1,27,1,1,0,0,38,1,0,0,1,0,0,0,0,0,0,0,0,0,38,,,38,0,0,2,2,0,0,1,0,0,0,0,0
2019,11,LAC,REG,KC,28,52,353,1,4,2,-8,2,0,412,190,14,-2.26500080538534,-8.64332268635432,1,19,93,0,19,0,7,-0.293774517369457,0,28,48,353,1,28,0,412,190,14,1.48965201951106,1,0,37,3,19,3,10,1,1,2,5,1,2,5,0,2,0,0,3,3,0,0,0,9,60,6,2,0,2,44,3,4,1,0,49,0.75,0,2,0,1,0,0,0,0,0,1,0,0,27;26;49,40,,102,40,0,0,0,0,0,,0,0,0,0,0
2019,11,LV,REG,CIN,25,29,292,1,1,3,-19,3,0,186,128,12,6.93183170490025,21.2910296661513,0,34,113,1,34,1,7,-6.47707750712289,0,25,28,292,1,25,0,186,128,12,13.914746205188,0,0,39,3,11,4,28,1,5,42,6,1,0,10,0,0,0,0,0,0,1,1,0,7,42,5,1,0,0,0,1,1,0,0,20,1,0,1,0,0,0,0,0,0,0,0,0,0,20,,,20,0,0,2,2,0,0,1,0,0,0,0,0
2019,11,MIA,REG,BUF,32,45,323,0,0,7,-43,7,0,317,136,13,-6.2090700719126,4.66787042942914,0,13,23,2,13,0,3,-3.7823874753376,0,32,44,323,0,32,1,317,136,13,0.109229280628031,0,1,41,2,30,0,0,2,0,0,2,0,0,2,0,0,0,0,0,0,0,0,0,6,44,4,0,0,5,198,0,0,0,0,,,0,0,0,0,0,0,0,0,0,0,0,0,,,,0,0,0,2,2,0,0,1,0,0,0,0,0
2019,11,MIN,REG,DEN,29,35,319,3,0,5,-35,5,1,281,123,13,6.84990907942131,10.6292669262205,0,18,37,1,18,0,5,-3.40124165546149,0,29,35,319,3,29,0,281,123,13,18.2983039070242,0,0,41,0,26,6,17,0,2,8,6,1,21,6,0,2,0,0,2,2,0,0,0,5,49,4,2,0,2,42,0,0,0,0,,,0,0,0,0,0,0,0,0,0,0,0,0,,,,0,0,0,3,3,0,0,1,0,0,0,0,0
2019,11,NE,REG,PHI,27,48,231,1,0,1,-7,0,0,348,134,14,-2.29061971826997,-5.60276524888145,0,22,74,0,0,0,4,-3.32992919506785,1,27,45,231,1,0,0,348,134,14,1.61008016202627,0,0,49,0,2,5,31,2,5,40,12,0,0,8,0,0,0,0,0,0,1,1,0,6,89,1,3,23,2,42,3,3,0,0,39,1,0,1,2,0,0,0,0,0,0,0,0,0,35;22;39,,,96,0,0,0,0,0,0,,0,0,0,0,0
2019,11,NO,REG,TB,28,35,228,3,0,1,-9,1,0,157,131,15,9.50571861397547,14.5813125897856,0,28,109,0,28,0,8,2.48842963180505,0,28,34,228,3,28,0,157,131,15,12.2488426317002,0,0,36,0,4,3,17,0,2,15,12,4,75,12,1,0,0,0,0,0,0,0,0,9,76,3,3,32,1,12,2,2,0,0,44,1,0,1,0,1,0,0,0,0,0,0,0,0,44;26,,,70,0,0,4,4,0,0,1,0,0,0,0,0
2019,11,NYJ,REG,WAS,19,31,293,4,1,2,-8,2,0,318,94,15,10.5876834742474,7.47154780796596,0,33,115,1,33,0,6,-1.25576452095993,0,19,28,293,4,19,0,318,94,15,16.4174502871563,0,0,39,4,16,8,47,1,6,43,9,1,9,3,0,0,0,0,1,1,0,0,0,6,55,2,3,43,2,40,0,1,1,0,,0,0,0,0,0,0,0,0,0,0,1,0,0,,49,,0,49,0,4,5,1,0,0.8,0,0,0,0,0
2019,11,PHI,REG,NE,20,40,214,1,0,5,-40,5,1,415,64,11,-15.8229887901397,-9.08413933295953,0,21,81,0,21,0,5,-0.0561128912377171,0,20,38,214,1,20,0,415,64,11,-5.13966012813022,0,0,47,0,14,6,20,0,1,7,6,0,0,5,0,0,0,0,1,1,0,0,0,7,39,6,2,13,3,60,1,1,0,0,42,1,0,0,0,1,0,0,0,0,0,0,0,0,42,,,42,0,0,1,1,0,0,1,0,0,0,0,0
2019,11,PIT,REG,CLE,23,44,221,1,4,4,-43,4,0,439,129,10,-29.0768252029465,-10.3246524583462,0,16,58,0,16,0,3,-4.34082220122218,0,23,43,221,1,23,0,439,129,10,-23.6900265481472,0,0,43,6,20,7,14,0,1,4,3,0,0,3,0,0,0,0,1,1,0,0,0,6,41,4,2,18,2,32,0,1,1,0,,0,0,0,0,0,0,0,0,0,0,1,0,0,,44,,0,44,0,1,1,0,0,1,0,0,0,0,0
2019,11,SF,REG,ARI,34,45,424,4,2,2,-16,0,0,244,264,20,12.3590660749325,8.73550711707636,0,19,34,0,0,0,2,-8.5091010941077,0,34,44,424,4,0,0,244,264,20,17.6650707300869,0,0,43,6,14,10,27,2,4,19,4,0,0,4,0,0,0,0,0,0,2,2,1,10,127,6,2,8,3,70,1,1,0,0,43,1,0,0,0,1,0,0,0,0,0,0,0,0,43,,,43,0,0,3,3,0,0,1,0,0,0,0,0
2019,11,TB,REG,NO,30,51,313,2,4,2,-15,2,0,454,104,14,-10.2011442993002,-2.51394114932235,0,8,36,0,8,0,3,-1.462501160393,0,30,49,313,2,30,0,454,104,14,-5.52625371149537,0,0,52,1,11,3,16,1,1,9,3,0,0,2,0,0,0,0,1,2,0,0,0,7,55,5,1,7,1,16,1,1,0,0,55,1,0,0,0,0,1,0,0,0,0,0,0,0,55,,,55,0,0,2,2,0,0,1,0,0,0,0,0
2019,11,WAS,REG,NYJ,19,35,214,2,1,6,-43,6,0,257,83,8,-13.5730138618571,-11.2641399726272,1,20,54,0,20,0,6,-4.33056062237301,0,19,32,214,2,19,0,257,83,8,-2.23963475165321,1,0,40,2,24,2,8,2,2,8,4,1,26,3,0,0,0,0,3,5,1,1,0,11,66,5,2,9,6,143,1,2,1,0,44,0.5,0,0,0,1,0,0,0,1,0,0,0,0,44,29,,44,29,0,0,0,0,0,,0,0,0,0,0
2019,12,ATL,REG,TB,28,55,326,1,1,6,-46,6,1,531,100,14,-10.9631913959972,-14.5394737990397,0,19,57,1,19,0,5,-1.54234909953084,0,28,53,326,1,28,0,531,100,14,4.69933535738458,0,0,25,1,41,3,6,0,0,0,1,2,0,5,0,0,0,0,1,1,0,0,0,7,60,6,3,8,0,0,3,3,0,0,40,1,0,1,1,1,0,0,0,0,0,0,0,0,25;40;38,,,103,0,0,1,1,0,0,1,0,0,0,0,0
2019,12,BAL,REG,LA,16,23,208,5,0,3,-13,3,0,191,66,13,24.339630145355,12.2840829870918,0,48,285,1,48,0,18,10.9078674162156,0,16,22,208,5,16,0,191,66,13,28.606420158816,0,0,30,5,9,3,16,1,2,13,7,2,29,2,0,0,0,0,1,1,0,0,0,8,66,5,3,45,0,0,1,1,0,0,34,1,0,0,1,0,0,0,0,0,0,0,0,0,34,,,34,0,0,6,6,0,0,1,0,0,0,0,0
2019,12,BUF,REG,DEN,15,25,185,2,1,1,-5,1,0,187,73,8,3.14622067438813,-0.611176680434834,0,47,244,0,47,0,15,-0.583679385832511,0,15,22,185,2,15,0,187,73,8,6.10472298877418,0,0,28,6,8,5,35,0,4,33,6,1,7,8,0,1,0,0,1,1,0,0,0,12,90,4,5,41,2,41,2,2,0,0,39,1,0,1,1,0,0,0,0,0,0,0,0,0,39;23,,,62,0,0,2,2,0,0,1,0,0,0,0,0
2019,12,CAR,REG,NO,23,36,256,3,0,4,-26,4,0,244,144,15,12.5270699437983,1.03104254230857,0,29,121,1,29,0,6,-3.67191911966074,0,23,32,256,3,23,0,244,144,15,18.0080729261903,0,0,38,1,17,5,23,0,2,11,4,1,0,5,0,1,0,0,1,1,0,0,0,3,25,4,2,0,1,27,2,3,1,0,52,0.666666666666667,0,0,0,1,1,0,0,1,0,0,0,0,41;52,28,,93,28,0,1,3,2,0,0.333333333333333,0,0,0,0,0
2019,12,CHI,REG,NYG,25,41,278,1,2,2,-8,0,0,365,123,14,-5.52338385622913,-2.92972566151037,0,26,65,1,0,0,5,-5.62249244371196,0,25,41,278,1,0,0,365,123,14,-2.81007130892446,0,0,42,0,14,4,18,1,1,16,8,0,0,5,0,0,0,0,0,0,1,1,0,6,40,4,1,1,0,0,2,2,0,0,26,1,0,2,0,0,0,0,0,0,0,0,0,0,26;24,,,50,0,0,1,2,1,0,0.5,0,0,0,0,0
2019,12,CIN,REG,PIT,12,26,192,1,0,4,-34,4,1,295,65,5,-8.20955336175807,-12.4458714723587,0,21,86,0,21,0,2,-4.05428377987118,0,12,25,192,1,12,1,295,65,5,-5.2546204789583,0,0,43,0,26,3,24,0,3,24,6,1,12,4,0,0,0,0,2,2,0,0,0,7,79,4,4,18,4,94,1,1,0,0,27,1,0,1,0,0,0,0,0,0,0,0,0,0,27,,,27,0,0,1,1,0,0,1,0,0,0,0,0
2019,12,CLE,REG,MIA,24,34,327,3,1,1,-7,1,0,299,130,15,13.6424907854175,9.8899523417155,0,32,147,2,32,0,12,2.50809307175223,0,24,33,327,3,24,0,299,130,15,16.1363737803885,0,0,40,1,17,7,28,1,4,22,6,2,4,9,0,0,0,0,2,4,0,0,0,7,70,1,3,10,2,20,2,3,1,0,40,0.666666666666667,0,1,0,1,0,0,0,0,0,1,0,0,40;26,46,,66,46,0,5,5,0,0,1,0,0,0,0,0
2019,12,DAL,REG,NE,19,33,212,0,1,0,0,0,0,185,138,8,-6.4862182342586,-9.22559117898345,0,26,109,0,26,0,6,-1.3048220402813,0,19,32,212,0,19,0,185,138,8,-5.71096085264803,0,0,31,7,23,6,24,1,2,9,6,0,0,4,0,0,0,0,2,2,0,0,0,7,50,3,0,0,3,6,3,4,1,0,46,0.75,0,2,0,1,0,0,0,0,0,1,0,0,46;27;29,46,,102,46,0,0,0,0,0,,0,0,0,0,0
2019,12,DEN,REG,BUF,10,25,82,0,1,4,-33,0,0,147,52,4,-17.4652566518346,-27.2325112173955,0,17,85,0,0,0,3,2.08990536624333,0,10,24,82,0,0,0,147,52,4,-9.13667995130556,0,0,48,16,24,5,15,0,1,5,3,1,8,3,0,0,0,0,0,0,0,0,0,7,70,2,0,0,3,61,1,1,0,0,45,1,0,0,0,1,0,0,0,0,0,0,0,0,45,,,45,0,0,0,0,0,0,,0,0,0,0,0
2019,12,DET,REG,WAS,20,33,207,1,3,6,-18,6,0,287,97,11,-3.0609890347897,0.781684070825577,0,32,175,0,32,1,9,-3.30396001553163,0,20,30,207,1,20,0,287,97,11,6.61213090972082,0,0,35,6,12,4,16,1,3,12,5,1,0,6,0,0,0,0,1,1,1,1,0,6,65,3,4,31,2,43,3,4,1,0,49,0.75,0,2,0,1,0,0,0,0,1,0,0,0,24;49;21,39,,94,39,0,1,1,0,0,1,0,0,0,0,0
2019,12,GB,REG,SF,23,37,119,1,0,5,-38,5,1,240,123,8,-17.4860656173113,-5.19249993893835,1,28,117,0,28,0,5,-4.94117530301446,0,23,36,119,1,23,0,240,123,8,-4.58894590592524,1,0,30,4,14,4,27,0,3,26,6,0,0,1,0,0,0,0,0,0,0,0,0,5,50,3,2,-3,2,40,0,0,0,0,,,0,0,0,0,0,0,0,0,0,0,0,0,,,,0,0,0,0,0,0,0,,0,0,0,0,0
2019,12,HOU,REG,IND,19,30,298,2,1,1,-1,1,0,415,63,11,7.49670945485291,6.15830038275038,0,24,99,0,24,0,5,-3.76881067652721,0,19,28,298,2,19,0,415,63,11,11.284725729599,0,0,41,9,25,3,13,0,1,8,4,0,0,3,0,1,0,0,2,2,0,0,0,4,27,3,2,23,0,0,2,2,0,0,36,1,0,0,2,0,0,0,0,0,0,0,0,0,35;36,,,71,0,0,2,2,0,0,1,0,0,0,0,0
2019,12,IND,REG,HOU,16,25,129,0,0,1,-8,0,0,178,88,9,-0.923693401900443,-2.92993485927582,0,39,175,2,0,0,10,2.65240456955507,0,16,24,129,0,0,0,178,88,9,1.28631004605131,0,0,30,4,22,3,5,2,1,1,4,1,1,3,0,0,0,0,0,0,0,0,0,3,29,6,0,0,3,50,1,1,0,0,36,1,0,0,1,0,0,0,0,0,0,0,0,0,36,,,36,0,0,2,2,0,0,1,0,0,0,0,0
2019,12,JAX,REG,TEN,32,48,272,0,0,3,-20,3,0,380,133,12,-0.329212096407564,6.25707635825331,1,27,117,2,27,0,9,2.914024305559,0,32,44,272,0,32,0,380,133,12,8.72916115913119,1,0,29,10,16,1,5,2,1,7,2,0,0,2,0,0,0,0,0,0,2,2,0,11,104,4,2,-5,7,157,2,2,0,0,50,1,0,0,0,1,1,0,0,0,0,0,0,0,49;50,,,99,0,0,0,0,0,0,,0,0,0,0,0
2019,12,LA,REG,BAL,26,37,212,0,2,2,-13,2,0,318,94,8,-9.27333971042414,7.50151616003778,0,9,22,0,9,0,2,-0.977111400396097,0,26,36,212,0,26,0,318,94,8,-5.60519873662462,0,0,40,8,36,2,9,0,3,13,8,0,0,3,0,0,0,0,1,1,0,0,0,8,56,2,1,4,2,44,2,2,0,0,46,1,0,0,1,1,0,0,0,0,0,0,0,0,32;46,,,78,0,0,0,0,0,0,,0,0,0,0,0
2019,12,LV,REG,NYJ,19,34,147,0,1,1,-7,1,0,204,100,8,-10.995196282204,-10.1412267395944,0,22,68,0,22,1,4,-6.81948267645203,0,19,33,147,0,19,0,204,100,8,-9.46249425735251,0,0,39,1,19,4,14,0,1,2,1,0,0,2,0,0,0,0,2,3,1,1,0,4,35,3,2,14,4,70,1,2,1,0,48,0.5,0,0,0,1,0,0,0,0,0,1,0,0,48,43,,48,43,0,0,0,0,0,,0,0,0,0,0
2019,12,MIA,REG,CLE,21,39,214,2,2,4,-22,4,0,336,80,14,-4.22067673345327,-10.024621455293,0,20,92,1,20,0,5,1.41852713341359,0,21,38,214,2,21,0,336,80,14,1.32189065724378,0,0,41,0,28,2,26,0,1,7,4,1,3,3,0,0,0,0,1,1,0,0,0,8,94,4,1,0,4,82,1,1,0,0,36,1,0,0,1,0,0,0,0,0,0,0,0,0,36,,,36,0,0,3,3,0,0,1,0,0,0,0,0
2019,12,NE,REG,DAL,17,37,190,1,0,2,-9,2,0,385,47,10,-6.42747859302202,-12.7603785480772,0,27,101,0,27,0,6,-4.07844400568865,0,17,35,190,1,17,0,385,47,10,0.0541858903697734,0,0,28,15,27,0,0,2,0,0,5,1,0,4,0,0,0,0,1,1,0,0,0,6,56,5,0,0,1,20,2,4,2,0,44,0.5,0,0,0,2,0,0,0,0,0,2,0,0,44;42,46;48,,86,94,0,1,1,0,0,1,0,0,0,0,0
2019,12,NO,REG,CAR,30,39,311,3,1,2,-11,0,0,374,124,17,9.07623269274184,10.0863310067277,0,18,118,1,0,0,5,-1.87716374045704,0,30,38,311,3,0,0,374,124,17,11.3079464138136,0,0,47,2,16,7,20,1,4,26,6,0,0,4,0,0,0,0,0,0,1,1,0,12,123,6,1,-2,0,0,2,2,0,0,41,1,0,0,1,1,0,0,0,0,0,0,0,0,41;33,,,74,0,0,4,4,0,0,1,1,1,0,0,33
2019,12,NYG,REG,CHI,21,36,150,2,0,1,-16,1,1,246,61,9,-14.128609409073,-3.90986984266955,0,21,109,0,21,0,4,-0.726532724062775,0,21,34,150,2,21,0,246,61,9,-5.76443132587624,0,0,42,0,14,7,14,0,2,8,5,2,30,6,0,0,0,0,0,0,0,0,0,6,35,3,3,52,4,86,0,2,2,0,,0,0,0,0,0,0,0,0,0,0,2,0,0,,42;43,,0,85,0,2,2,0,0,1,0,0,0,0,0
2019,12,NYJ,REG,LV,20,29,315,2,0,1,-2,1,0,215,195,15,15.2956213484231,10.4542321883715,0,30,88,1,30,0,5,-3.68543388950638,0,20,26,315,2,20,0,215,195,15,17.4346017452059,0,0,33,0,30,5,12,0,1,7,6,1,15,5,1,1,0,0,1,1,1,1,0,4,37,0,1,26,1,19,2,3,1,0,35,0.666666666666667,0,1,1,0,0,0,0,0,0,1,0,0,24;35,48,,59,48,0,4,4,0,0,1,0,0,0,0,0
2019,12,PHI,REG,SEA,33,45,256,1,2,3,-18,3,1,273,104,16,-9.67201277620982,4.47972959942288,0,23,106,0,23,1,6,-7.29818823475204,0,33,45,256,1,33,1,273,104,16,-6.95512684244089,0,0,39,0,24,3,16,1,6,26,11,1,15,4,0,0,0,0,1,2,1,1,0,2,15,4,1,-3,2,45,1,1,0,0,28,1,0,1,0,0,0,0,0,0,0,0,0,0,28,,,28,0,0,0,0,0,0,,0,0,0,0,0
2019,12,PIT,REG,CIN,13,27,203,1,1,3,-24,0,0,235,107,6,-5.58028245910642,-3.26621755957603,0,38,159,0,0,0,7,-3.97900136292446,0,13,22,203,1,0,0,235,107,6,3.65126001847435,0,0,29,0,34,4,27,4,4,34,9,0,0,8,0,0,0,0,0,0,2,2,0,10,77,3,4,21,1,16,3,3,0,0,47,1,0,2,0,1,0,0,0,0,0,0,0,0,26;47;26,,,99,0,0,1,1,0,0,1,0,0,0,0,0
2019,12,SEA,REG,PHI,13,25,200,1,1,6,-26,6,0,370,80,8,-3.7124951808625,-0.3021073082219,0,26,174,1,26,1,6,-2.54701717552962,0,13,23,200,1,13,0,370,80,8,6.14840811447659,0,0,53,1,15,6,23,3,3,18,9,2,0,6,0,0,0,0,1,2,3,3,0,12,90,6,3,20,1,29,1,1,0,0,24,1,0,1,0,0,0,0,0,0,0,0,0,0,24,,,24,0,0,2,2,0,0,1,0,0,0,0,0
2019,12,SF,REG,GB,14,20,253,2,0,3,-26,3,0,121,140,9,8.15379028691636,3.90418313051525,0,22,112,2,22,0,7,-0.554123794951011,0,14,19,253,2,14,0,121,140,9,13.478259360883,0,0,44,6,22,2,19,1,5,38,10,0,0,2,0,0,0,0,1,2,1,1,0,9,78,4,3,14,0,0,3,3,0,0,48,1,0,2,0,1,0,0,0,0,0,0,0,0,29;27;48,,,104,0,0,4,4,0,0,1,0,0,0,0,0
2019,12,TB,REG,ATL,18,28,313,3,2,0,0,0,0,284,116,13,13.7165320767386,1.29155682192909,0,34,133,1,0,0,7,-3.99498337041587,0,18,27,313,3,0,0,284,116,13,15.0991206619656,0,0,46,0,20,6,38,2,6,46,14,1,0,16,0,0,0,0,0,0,1,1,1,8,51,4,2,13,0,0,1,1,0,0,32,1,0,0,1,0,0,0,0,0,0,0,0,0,32,,,32,0,0,2,5,2,1,0.4,0,0,0,0,0
2019,12,TEN,REG,JAX,14,18,259,2,0,1,-7,1,1,137,185,11,12.1576695621188,13.9345249708961,0,33,219,4,33,1,10,5.13357557996642,0,14,17,259,2,14,0,137,185,11,19.311895049148,0,0,48,16,26,4,23,1,3,20,10,0,0,4,0,0,0,0,0,0,1,1,0,6,54,0,2,22,2,34,0,0,0,0,,,0,0,0,0,0,0,0,0,0,0,0,0,,,,0,0,0,6,6,0,0,1,0,0,0,0,0
2019,12,WAS,REG,DET,13,30,156,0,1,3,-12,3,1,391,47,7,-13.463907350212,-12.0933008605036,0,24,86,0,24,0,5,-2.25312553514959,0,13,29,156,0,13,0,391,47,7,-5.37245354755659,0,1,45,11,29,6,14,2,6,18,14,3,6,5,0,0,0,0,0,0,1,1,0,8,63,5,2,0,2,124,4,4,0,0,42,1,0,1,2,1,0,0,0,0,0,0,0,0,28;37;42;39,,,146,0,0,1,1,0,0,1,0,0,0,0,0
2019,13,ARI,REG,LA,19,34,163,0,1,6,-39,0,0,175,99,9,-24.7361488062306,-18.5029632214344,0,21,74,1,0,0,2,-4.77550532657187,0,19,33,163,0,0,0,175,99,9,-12.5753325721598,0,0,50,4,18,5,28,0,1,10,4,0,0,1,0,0,0,0,0,0,0,0,0,2,7,2,1,5,0,0,0,0,0,0,,,0,0,0,0,0,0,0,0,0,0,0,0,,,,0,0,0,1,1,0,0,1,0,0,0,0,0
2019,13,ATL,REG,NO,35,50,312,2,2,9,-53,9,0,345,89,18,-16.1677699106629,3.4176304619363,0,26,89,0,26,1,4,-6.23896300309571,0,35,47,312,2,35,0,345,89,18,-3.54181357660969,0,0,29,3,17,0,0,0,0,0,1,0,0,4,0,0,0,0,1,1,0,0,0,4,18,5,2,0,2,76,2,3,1,0,45,0.666666666666667,0,0,0,2,0,0,0,0,0,1,0,0,45;43,42,,88,42,0,0,1,1,0,0,0,0,0,0,0
2019,13,BAL,REG,SF,14,23,105,1,0,1,0,1,0,197,26,5,-1.75144263423206,-6.07993278814399,0,38,178,1,38,1,14,1.35465670772501,0,14,23,105,1,14,0,197,26,5,-1.35919208029443,0,0,37,3,17,2,6,1,2,8,4,0,0,2,0,0,0,0,0,0,1,1,0,3,23,4,1,18,2,34,2,2,0,0,49,1,0,0,1,1,0,0,0,0,0,0,0,0,30;49,,,79,0,0,2,2,0,0,1,1,1,0,0,49
2019,13,BUF,REG,DAL,20,25,259,2,0,4,-27,4,0,227,130,11,13.7421254492033,12.2050346136093,0,34,124,1,34,0,8,-5.96233643818414,0,20,25,259,2,20,0,227,130,11,19.4305099402222,0,0,43,0,18,5,25,3,4,32,7,1,0,10,0,0,0,0,1,1,1,1,0,7,53,4,0,0,3,56,2,3,1,0,41,0.666666666666667,0,1,0,1,0,0,0,0,0,0,1,0,41;26,50,,67,50,0,2,3,1,0,0.666666666666667,0,0,0,0,0
2019,13,CAR,REG,WAS,27,46,278,2,1,7,-65,7,1,446,75,18,-4.92791947640944,-1.5823530596356,0,20,65,1,20,0,3,-2.66269123164238,0,27,43,278,2,27,0,446,75,18,8.59828057285631,0,0,38,1,27,5,29,1,5,33,9,0,0,1,0,0,0,0,1,2,0,0,0,5,43,3,3,35,1,16,0,0,0,0,,,0,0,0,0,0,0,0,0,0,0,0,0,,,,0,0,0,3,3,0,0,1,0,0,0,0,0
2019,13,CHI,REG,DET,29,38,338,3,1,1,-7,0,0,335,100,16,11.145416177751,7.29820594975823,0,23,88,0,0,0,9,-4.27614887414089,0,29,38,338,3,0,0,335,100,16,13.057036468701,0,0,46,1,15,4,27,0,2,21,3,1,4,7,0,0,0,0,0,0,0,0,0,10,89,3,2,-4,2,90,1,1,0,0,30,1,0,0,1,0,0,0,0,0,0,0,0,0,30,,,30,0,0,3,3,0,0,1,0,0,0,0,0
2019,13,CIN,REG,NYJ,22,37,243,1,0,1,-10,1,0,318,115,12,1.9380814751892,-4.82797564731704,0,25,44,1,25,0,5,-3.41881356132217,0,22,36,243,1,22,0,318,115,12,5.25991916130787,0,0,42,0,18,5,31,0,4,30,9,0,0,3,0,2,1,0,1,1,0,0,0,2,15,4,3,6,3,50,2,3,1,0,47,0.666666666666667,0,1,0,1,0,0,0,0,0,1,0,0,24;47,48,,71,48,0,2,2,0,0,1,0,0,0,0,0
2019,13,CLE,REG,PIT,18,34,196,1,1,5,-23,5,1,399,83,9,-4.62701700169954,-8.02473552299269,0,24,106,0,24,0,9,0.620182148442837,0,18,33,196,1,18,0,399,83,9,6.06352255892199,0,0,32,9,25,1,13,1,1,13,4,1,28,2,0,0,0,0,0,0,0,0,0,5,34,6,1,5,3,36,2,2,0,0,34,1,0,0,2,0,0,0,0,0,0,0,0,0,31;34,,,65,0,0,1,1,0,0,1,0,0,0,0,0
2019,13,DAL,REG,BUF,32,49,355,2,1,4,-32,4,1,357,122,22,-5.23601025716191,-3.64387071862513,1,19,103,0,19,0,5,2.29517498909263,0,32,49,355,2,32,0,357,122,22,7.29078093350843,1,0,43,0,28,9,34,0,4,27,6,0,0,4,0,0,0,0,2,2,0,0,0,5,66,5,0,0,0,0,0,2,1,1,,0,0,0,0,0,0,0,0,0,0,1,0,0,,47,35,0,47,35,1,1,0,0,1,0,0,0,0,0
2019,13,DEN,REG,LAC,18,28,134,2,1,0,0,0,0,184,54,8,-2.50177102458297,1.16787942556234,0,25,84,0,0,0,3,-8.19597854874561,0,18,26,134,2,0,0,184,54,8,-1.84074051123211,0,0,30,6,34,5,28,0,3,21,6,1,7,2,0,0,0,0,0,0,1,1,0,3,25,4,0,0,2,56,3,3,0,0,53,1,0,0,1,0,2,0,0,0,0,0,0,0,31;52;53,,,136,0,0,2,2,0,0,1,1,1,0,0,53
2019,13,DET,REG,CHI,22,38,280,2,1,2,-21,0,0,349,108,13,4.35434884394347,-9.19934105541971,0,27,105,0,0,0,5,-5.54338623854737,0,22,36,280,2,0,0,349,108,13,9.71195409510983,0,0,42,5,13,1,7,0,1,7,3,1,19,4,0,0,0,0,0,0,0,0,0,9,85,4,3,14,1,17,2,2,0,0,25,1,0,2,0,0,0,0,0,0,0,0,0,0,25;24,,,49,0,0,2,2,0,0,1,0,0,0,0,0
2019,13,GB,REG,NYG,21,33,243,4,0,0,0,0,0,268,89,13,18.3545913503442,-0.798884846947411,0,26,79,0,26,0,2,-3.53155528375646,0,21,33,243,4,21,0,268,89,13,18.3545913503442,0,0,39,7,21,2,11,0,0,0,7,3,35,7,0,2,0,0,0,0,0,0,0,7,54,3,1,3,3,72,1,1,0,0,47,1,0,0,0,1,0,0,0,0,0,0,0,0,47,,,47,0,0,4,4,0,0,1,0,0,0,0,0
2019,13,HOU,REG,NE,19,26,240,4,0,3,-16,0,0,195,117,12,12.5659397356212,2.01154293922278,0,23,52,0,0,0,2,-4.89550877129659,0,19,26,240,4,0,0,195,117,12,17.0438226934057,0,0,39,4,24,4,23,0,3,23,12,1,22,8,0,0,0,0,0,0,0,0,0,8,79,3,2,24,0,0,0,0,0,0,,,0,0,0,0,0,0,0,0,0,0,0,0,,,,0,0,0,4,4,0,0,1,0,0,0,0,0
2019,13,IND,REG,TEN,25,40,319,1,2,3,-10,3,0,322,151,15,2.03113447247192,-0.989697350038068,0,24,82,1,24,0,6,-2.07038881216431,0,25,37,319,1,25,1,322,151,15,3.75079606605381,0,0,30,16,24,3,21,2,6,44,9,0,0,1,0,0,0,0,0,0,2,2,0,6,40,5,2,32,1,15,1,4,1,2,28,0.25,0,1,0,0,0,0,0,0,0,0,1,0,28,55,53;46,28,55,99,2,2,0,0,1,0,0,0,0,0
2019,13,JAX,REG,TB,23,41,240,1,2,5,-47,5,2,214,130,10,-27.0274622049327,-8.81864232452292,1,17,49,0,17,0,3,-3.41599353245692,0,23,38,240,1,23,0,214,130,10,-4.98100466253515,1,0,42,1,25,6,35,1,4,27,8,0,0,4,0,0,0,0,1,1,1,1,0,16,121,6,2,48,1,25,1,1,0,0,53,1,0,0,0,0,1,0,0,0,0,0,0,0,53,,,53,0,0,0,0,0,0,,0,0,0,0,0
2019,13,KC,REG,LV,15,29,175,1,0,1,-12,0,0,259,100,10,4.82050392996544,-8.03209013409085,0,29,96,3,0,0,8,-2.70792012521997,0,15,27,175,1,0,0,259,100,10,7.42167015407259,0,0,37,0,26,3,19,1,2,12,2,2,51,4,1,0,0,0,0,0,1,1,0,0,0,2,0,0,1,23,1,1,0,0,50,1,0,0,0,0,1,0,0,0,0,0,0,0,50,,,50,0,0,5,5,0,0,1,0,0,0,0,0
2019,13,LA,REG,ARI,33,45,427,2,0,1,-10,0,0,226,268,20,22.4989937613011,8.10507223373506,0,30,132,1,0,0,7,-5.67094994464424,0,33,41,427,2,0,0,226,268,20,26.615329098166,0,0,36,4,16,4,37,0,6,39,6,1,31,5,1,0,0,0,0,0,0,0,0,8,81,6,1,6,1,14,2,3,1,0,33,0.666666666666667,0,1,1,0,0,0,0,0,0,1,0,0,27;33,41,,60,41,0,4,4,0,0,1,0,0,0,0,0
2019,13,LAC,REG,DEN,20,29,265,2,1,3,-21,3,0,200,109,11,3.95279322086651,6.50929446731295,0,29,115,0,29,0,5,-3.36711111303885,0,20,27,265,2,20,0,200,109,11,13.6940463816575,0,0,32,5,19,3,9,0,0,0,0,1,0,2,0,1,0,0,0,0,0,0,0,7,82,4,1,0,0,0,2,3,1,0,46,0.666666666666667,0,0,1,1,0,0,0,0,0,0,1,0,30;46,55,,76,55,0,2,2,0,0,1,0,0,0,0,0
2019,13,LV,REG,KC,20,30,222,1,2,2,-12,2,0,162,137,11,-4.718927375583,4.41968507236904,0,25,122,0,25,0,9,-0.189026500389446,0,20,27,222,1,20,0,162,137,11,1.41055842038987,0,0,40,0,4,5,23,0,1,12,2,0,0,2,0,0,0,0,1,1,0,0,0,12,99,1,1,3,5,92,1,2,1,0,34,0.5,0,0,1,0,0,0,0,0,0,1,0,0,34,44,,34,44,0,0,1,0,1,0,0,0,0,0,0
2019,13,MIA,REG,PHI,28,40,366,4,1,3,-15,0,0,352,115,19,15.9186604887075,8.88762367077363,1,20,58,1,0,0,3,-3.64020873734173,0,28,39,366,4,0,0,352,115,19,23.0024736286579,1,0,36,0,22,3,20,1,2,16,5,1,0,5,0,0,0,0,0,0,0,0,0,7,59,4,2,0,1,6,1,1,0,0,51,1,0,0,0,0,1,0,0,0,0,0,0,0,51,,,51,0,0,2,3,1,0,0.666666666666667,0,0,0,0,0
2019,13,MIN,REG,SEA,22,38,276,2,1,0,0,0,0,266,173,12,1.15329365303733,-6.12647020154529,0,14,78,1,14,1,4,-2.02651043288643,0,22,36,276,2,22,0,266,173,12,3.58009616529562,0,0,43,8,40,2,14,1,2,14,4,1,20,3,1,0,0,0,1,1,1,1,0,3,30,6,0,0,3,57,1,1,0,0,47,1,0,0,0,1,0,0,0,0,0,0,0,0,47,,,47,0,0,3,4,1,0,0.75,0,0,0,0,0
2019,13,NE,REG,HOU,24,47,326,3,1,3,-23,0,0,498,128,16,2.35898104501735,-8.6415120628145,0,29,145,0,0,0,10,1.9342655975488,0,24,45,326,3,0,0,498,128,16,8.60519233217543,0,0,29,4,20,4,19,0,3,16,4,0,0,2,0,0,0,0,0,0,0,0,0,8,60,6,1,6,1,15,1,1,0,0,23,1,0,1,0,0,0,0,0,0,0,0,0,0,23,,,23,0,0,1,2,1,0,0.5,0,0,0,0,0
2019,13,NO,REG,ATL,18,31,184,1,0,0,0,0,0,169,113,10,-1.24266532348762,-10.4444025919355,0,18,95,1,0,0,4,-1.05708574405937,0,18,29,184,1,0,0,169,113,10,1.35639878007291,0,0,65,1,13,12,59,2,9,53,13,2,47,4,0,0,0,0,0,0,1,1,0,9,121,4,1,0,3,38,4,4,0,0,47,1,0,1,0,3,0,0,0,0,0,0,0,0,22;47;42;45,,,156,0,0,2,2,0,0,1,0,0,0,0,0
2019,13,NYG,REG,GB,20,37,240,1,3,0,0,0,0,275,102,12,-4.17333026656053,-9.93293435186953,0,27,95,0,27,0,8,-2.69835220073583,0,20,36,240,1,20,0,275,102,12,-3.66290282976917,0,0,30,16,20,2,5,2,0,0,2,0,0,1,0,0,0,0,1,2,0,0,0,4,31,5,1,12,6,116,2,2,0,0,45,1,0,1,0,1,0,0,0,0,0,0,0,0,27;45,,,72,0,0,1,1,0,0,1,0,0,0,0,0
2019,13,NYJ,REG,CIN,28,48,239,0,0,4,-30,0,0,463,90,13,-9.57095134540147,-3.22631080945333,0,17,62,0,0,0,3,-1.19335028680507,0,28,45,239,0,0,0,463,90,13,-0.414420268164679,0,0,35,0,22,3,15,0,1,10,2,0,0,3,0,0,0,0,0,0,0,0,0,10,106,6,0,0,2,32,2,2,0,0,42,1,0,0,1,1,0,0,0,0,0,0,0,0,42;39,,,81,0,0,0,0,0,0,,0,0,0,0,0
2019,13,PHI,REG,MIA,28,46,310,3,1,2,-16,2,0,506,103,19,9.64571267024315,-0.312676032384236,1,19,92,0,19,0,4,-0.847612924291752,0,28,45,310,3,28,0,506,103,19,14.1407918584857,1,0,39,1,15,7,23,0,3,15,11,1,16,5,0,0,0,0,1,1,0,0,0,10,91,5,0,0,0,0,3,4,1,0,48,0.75,0,0,1,2,0,0,0,0,0,1,0,0,48;43;37,49,,128,49,0,2,2,0,0,1,0,0,0,0,0
2019,13,PIT,REG,CLE,14,21,212,1,1,1,-13,1,0,253,88,10,4.45506285273738,14.8169797327783,0,32,124,1,32,0,7,-4.34129221048737,0,14,18,212,1,14,0,253,88,10,9.64317946578376,0,0,34,12,20,5,20,1,5,23,8,1,16,5,0,0,0,0,0,0,1,1,0,10,65,4,2,14,3,72,2,2,0,0,39,1,0,1,1,0,0,0,0,0,0,0,0,0,39;29,,,68,0,0,2,2,0,0,1,0,0,0,0,0
2019,13,SEA,REG,MIN,21,31,240,2,1,2,-14,2,0,247,149,7,3.21729657813254,3.34079409799268,0,43,218,2,43,0,16,7.7777226704804,0,21,31,240,2,21,1,247,149,7,0.472338204181741,0,0,24,4,20,1,1,3,0,0,7,1,0,4,0,0,0,0,0,0,2,2,0,1,30,4,1,9,2,51,3,3,0,0,36,1,0,2,1,0,0,0,0,0,0,0,0,0,29;29;36,,,94,0,0,4,4,0,0,1,0,0,0,0,0
2019,13,SF,REG,BAL,15,21,165,1,0,2,-8,2,1,158,58,7,2.09502042197061,2.98682678313482,0,29,174,1,29,0,7,2.85517532902304,0,15,21,165,1,15,0,158,58,7,8.54354460661204,0,0,42,5,21,2,5,1,1,0,2,0,0,3,0,0,0,0,0,0,1,1,0,6,54,5,0,0,2,47,1,2,0,1,32,0.5,0,0,1,0,0,0,0,0,0,0,0,0,32,,51,32,0,51,2,2,0,0,1,0,0,0,0,0
2019,13,TB,REG,JAX,21,33,268,0,0,4,-27,4,1,337,110,12,-0.632167611693415,3.24677590167884,0,31,74,2,31,0,5,-7.67530890628393,1,21,33,268,0,21,0,337,110,12,11.9644866190353,0,0,37,0,16,8,35,3,5,47,11,2,9,8,0,0,0,0,0,0,2,2,1,8,44,4,2,18,0,0,2,2,0,0,37,1,0,1,1,0,0,0,0,0,0,0,0,0,25;37,,,62,0,0,2,2,0,0,1,0,0,0,0,0
2019,13,TEN,REG,IND,17,22,182,2,0,6,-44,6,1,167,74,7,-5.28602686333666,8.93698973315103,0,30,154,1,30,1,7,0.392893309297506,0,17,21,182,2,17,0,167,74,7,9.58982213243144,0,1,36,16,20,3,10,1,3,10,10,2,37,3,0,0,0,63,0,0,1,1,0,3,33,2,2,8,0,0,1,1,0,0,31,1,0,0,1,0,0,0,0,0,0,0,0,0,31,,,31,0,0,4,4,0,0,1,0,0,0,0,0
2019,13,WAS,REG,CAR,13,25,147,0,0,5,-33,5,0,204,46,8,-7.45484591620951,-7.23967552185059,0,30,248,3,30,0,12,12.6347914725476,0,13,24,147,0,13,0,204,46,8,1.26980467267322,0,0,38,0,32,10,38,1,7,65,11,1,10,4,0,0,0,2,2,3,1,1,0,6,65,5,5,17,0,0,3,4,0,1,42,0.75,0,1,1,1,0,0,0,0,0,0,0,0,25;42;36,,49,103,0,49,2,2,0,0,1,0,0,0,0,0
2019,14,ARI,REG,PIT,20,30,194,2,3,5,-29,5,0,209,103,11,-6.19412659098139,1.20357003595148,0,22,71,0,22,0,5,-2.72136441105977,0,20,28,194,2,20,0,209,103,11,1.27003415464424,0,0,48,2,14,5,12,3,3,17,4,0,0,1,0,0,0,0,1,1,2,2,0,7,75,4,1,29,3,68,1,1,0,0,30,1,0,0,1,0,0,0,0,0,0,0,0,0,30,,,30,0,0,2,2,0,0,1,0,0,0,0,0
2019,14,ATL,REG,CAR,20,34,313,2,0,1,-11,0,0,322,137,13,6.02155060416559,-0.253789463350851,0,32,159,2,0,0,10,1.30579525401117,0,20,31,313,2,0,0,322,137,13,11.2549053750017,0,0,48,1,21,7,40,3,5,48,7,2,43,6,0,0,0,0,0,0,2,2,0,6,58,4,2,13,0,0,4,4,0,0,50,1,0,1,2,0,1,0,0,0,0,0,0,0,37;35;29;50,,,151,0,0,4,4,0,0,1,0,0,0,0,0
2019,14,BAL,REG,BUF,16,25,145,3,1,1,-6,0,0,148,104,8,0.884843433398668,5.64365710901178,0,33,118,0,0,0,6,-1.34007425000891,0,16,23,145,3,0,0,148,104,8,4.69079689449343,0,0,41,3,21,5,27,2,6,41,12,0,0,7,0,0,0,0,0,0,1,1,0,9,99,3,1,1,0,0,1,1,0,0,36,1,0,0,1,0,0,0,0,0,0,0,0,0,36,,,36,0,0,3,3,0,0,1,0,0,0,0,0
2019,14,BUF,REG,BAL,17,39,146,1,0,6,-41,6,1,400,85,7,-21.1654684986849,-16.9955678485535,1,23,104,0,23,0,4,-0.749742607178632,0,17,37,146,1,17,0,400,85,7,-9.05724293406705,1,0,28,13,25,4,24,0,1,6,6,1,0,4,0,0,0,0,1,1,0,0,0,5,49,4,2,22,5,82,3,3,0,0,48,1,0,0,1,2,0,0,0,0,0,0,0,0,36;47;48,,,131,0,0,0,0,0,0,,0,0,0,0,0
2019,14,CAR,REG,ATL,28,41,293,1,2,5,-48,5,1,372,194,18,-7.06313749992795,1.60168789327145,0,22,100,1,22,0,8,3.85949295028695,0,28,40,293,1,28,0,372,194,18,6.05036552667803,0,0,42,2,20,3,19,0,1,11,7,0,0,4,0,0,0,0,1,1,0,0,0,7,44,2,2,17,3,67,2,2,0,0,46,1,0,0,0,2,0,0,0,0,0,0,0,0,46;42,,,88,0,0,2,2,0,0,1,0,0,0,0,0
2019,14,CHI,REG,DAL,23,31,244,3,1,2,-13,2,0,199,150,12,6.32527752084356,7.73076588107694,0,34,151,1,34,1,9,-3.82449830626138,0,23,31,244,3,23,0,199,150,12,9.47504817336961,0,0,44,0,14,3,10,0,2,8,7,0,0,7,0,3,0,0,1,1,0,0,0,4,30,7,4,33,3,51,1,1,0,0,36,1,0,0,1,0,0,0,0,0,0,0,0,0,36,,,36,0,0,4,4,0,0,1,0,0,0,0,0
2019,14,CIN,REG,CLE,23,39,288,0,1,2,-16,2,0,305,151,14,-3.76420423439063,4.02099078192431,0,31,179,1,31,0,13,2.8727571280906,0,23,34,288,0,23,0,305,151,14,3.83817275646322,0,0,30,1,19,2,9,0,1,5,4,2,43,9,0,0,0,0,1,1,0,0,0,8,99,5,1,0,5,114,4,4,0,0,46,1,0,1,1,2,0,0,0,0,0,0,0,0,34;44;28;46,,,152,0,0,1,1,0,0,1,0,0,0,0,0
2019,14,CLE,REG,CIN,11,24,192,0,2,1,-5,0,0,230,125,9,-2.052593860834,-11.2875120206313,0,27,146,2,0,0,7,3.9637456397562,0,11,22,192,0,0,0,230,125,9,0.440266041666639,0,0,47,0,28,2,10,1,2,16,6,1,61,4,1,0,0,0,0,0,0,0,0,6,30,3,2,16,2,47,2,2,0,0,53,1,0,0,1,0,1,0,0,0,0,0,0,0,53;31,,,84,0,0,3,3,0,0,1,0,0,0,0,0
2019,14,DAL,REG,CHI,27,49,334,1,0,2,-8,0,0,513,62,17,3.32098081874265,-6.18995130062103,0,22,82,2,0,0,5,2.45408293622313,0,27,46,334,1,0,0,513,62,17,9.21459561275388,0,0,47,3,23,5,20,1,2,13,3,1,0,5,0,0,0,0,0,0,1,1,0,6,52,4,0,0,3,64,1,2,1,0,31,0.5,0,0,1,0,0,0,0,0,0,1,0,0,31,42,,31,42,0,3,3,0,0,1,0,0,0,0,0
2019,14,DEN,REG,HOU,22,27,309,3,1,1,-8,0,0,187,190,14,18.0621588748709,13.7914957823577,0,27,90,1,0,0,6,-5.34367604617728,0,22,27,309,3,0,0,187,190,14,19.6169545652174,0,0,32,7,35,3,13,1,3,12,6,2,15,9,0,0,0,0,0,0,1,2,1,7,50,2,1,2,1,33,1,1,0,0,36,1,0,0,1,0,0,0,0,0,0,0,0,0,36,,,36,0,0,5,5,0,0,1,0,0,0,0,0
2019,14,DET,REG,MIN,24,40,205,1,2,5,-44,0,0,267,56,12,-9.51184965152609,-8.17712725777376,0,22,70,0,0,0,2,-5.63943831584766,0,24,38,205,1,0,0,267,56,12,1.87640387436841,0,0,48,6,28,2,12,0,1,8,3,0,0,1,0,0,0,0,0,0,0,0,0,4,28,4,2,11,1,23,0,1,1,0,,0,0,0,0,0,0,0,0,0,0,1,0,0,,45,,0,45,0,1,1,0,0,1,0,0,0,0,0
2019,14,GB,REG,WAS,18,28,195,1,0,4,-28,4,1,219,86,9,-4.43944829223718,2.61067637690791,0,28,174,1,28,0,9,7.1746125215386,0,18,27,195,1,18,0,219,86,9,6.07765569806989,0,0,38,4,22,6,23,2,4,29,8,1,3,4,0,0,0,0,0,0,0,0,0,5,34,2,4,51,0,0,2,2,0,0,33,1,0,0,2,0,0,0,0,0,0,0,0,0,32;33,,,65,0,0,2,2,0,0,1,0,0,0,0,0
2019,14,HOU,REG,DEN,28,50,292,1,2,3,-12,3,0,434,160,16,-2.69521845223021,-9.94945491882081,0,22,134,2,22,0,9,9.60330606691423,0,28,47,292,1,28,1,434,160,16,-7.72901573751692,0,0,28,6,32,3,10,0,1,8,8,1,26,2,0,0,0,0,0,0,0,0,0,9,44,4,1,8,1,26,1,1,0,0,54,1,0,0,0,0,1,0,0,0,0,0,0,0,54,,,54,0,0,3,3,0,0,1,0,0,0,0,0
2019,14,IND,REG,TB,19,36,251,2,0,1,-8,1,0,351,98,7,3.67590043885775,-8.66866364247269,1,22,66,1,22,0,6,-0.047628588755396,0,19,35,251,2,19,1,351,98,7,3.84458486450512,1,0,44,7,25,1,7,1,1,7,6,3,104,5,1,0,0,0,0,0,1,1,0,3,35,5,2,34,0,0,2,3,1,0,50,0.666666666666667,1,0,0,0,1,0,0,0,0,1,0,0,50;19,47,,69,47,0,3,3,0,0,1,0,0,0,0,0
2019,14,JAX,REG,LAC,25,38,171,1,0,2,-7,0,0,209,70,6,-11.0314559132094,-3.95698321832193,0,23,88,0,0,0,6,0.946327736317356,0,25,37,171,1,0,0,209,70,6,-6.8091019570129,0,0,35,0,22,3,24,0,1,10,7,0,0,2,0,0,0,0,0,0,0,0,0,10,101,0,2,1,4,74,1,1,0,0,26,1,0,1,0,0,0,0,0,0,0,0,0,0,26,,,26,0,0,1,1,0,0,1,0,0,0,0,0
2019,14,KC,REG,NE,26,40,283,1,1,1,-12,1,0,219,181,13,4.09398273882699,-1.70665750136742,0,29,75,1,29,0,3,-1.26431327208411,0,26,39,283,1,26,1,219,181,13,5.3764100406902,0,0,37,11,13,8,28,0,3,20,6,1,4,2,0,0,0,7,1,1,0,0,0,10,136,3,3,20,3,73,3,3,0,0,48,1,0,0,1,2,0,0,0,0,0,0,0,0,48;31;41,,,120,0,0,2,2,0,0,1,0,0,0,0,0
2019,14,LA,REG,SEA,22,32,293,2,2,0,0,0,0,305,120,16,6.48390732511027,10.8277480800947,0,35,162,2,0,0,10,0.86223333721864,0,22,30,293,2,0,0,305,120,16,7.74504472679539,0,0,40,4,14,5,41,0,5,43,11,1,0,4,0,0,0,0,0,0,0,0,0,3,20,5,2,-1,2,35,0,1,0,1,,0,0,0,0,0,0,0,0,0,0,0,0,0,,,37,0,0,37,4,4,0,0,1,0,0,0,0,0
2019,14,LAC,REG,JAX,19,27,340,4,0,1,-10,1,0,256,229,11,27.6720372048921,11.9189975353388,0,30,195,2,30,0,14,4.9197542417096,0,19,26,340,4,19,0,256,229,11,29.3949600907408,0,0,44,0,22,5,14,0,2,7,4,0,0,3,0,2,0,0,1,2,0,0,0,6,65,3,2,1,3,61,1,1,0,0,40,1,0,0,0,1,0,0,0,0,0,0,0,0,40,,,40,0,0,6,6,0,0,1,0,0,0,0,0
2019,14,LV,REG,TEN,25,34,262,2,0,2,-4,2,0,247,118,13,5.89514068872086,12.0444110035896,0,24,97,1,24,0,7,-1.15494013181888,0,25,30,262,2,25,1,247,118,13,5.57728682970628,0,0,38,9,15,1,3,0,0,0,3,1,55,4,0,0,0,0,0,0,0,0,0,3,20,4,1,12,4,91,0,0,0,0,,,0,0,0,0,0,0,0,0,0,0,0,0,,,,0,0,0,3,3,0,0,1,0,0,0,0,0
2019,14,MIA,REG,NYJ,21,37,245,0,1,2,-5,2,0,338,62,13,-0.146767199860211,-0.852097272872925,0,26,122,0,26,0,5,-2.16734177333746,0,21,35,245,0,21,0,338,62,13,3.55075394617741,0,0,36,2,38,2,12,1,1,8,3,1,35,5,0,1,0,0,3,3,0,0,0,5,48,4,1,7,1,13,7,8,1,0,53,0.875,0,3,2,1,1,0,0,0,1,0,0,0,22;25;28;31;53;48;37,34,,244,34,0,0,0,0,0,,0,0,0,0,0
2019,14,MIN,REG,DET,24,30,242,1,0,1,-8,0,0,210,116,14,5.66133790820878,12.7288385711867,0,39,120,1,0,0,5,-9.23503508477006,0,24,29,242,1,0,0,210,116,14,8.98414590008598,0,0,47,3,9,7,46,0,5,44,8,2,0,5,0,0,0,0,0,0,0,0,0,8,55,2,4,43,1,14,2,2,0,0,50,1,0,1,0,0,1,0,0,0,0,0,0,0,27;50,,,77,0,0,2,2,0,0,1,0,0,0,0,0
2019,14,NE,REG,KC,20,37,204,1,1,3,-20,0,0,257,108,8,-17.5514792521901,-8.78821917942592,0,22,94,1,0,0,6,0.255092522988096,0,20,35,204,1,0,0,257,108,8,-10.9433870199982,0,0,52,7,9,2,14,2,1,12,6,1,6,3,0,0,0,0,0,0,1,1,0,5,25,4,0,0,5,97,1,2,0,1,29,0.5,0,1,0,0,0,0,0,0,0,0,0,0,29,,41,29,0,41,1,1,0,0,1,0,0,0,0,0
2019,14,NO,REG,SF,29,41,349,5,0,0,0,0,0,250,195,18,14.8403015701592,-2.15522439741507,0,27,116,1,27,1,9,-6.38020101912832,0,29,41,349,5,29,0,250,195,18,14.8403015701592,0,0,42,0,16,5,38,0,3,30,6,1,3,4,0,0,0,0,0,0,0,0,0,5,50,6,2,37,5,155,2,2,0,0,55,1,0,0,0,1,1,0,0,0,0,0,0,0,55;48,,,103,0,0,4,4,0,0,1,0,0,0,0,0
2019,14,NYG,REG,PHI,15,30,203,2,0,2,-21,2,0,264,83,6,-1.83098081710065,-10.3489082435082,0,20,73,0,20,0,7,-3.44579576683464,0,15,29,203,2,15,0,264,83,6,2.47623236685743,0,0,58,1,19,7,40,1,3,25,10,0,0,6,0,0,0,0,2,3,1,1,0,7,54,3,2,11,0,0,1,1,0,0,34,1,0,0,1,0,0,0,0,0,0,0,0,0,34,,,34,0,0,2,2,0,0,1,0,0,0,0,0
2019,14,NYJ,REG,MIA,20,36,270,2,1,1,-8,1,0,396,133,15,7.51980520770851,-3.61749351024628,0,32,112,0,32,0,5,-8.54050160315819,0,20,35,270,2,20,0,396,133,15,8.36629130850076,0,0,46,0,12,5,13,1,2,5,12,1,0,4,0,0,0,0,1,2,0,0,0,5,88,3,1,12,4,90,3,3,0,0,44,1,0,0,1,2,0,0,0,0,0,0,0,0,37;42;44,,,123,0,0,1,2,1,0,0.5,1,1,0,0,44
2019,14,PHI,REG,NYG,33,50,325,2,0,3,-25,3,0,314,171,16,4.14094355493809,-0.819652527570725,0,32,118,1,32,1,10,-4.58278878318379,0,33,50,325,2,33,0,314,171,16,8.40934555448757,0,0,32,0,6,5,32,1,2,21,5,0,0,7,0,0,0,0,1,2,0,0,0,4,30,5,3,23,1,28,1,2,1,0,34,0.5,0,0,1,0,0,0,0,0,0,1,0,0,34,47,,34,47,0,2,2,0,0,1,0,0,0,0,0
2019,14,PIT,REG,ARI,16,19,152,1,0,3,-17,3,0,93,74,10,6.42420775767978,16.1010589864519,0,35,140,0,35,2,6,-11.56937966782,0,16,18,152,1,16,0,93,74,10,10.582741123844,0,1,41,3,13,9,40,0,4,22,6,3,4,3,0,0,0,0,1,1,0,0,0,4,20,2,2,86,2,24,3,3,0,0,37,1,0,1,2,0,0,0,0,0,0,0,0,0,30;37;25,,,92,0,0,2,2,0,0,1,0,0,0,0,0
2019,14,SEA,REG,LA,22,36,245,0,1,5,-43,5,0,390,87,9,-6.85213526036953,1.18753810723623,0,21,106,0,21,0,10,-0.683478568447754,0,22,33,245,0,22,0,390,87,9,2.13990041855223,0,0,44,5,17,1,5,0,0,0,4,2,55,3,1,1,0,0,2,3,0,0,0,8,64,6,2,3,0,0,2,2,0,0,39,1,0,0,2,0,0,0,0,0,0,0,0,0,39;34,,,73,0,0,0,1,1,0,0,0,0,0,0,0
2019,14,SF,REG,NO,27,36,384,5,1,3,-30,0,0,238,190,15,19.3975400923961,7.39638975688389,0,24,162,1,0,0,9,1.60269090523843,0,27,35,384,5,0,0,238,190,15,25.8504410695028,0,0,49,1,17,6,27,2,0,0,3,0,0,7,0,0,0,0,0,0,1,1,0,10,67,5,1,3,1,21,2,2,0,0,41,1,0,0,1,1,0,0,0,0,0,0,0,0,41;30,,,71,0,0,6,6,0,0,1,1,1,0,0,30
2019,14,TB,REG,IND,35,49,474,4,3,1,-7,1,0,405,197,24,10.7454451026533,12.7585730287764,0,28,75,1,28,0,6,-7.11001061543357,0,35,45,474,4,35,1,405,197,24,17.0240149658312,0,0,37,0,14,4,17,1,1,8,7,0,0,5,0,0,0,0,0,0,1,1,0,6,104,3,2,3,1,26,1,1,0,0,44,1,0,0,0,1,0,0,0,0,0,0,0,0,44,,,44,0,0,5,5,0,0,1,0,0,0,0,0
2019,14,TEN,REG,LV,21,27,391,3,1,0,0,0,0,294,196,15,20.8976362926187,16.1467212217825,0,32,161,2,0,0,10,5.52318529700272,0,21,27,391,3,0,0,294,196,15,20.8976362926187,0,0,30,9,39,4,13,1,2,4,2,0,0,0,0,0,0,0,0,0,1,1,1,4,21,3,0,0,3,71,0,1,1,0,,0,0,0,0,0,0,0,0,0,0,1,0,0,,42,,0,42,0,6,6,0,0,1,0,0,0,0,0
2019,14,WAS,REG,GB,16,27,170,1,1,4,-29,4,0,255,86,11,-1.61893062183745,-4.72033425019338,0,28,121,1,28,0,5,-2.08794836419099,0,16,26,170,1,16,0,255,86,11,6.19706600734853,0,0,44,1,11,4,20,1,4,28,7,0,0,1,0,0,0,0,2,2,1,1,0,3,25,4,1,6,1,19,1,1,0,0,52,1,0,0,0,0,1,0,0,0,0,0,0,0,52,,,52,0,0,0,1,1,0,0,0,0,0,0,0
2019,15,ARI,REG,CLE,16,22,249,1,1,0,0,0,0,149,181,9,7.04219821802742,12.0470862090588,0,32,195,5,0,0,13,4.72433977745823,0,16,20,249,1,0,0,149,181,9,9.36201825835222,0,1,51,3,11,3,16,1,1,6,2,1,0,4,0,0,0,0,0,0,1,1,0,4,24,4,1,-2,3,64,1,1,0,0,21,1,0,1,0,0,0,0,0,0,0,0,0,0,21,,,21,0,0,5,5,0,0,1,0,0,0,0,0
2019,15,ATL,REG,SF,25,39,210,2,0,2,-9,2,0,252,106,14,6.39311455485131,0.317293864030104,0,20,89,1,20,0,4,-1.77145468520746,0,25,39,210,2,25,0,252,106,14,8.52767101783957,0,0,34,3,29,2,13,2,1,7,3,0,0,4,0,1,0,0,0,0,2,2,1,11,98,6,4,19,3,70,1,1,0,0,43,1,0,0,0,1,0,0,0,0,0,0,0,0,43,,,43,0,0,2,2,0,0,1,0,0,0,0,0
2019,15,BAL,REG,NYJ,15,24,212,5,0,1,0,1,0,267,59,11,16.2547341122117,6.28703399138017,0,34,218,1,34,0,11,4.47122346308618,1,15,22,212,5,15,0,267,59,11,18.3487463814963,0,0,36,2,24,1,2,1,1,11,6,1,12,5,0,0,0,0,1,1,1,1,0,6,35,3,1,8,1,5,0,0,0,0,,,0,0,0,0,0,0,0,0,0,0,0,0,,,,0,0,0,4,5,1,0,0.8,0,0,0,0,0
2019,15,BUF,REG,PIT,13,25,139,1,1,1,-8,1,0,235,16,7,-2.17745352862403,-6.38512422641118,0,38,130,1,38,1,10,-7.51706259755997,0,13,24,139,1,13,0,235,16,7,0.254170909291133,0,0,38,6,12,5,29,3,4,24,7,4,49,5,0,0,0,0,1,1,1,1,0,8,70,3,1,12,2,45,1,1,0,0,36,1,0,0,1,0,0,0,0,0,0,0,0,0,36,,,36,0,0,2,2,0,0,1,0,0,0,0,0
2019,15,CAR,REG,SEA,25,42,277,1,3,1,-8,1,0,249,200,18,-4.17715269153361,-5.68269132039486,0,29,145,2,29,0,11,4.94224591169041,0,25,39,277,1,25,0,249,200,18,-0.721892720853264,0,0,40,1,27,3,17,0,2,12,7,1,0,1,0,0,0,0,2,3,0,0,0,2,15,5,0,0,0,0,1,1,0,0,52,1,0,0,0,0,1,0,0,0,0,0,0,0,52,,,52,0,0,3,3,0,0,1,0,0,0,0,0
2019,15,CHI,REG,GB,29,53,334,1,2,3,-15,3,0,536,112,15,-4.22326603785988,-8.44262052400439,0,27,96,0,27,0,4,-3.69199607905466,0,29,50,334,1,29,0,536,112,15,-0.811009568637398,0,0,39,1,7,2,12,0,1,11,4,0,0,3,0,0,0,0,1,2,0,0,0,4,35,4,2,19,2,44,2,2,0,0,30,1,0,1,1,0,0,0,0,0,0,0,0,0,30;27,,,57,0,0,1,1,0,0,1,0,0,0,0,0
2019,15,CIN,REG,NE,17,31,151,1,4,0,0,0,0,251,77,9,-12.4725721365864,-7.48336161005086,0,32,164,0,32,0,7,-2.17330485809362,0,17,29,151,1,17,0,251,77,9,-10.8346941928937,0,0,40,0,20,4,15,1,2,12,7,0,0,2,0,1,0,0,0,0,0,0,0,5,25,5,2,9,2,36,2,2,0,0,48,1,0,0,1,1,0,0,0,0,0,0,0,0,34;48,,,82,0,0,1,1,0,0,1,0,0,0,0,0
2019,15,CLE,REG,ARI,31,44,303,3,1,1,-6,1,0,272,166,16,10.2372347338516,3.34751287172007,0,24,171,1,24,0,9,9.1962181054987,0,31,43,303,3,31,1,272,166,16,5.14469628073688,0,0,39,2,10,2,4,0,0,0,1,1,21,2,0,0,0,0,0,0,0,0,0,6,55,3,1,9,4,67,1,2,1,0,44,0.5,0,0,0,1,0,0,0,0,0,1,0,0,44,45,,44,45,0,4,4,0,0,1,0,0,0,0,0
2019,15,DAL,REG,LA,15,23,212,2,0,0,0,0,0,137,149,8,7.54671271055388,-5.97969117489728,0,45,263,3,45,0,17,13.3453227737877,0,15,22,212,2,15,0,137,149,8,8.23170992129865,0,0,40,2,10,3,25,0,2,22,6,1,25,5,0,0,0,0,1,1,0,0,0,4,16,1,2,20,0,0,3,3,0,0,50,1,0,0,0,2,1,0,0,0,0,0,0,0,50;42;42,,,134,0,0,5,5,0,0,1,0,0,0,0,0
2019,15,DEN,REG,KC,18,40,208,0,1,2,-9,2,0,243,151,10,-11.6843572401629,-19.3614480644465,0,15,52,0,15,0,4,-3.24744887865381,0,18,40,208,0,18,0,243,151,10,-8.764766520653,0,0,44,1,23,4,15,0,3,13,5,1,0,5,0,0,0,0,2,3,0,0,0,7,72,4,1,8,2,50,1,1,0,0,32,1,0,0,1,0,0,0,0,0,0,0,0,0,32,,,32,0,0,0,0,0,0,,0,0,0,0,0
2019,15,DET,REG,TB,24,43,260,0,2,2,-10,2,0,354,69,11,-17.7745167511154,-16.3988535140836,0,18,45,2,18,0,5,-0.558310385793448,0,24,43,260,0,24,1,354,69,11,-18.8088744408439,0,0,42,5,19,4,16,0,2,12,6,1,2,3,0,0,0,0,1,1,0,0,0,2,10,5,0,0,0,0,1,1,0,0,44,1,0,0,0,1,0,0,0,0,0,0,0,0,44,,,44,0,0,2,2,0,0,1,0,0,0,0,0
2019,15,GB,REG,CHI,16,33,203,1,0,1,-11,0,0,305,111,7,-4.57808482513065,-9.65053414305051,0,24,100,2,0,0,5,-1.22070667354274,0,16,30,203,1,0,0,305,111,7,2.01116829918465,0,0,50,7,15,6,22,1,3,15,4,2,14,6,0,0,0,0,0,0,1,1,0,4,30,3,1,12,2,71,0,0,0,0,,,0,0,0,0,0,0,0,0,0,0,0,0,,,,0,0,0,3,3,0,0,1,0,0,0,0,0
2019,15,HOU,REG,TEN,19,27,243,2,2,1,-9,1,0,271,95,12,4.84309092577314,12.0143018960953,0,35,140,1,35,0,9,2.98500131815672,0,19,25,243,2,19,0,271,95,12,7.4560350907268,0,0,36,8,24,1,8,0,2,10,7,1,86,6,0,0,0,0,0,0,0,0,0,5,27,2,0,0,2,54,1,1,0,0,29,1,0,1,0,0,0,0,0,0,0,0,0,0,29,,,29,0,0,3,3,0,0,1,0,0,0,0,0
2019,15,IND,REG,NO,18,34,165,0,0,1,-6,0,0,343,66,8,-9.29849474001094,-10.3184612411441,0,17,46,1,0,0,5,-1.76292927982286,0,18,33,165,0,0,0,343,66,8,-7.10758017189801,0,0,44,1,27,3,7,0,0,0,2,0,0,0,0,0,0,0,0,0,0,0,0,7,49,4,0,0,1,19,0,0,0,0,,,0,0,0,0,0,0,0,0,0,0,0,0,,,,0,0,0,1,1,0,0,1,0,0,0,0,0
2019,15,JAX,REG,LV,17,29,201,2,0,2,-16,0,0,241,97,10,5.19774497406969,-5.48664171780858,0,22,77,0,0,0,5,-4.61616878769132,0,17,28,201,2,0,0,241,97,10,8.56892606115434,0,0,51,3,15,8,44,0,4,31,5,0,0,4,0,0,0,0,0,0,0,0,0,8,87,3,1,8,1,35,2,2,0,0,43,1,0,1,0,1,0,0,0,0,0,0,0,0,28;43,,,71,0,0,2,2,0,0,1,0,0,0,0,0
2019,15,KC,REG,DEN,27,34,340,2,1,3,-13,0,0,337,65,17,10.1558400740489,16.492426570724,1,25,92,0,0,0,7,-3.71057427168125,0,27,34,340,2,0,0,337,65,17,13.668480231501,1,0,31,1,15,3,18,0,2,9,10,1,0,5,0,0,0,0,0,0,0,0,0,5,45,2,2,-2,1,20,3,3,0,0,44,1,0,2,0,1,0,0,0,0,0,0,0,0,23;24;44,,,91,0,0,0,0,0,0,,0,0,0,0,0
2019,15,LA,REG,DAL,34,52,289,2,1,2,-22,0,0,325,169,17,-4.18409170316579,-5.32070637917987,0,14,22,1,0,0,3,-2.31744519305346,1,34,51,289,2,0,0,325,169,17,1.20825331924437,0,0,42,1,29,3,6,0,0,0,1,0,0,2,0,0,0,0,0,0,0,0,0,5,29,4,1,0,1,23,0,0,0,0,,,0,0,0,0,0,0,0,0,0,0,0,0,,,,0,0,0,1,1,0,0,1,0,0,0,0,0
2019,15,LAC,REG,MIN,28,39,307,1,3,3,-24,3,1,344,122,15,-5.54416582483139,9.41784334810157,0,19,62,0,19,1,3,-10.3146404586732,0,28,38,307,1,28,2,344,122,15,-2.10693721118189,0,0,49,4,8,3,6,0,0,0,1,1,9,4,0,0,0,0,0,0,0,0,0,5,48,5,0,0,3,48,1,1,0,0,41,1,0,0,0,1,0,0,0,0,0,0,0,0,41,,,41,0,0,1,1,0,0,1,0,0,0,0,0
2019,15,LV,REG,JAX,22,36,267,1,0,4,-31,0,0,237,172,15,4.54085112880911,-1.08835591423896,0,32,128,0,0,0,8,-1.57199528010096,0,22,31,267,1,0,0,237,172,15,12.2708512017323,0,0,29,4,20,6,23,0,2,16,5,0,0,4,0,0,0,0,0,0,0,0,0,6,51,5,1,2,2,37,3,4,1,0,34,0.75,0,1,2,0,0,0,0,0,0,1,0,0,33;34;27,45,,94,45,0,1,1,0,0,1,0,0,0,0,0
2019,15,MIA,REG,NYG,23,41,279,2,0,3,-17,3,0,352,124,13,0.896520892637541,-6.16511360901157,0,25,122,0,25,1,7,-5.69601569703082,0,23,41,279,2,23,0,352,124,13,6.642823951449,0,0,35,4,32,3,13,0,1,10,1,3,64,5,0,0,0,0,0,0,0,0,0,7,42,5,0,0,2,55,2,3,1,0,47,0.666666666666667,0,1,0,1,0,0,0,0,0,1,0,0,24;47,49,,71,49,0,2,2,0,0,1,0,0,0,0,0
2019,15,MIN,REG,LAC,19,25,207,1,1,0,0,0,0,195,67,10,6.19782987221293,12.4925075719754,0,37,137,2,37,0,10,-0.63433891691966,0,19,24,207,1,19,0,195,67,10,7.34019564714806,0,0,43,3,13,5,19,5,3,24,5,3,7,5,0,0,0,0,2,4,4,4,1,5,41,2,0,0,1,25,4,4,0,0,44,1,0,2,1,1,0,0,0,0,0,0,0,0,26;44;38;27,,,135,0,0,3,4,1,0,0.75,0,0,0,0,0
2019,15,NE,REG,CIN,15,29,128,2,0,2,-12,2,0,157,94,7,-2.43283620156129,-12.3740964702198,0,32,175,1,32,0,10,3.54667602665722,0,15,28,128,2,15,0,157,94,7,0.00540723233549478,0,0,31,1,33,0,0,0,0,0,3,4,77,9,1,0,0,0,1,1,1,1,0,4,30,5,1,1,2,42,2,2,0,0,46,1,0,0,0,2,0,0,0,0,0,0,0,0,40;46,,,86,0,0,4,4,0,0,1,0,0,0,0,0
2019,15,NO,REG,IND,29,30,307,4,0,0,0,0,0,202,103,18,21.453377060263,24.7731603185336,0,33,117,0,0,0,7,-6.06094499822939,0,29,30,307,4,0,0,202,103,18,21.453377060263,0,0,27,0,18,3,9,0,1,6,8,0,0,4,0,0,0,0,0,0,0,0,0,6,52,5,3,29,0,0,2,2,0,0,33,1,0,1,1,0,0,0,0,0,0,0,0,0,33;26,,,59,0,0,4,4,0,0,1,0,0,0,0,0
2019,15,NYG,REG,MIA,21,29,284,2,3,1,-10,0,0,292,101,12,1.77928341299412,6.35700595789943,0,33,138,3,0,0,9,2.23067317178356,0,21,29,284,2,0,0,292,101,12,3.27157771380735,0,0,41,8,18,5,12,1,3,17,11,0,0,9,0,0,1,0,0,0,1,1,0,4,32,5,1,9,3,83,0,0,0,0,,,0,0,0,0,0,0,0,0,0,0,0,0,,,,0,0,0,4,5,1,0,0.8,0,0,0,0,0
2019,15,NYJ,REG,BAL,18,32,218,2,1,1,-11,1,1,252,109,9,-6.94061279056441,1.25152232318089,1,24,103,0,24,0,4,-1.99575762840686,0,18,29,218,2,18,0,252,109,9,0.351294319247361,1,1,41,2,10,1,3,0,1,0,3,0,0,2,0,0,0,14,0,0,0,0,0,8,94,3,3,48,7,179,0,1,0,1,,0,0,0,0,0,0,0,0,0,0,0,0,0,,,49,0,0,49,1,2,1,0,0.5,0,0,0,0,0
2019,15,PHI,REG,WAS,30,43,266,3,0,2,-8,2,1,209,190,15,8.34351864842869,9.13377024233341,0,28,157,1,28,0,10,7.17162991914665,0,30,40,266,3,30,0,209,190,15,15.8844148903893,0,0,32,2,18,1,1,1,1,10,1,0,0,3,0,0,0,0,3,3,1,1,1,7,54,3,0,0,1,29,1,1,0,0,25,1,0,1,0,0,0,0,0,0,0,0,0,0,25,,,25,0,0,4,4,0,0,1,0,0,0,0,0
2019,15,PIT,REG,BUF,23,38,202,1,4,4,-24,4,0,338,84,8,-15.7773831687138,-1.84980341129833,0,14,51,0,14,0,6,-6.67629141377984,0,23,36,202,1,23,0,338,84,8,-8.19919055399641,0,0,43,6,18,3,7,2,1,8,5,1,33,4,0,0,0,0,3,4,1,1,0,6,30,4,2,20,3,63,1,1,0,0,49,1,0,0,0,1,0,0,0,0,0,0,0,0,49,,,49,0,0,1,1,0,0,1,0,0,0,0,0
2019,15,SEA,REG,CAR,20,27,286,2,1,2,-12,0,0,313,104,10,15.3284369418086,21.6046079993248,0,34,154,2,0,0,10,1.4446614656481,0,20,25,286,2,0,0,313,104,10,18.4471575590994,0,0,34,1,35,3,12,1,1,8,3,3,16,6,0,0,0,0,0,0,0,0,0,5,40,4,0,0,1,14,1,1,0,0,30,1,0,0,1,0,0,0,0,0,0,0,0,0,30,,,30,0,0,3,4,1,0,0.75,0,0,0,0,0
2019,15,SF,REG,ATL,22,34,200,1,0,1,-7,1,0,146,148,10,1.90907487585574,-5.06839959910421,0,27,120,1,27,1,8,-5.48568506471929,0,22,33,200,1,22,0,146,148,10,3.91606287924007,0,0,44,0,14,4,13,1,2,9,8,0,0,6,0,0,0,0,1,1,1,1,0,7,67,4,0,0,2,15,3,3,0,0,46,1,0,1,0,2,0,0,0,0,0,0,0,0,22;46;43,,,111,0,0,1,2,1,0,0.5,0,0,0,0,0
2019,15,TB,REG,DET,28,42,458,4,1,2,-12,2,0,468,192,19,25.1975367083689,1.96110031953672,0,29,49,0,29,0,4,-10.0347880715562,0,28,41,458,4,28,0,468,192,19,28.7635270452883,0,0,37,3,5,7,19,1,2,10,6,2,91,8,1,2,0,0,0,0,1,1,0,9,70,2,1,0,2,43,1,2,1,0,46,0.5,0,0,0,1,0,0,0,0,0,0,1,0,46,54,,46,54,0,5,5,0,0,1,0,0,0,0,0
2019,15,TEN,REG,HOU,22,37,279,2,1,2,-10,0,0,383,116,15,1.14850222052967,-0.482534037695995,0,28,163,1,0,0,7,5.27222816739231,0,22,36,279,2,0,0,383,116,15,2.67811708470884,0,0,46,6,14,1,9,1,1,9,1,2,2,4,0,0,0,0,0,0,0,0,0,4,30,3,2,19,3,55,0,1,0,1,,0,0,0,0,0,0,0,0,0,0,0,0,0,,,45,0,0,45,3,3,0,0,1,0,0,0,0,0
2019,15,WAS,REG,PHI,19,28,261,2,0,1,-10,1,1,196,144,10,2.31064846779404,1.80175834231907,0,22,101,1,22,0,8,-1.62018522637663,0,19,27,261,2,19,0,196,144,10,10.9186938803126,0,0,45,2,22,3,6,3,2,8,6,0,0,4,0,0,0,0,0,0,1,1,0,5,60,4,2,8,3,89,2,2,0,0,53,1,0,0,0,1,1,0,0,0,0,0,0,0,53;43,,,96,0,0,3,3,0,0,1,0,0,0,0,0
2019,16,ARI,REG,SEA,15,27,167,1,0,2,-8,0,0,222,96,8,0.134008890431628,-9.35886833402845,0,40,253,2,0,0,12,6.51236188124552,0,15,27,167,1,0,0,222,96,8,3.84915493470083,0,0,30,2,30,10,53,2,5,36,7,0,0,5,0,0,0,0,0,0,1,1,0,5,47,6,5,40,4,90,2,3,0,1,46,0.666666666666667,0,1,0,1,0,0,0,0,0,0,0,0,22;46,,45,68,0,45,3,3,0,0,1,0,0,0,0,0
2019,16,ATL,REG,JAX,32,45,384,1,2,1,-1,1,0,394,122,20,10.3044231219476,6.65150991705961,0,27,135,2,27,0,9,0.30441430787323,0,32,43,384,1,32,0,394,122,20,12.6323971114555,0,0,32,0,22,2,13,1,3,15,5,0,0,5,0,1,0,0,1,1,1,1,0,9,64,2,3,20,3,43,1,2,1,0,23,0.5,0,1,0,0,0,0,0,0,0,1,0,0,23,42,,23,42,0,3,3,0,0,1,0,0,0,0,0
2019,16,BAL,REG,CLE,20,31,238,3,0,0,0,0,0,247,108,13,11.6379552026151,0.281248390674591,0,40,243,1,40,1,17,7.3933871879417,0,20,30,238,3,20,0,247,108,13,12.4800203816371,0,0,31,1,15,2,5,0,1,8,5,1,0,6,0,0,0,0,2,2,0,0,0,7,50,3,2,7,3,62,1,1,0,0,31,1,0,0,1,0,0,0,0,0,0,0,0,0,31,,,31,0,0,4,4,0,0,1,0,0,0,0,0
2019,16,BUF,REG,NE,13,26,208,2,0,4,-32,0,0,317,72,8,2.79437550480019,-8.45536371836296,0,23,92,0,0,0,6,-2.02015626881621,0,13,26,208,2,0,0,317,72,8,8.19928808815551,0,0,42,18,24,1,6,1,0,0,4,0,0,0,0,0,0,0,0,0,1,1,0,7,46,5,1,17,2,57,1,1,0,0,35,1,0,0,1,0,0,0,0,0,0,0,0,0,35,,,35,0,0,2,2,0,0,1,0,0,0,0,0
2019,16,CAR,REG,IND,28,45,236,0,3,5,-37,0,0,412,173,13,-9.5539382484652,-1.14500118153436,0,21,87,0,0,0,6,-3.89266280903623,0,28,42,236,0,0,0,412,173,13,3.74637810724984,0,0,41,5,5,3,14,0,3,13,6,0,0,1,0,0,0,0,0,0,0,0,0,6,46,2,2,16,0,0,2,2,0,0,50,1,0,1,0,0,1,0,0,0,0,0,0,0,27;50,,,77,0,0,0,0,0,0,,0,0,0,0,0
2019,16,CHI,REG,KC,18,34,157,0,0,3,-24,3,0,275,93,8,-14.0203260211081,-11.6338068788702,0,22,101,0,22,0,8,-0.525757588271517,0,18,33,157,0,18,0,275,93,8,-8.94500231758388,0,0,42,0,22,3,10,0,1,7,1,0,0,0,0,0,0,0,1,2,0,0,0,7,50,5,2,18,2,37,1,1,0,0,46,1,0,0,0,1,0,0,0,0,0,0,0,0,46,,,46,0,0,0,0,0,0,,0,0,0,0,0
2019,16,CIN,REG,MIA,33,56,396,4,0,4,-25,4,1,586,109,21,12.6729376748265,0.0657005166565952,1,25,59,0,25,0,2,-7.77944446153098,1,33,54,396,4,33,0,586,109,21,22.1076899929033,1,0,54,1,23,4,16,1,2,13,13,1,0,7,0,0,0,0,0,0,0,0,0,10,77,8,4,42,2,50,2,2,0,0,57,1,0,1,0,0,1,0,0,0,0,0,0,0,20;57,,,77,0,0,1,1,0,0,1,0,0,0,0,0
2019,16,CLE,REG,BAL,20,33,192,2,1,1,-8,0,0,298,81,10,-0.428011873534364,-0.782535690814257,0,19,57,0,0,0,2,-6.78633972088574,0,20,32,192,2,0,0,298,81,10,1.34652693077694,0,0,50,0,16,1,1,1,0,0,4,0,0,4,0,0,0,0,0,0,1,1,0,7,62,4,1,11,2,25,1,1,0,0,47,1,0,0,0,1,0,0,0,0,0,0,0,0,47,,,47,0,0,0,1,1,0,0,0,0,0,0,0
2019,16,DAL,REG,PHI,25,44,265,0,0,2,-8,2,0,463,78,12,-4.59502640997699,-7.31336149302396,0,16,54,0,16,1,4,-5.24492834727646,0,25,44,265,0,25,0,463,78,12,-1.61828652445867,0,0,49,0,24,8,24,1,1,6,3,0,0,4,0,0,0,0,0,0,0,0,0,2,20,6,1,10,2,41,3,3,0,0,49,1,0,0,1,2,0,0,0,0,0,0,0,0,49;32;49,,,130,0,0,0,0,0,0,,0,0,0,0,0
2019,16,DEN,REG,DET,26,34,198,1,0,0,0,0,0,219,95,13,7.34246763984865,9.1625435387387,0,33,150,2,33,0,9,-0.49896694344352,0,26,34,198,1,26,0,219,95,13,7.34246763984865,0,0,26,2,22,3,13,0,4,22,7,0,0,4,0,1,0,0,1,1,0,0,0,6,50,3,2,22,1,47,2,2,0,0,34,1,0,1,1,0,0,0,0,0,0,0,0,0,34;26,,,60,0,0,3,3,0,0,1,0,0,0,0,0
2019,16,DET,REG,DEN,12,24,117,1,0,4,-22,0,0,250,58,7,-5.20276857975903,-8.68119701095249,0,21,96,0,0,0,4,0.730078191962093,0,12,23,117,1,0,0,250,58,7,0.328335576050449,0,1,38,2,36,1,2,0,0,0,1,0,0,3,0,0,0,0,0,0,0,0,0,7,68,4,3,75,0,0,1,1,0,0,26,1,0,1,0,0,0,0,0,0,0,0,0,0,26,,,26,0,0,2,2,0,0,1,0,0,0,0,0
2019,16,GB,REG,MIN,26,40,216,0,1,3,-17,3,0,266,145,14,-7.2408314008281,-3.88524289193906,1,32,184,2,32,0,8,1.46428820415167,0,26,38,216,0,26,2,266,145,14,-10.2282534005136,1,0,31,1,17,7,41,0,5,40,7,1,39,5,0,1,0,0,2,2,0,0,0,2,20,6,4,26,0,0,3,3,0,0,42,1,1,0,1,1,0,0,0,0,0,0,0,0,42;33;19,,,94,0,0,0,1,1,0,0,0,0,0,0,0
2019,16,HOU,REG,TB,19,32,184,0,1,5,-23,5,0,215,73,7,-7.38685444396486,-6.33238572627306,0,26,68,1,26,1,5,-7.77696029571207,0,19,32,184,0,19,0,215,73,7,-2.89987757921716,0,0,49,0,10,3,8,1,3,6,5,4,49,10,1,0,0,19,0,0,1,1,0,4,35,1,1,10,0,0,3,3,0,0,37,1,0,1,2,0,0,0,0,0,0,0,0,0,32;25;37,,,94,0,0,2,2,0,0,1,0,0,0,0,0
2019,16,IND,REG,CAR,14,27,119,0,0,3,-13,0,0,289,35,6,-7.468024883299,-7.64339976012707,0,32,218,3,0,0,14,13.7570153173292,0,14,24,119,0,0,0,289,35,6,-1.13054881163021,0,2,43,11,15,4,37,0,5,37,7,3,0,7,0,0,0,0,0,0,0,0,0,0,0,3,3,195,0,0,1,1,0,0,35,1,0,0,1,0,0,0,0,0,0,0,0,0,35,,,35,0,0,5,5,0,0,1,0,0,0,0,0
2019,16,JAX,REG,ATL,14,32,188,1,0,3,-15,3,0,241,96,9,-2.67955741933826,-21.4135545876718,0,24,115,0,24,0,5,0.476697922701113,0,14,31,188,1,14,0,241,96,9,2.12776753433002,0,0,46,1,27,5,12,0,1,1,6,2,4,6,0,0,0,0,0,0,0,0,0,6,36,3,1,7,2,57,2,2,0,0,40,1,0,1,0,1,0,0,0,0,0,0,0,0,40;27,,,67,0,0,0,0,0,0,,0,0,0,0,0
2019,16,KC,REG,CHI,23,33,251,2,0,1,-7,0,0,244,99,15,13.7315998306089,5.68329721689224,0,29,106,1,0,0,6,-1.72422287008494,0,23,30,251,2,0,0,244,99,15,17.4188858150096,0,0,41,0,8,3,24,0,3,24,6,0,0,2,0,0,0,0,0,0,0,0,0,9,71,1,2,10,2,57,2,2,0,0,56,1,0,0,1,0,1,0,0,0,0,0,0,0,56;32,,,88,0,0,2,3,1,0,0.666666666666667,0,0,0,0,0
2019,16,LA,REG,SF,27,46,323,2,1,0,0,0,0,289,155,17,3.81303317582403,1.37565013689872,0,24,72,2,24,0,6,-0.462003290333087,0,27,39,323,2,27,0,289,155,17,9.60381395361165,0,0,36,2,8,7,29,1,6,33,8,2,13,8,0,1,0,0,2,2,0,0,0,7,43,6,2,1,1,27,1,2,1,0,52,0.5,0,0,0,0,1,0,0,0,0,0,1,0,52,52,,52,52,0,4,4,0,0,1,0,0,0,0,0
2019,16,LAC,REG,LV,27,39,279,0,0,1,-14,0,0,208,176,13,4.62981171374304,2.36699991935008,0,16,19,2,0,0,4,-3.22616975981509,0,27,37,279,0,0,0,208,176,13,7.7647066298523,0,0,50,2,20,5,21,0,3,24,7,0,0,0,0,0,0,0,0,0,0,0,0,2,15,4,3,21,3,73,1,1,0,0,27,1,0,1,0,0,0,0,0,0,0,0,0,0,27,,,27,0,0,2,2,0,0,1,0,0,0,0,0
2019,16,LV,REG,LAC,26,30,291,1,0,3,-24,0,0,132,172,12,14.5176189646591,17.2798608911449,0,29,99,2,0,0,7,-4.81316956984307,0,26,29,291,1,0,0,132,172,12,20.0153187885298,0,0,43,2,6,4,21,0,1,14,3,0,0,5,0,0,0,0,0,0,0,0,0,5,47,3,4,41,2,51,1,1,0,0,48,1,0,0,0,1,0,0,0,0,0,0,0,0,48,,,48,0,0,3,3,0,0,1,0,0,0,0,0
2019,16,MIA,REG,CIN,31,52,419,4,1,2,-13,2,0,510,126,21,18.0735666587134,0.15673216651468,0,34,96,1,34,0,5,-3.87943313701568,0,31,51,419,4,31,0,510,126,21,21.4632030985085,0,0,50,0,28,4,16,1,4,25,4,0,0,7,0,0,0,0,1,1,1,1,0,6,47,6,4,26,2,28,1,2,1,0,37,0.5,0,0,1,0,0,0,0,0,0,1,0,0,37,47,,37,47,0,5,5,0,0,1,1,1,0,0,37
2019,16,MIN,REG,GB,16,32,122,1,1,5,-40,0,0,251,49,6,-24.7054431814583,-17.110080520312,0,16,57,0,0,0,1,-4.32033771835268,0,16,30,122,1,0,0,251,49,6,-14.5643897223169,0,0,47,7,21,5,19,3,3,17,5,1,10,5,0,0,0,0,0,0,2,2,0,3,30,4,1,23,0,0,1,1,0,0,23,1,0,1,0,0,0,0,0,0,0,0,0,0,23,,,23,0,0,1,1,0,0,1,0,0,0,0,0
2019,16,NE,REG,BUF,26,33,271,1,0,0,0,0,0,167,138,11,13.2381618637783,11.1126269213855,1,35,143,1,35,0,11,0.659373073593192,0,26,32,271,1,26,1,167,138,11,6.61198356889238,1,0,27,9,19,3,26,0,4,32,7,0,0,5,0,0,0,0,0,0,0,0,0,3,30,4,3,17,3,75,3,3,0,0,51,1,0,1,1,0,1,0,0,0,0,0,0,0,36;51;20,,,107,0,0,1,1,0,0,1,0,0,0,0,0
2019,16,NO,REG,TEN,28,40,299,3,0,3,-24,3,0,283,151,16,7.87430451546007,2.63989506623684,0,23,102,2,23,0,5,2.52771354396828,0,28,39,299,3,28,0,283,151,16,13.3172861423809,0,0,36,10,20,7,31,1,5,24,6,0,0,4,0,1,0,0,1,1,1,1,0,11,70,5,4,21,5,162,1,1,0,0,47,1,0,0,0,1,0,0,0,0,0,0,0,0,47,,,47,0,0,5,5,0,0,1,0,0,0,0,0
2019,16,NYG,REG,WAS,28,42,352,5,0,1,-6,1,0,371,143,16,25.3745788136228,6.15592537782131,0,26,206,1,26,0,8,6.27498302975437,0,28,39,352,5,28,0,371,143,16,26.6813883080985,0,0,35,8,30,8,32,0,3,21,10,0,0,2,0,0,0,0,1,1,0,0,0,4,33,4,2,6,3,86,0,1,1,0,,0,0,0,0,0,0,0,0,0,0,0,1,0,,53,,0,53,0,5,5,0,0,1,0,0,0,0,0
2019,16,NYJ,REG,PIT,16,26,183,1,0,2,-9,2,1,217,104,7,-5.24563632321878,-3.1117684841156,0,32,85,0,32,0,7,-6.90956819671615,0,16,25,183,1,16,0,217,104,7,0.127587989671156,0,0,37,1,39,9,45,0,4,28,7,2,1,5,0,0,0,0,2,4,0,0,0,3,30,1,1,20,2,12,3,3,0,0,54,1,0,0,1,1,1,0,0,0,0,0,0,0,54;37;42,,,133,0,0,1,1,0,0,1,0,0,0,0,0
2019,16,PHI,REG,DAL,31,40,319,1,0,1,-6,1,0,203,197,18,8.31286304539149,7.47091300785542,0,30,118,1,30,0,5,-6.84418272029143,0,31,40,319,1,31,0,203,197,18,9.76675509116226,0,0,38,0,14,5,16,1,2,8,4,0,0,5,0,0,0,0,1,1,1,1,0,4,30,2,1,1,3,84,1,3,2,0,36,0.333333333333333,0,0,1,0,0,0,0,0,0,0,2,0,36,53;55,,36,108,0,2,2,0,0,1,0,0,0,0,0
2019,16,PIT,REG,NYJ,25,37,213,1,2,4,-28,4,0,287,91,11,-4.49541986779111,3.57033734520276,0,25,75,0,25,0,4,-7.13511009054491,0,25,36,213,1,25,0,287,91,11,1.55716644304305,0,0,31,1,39,6,21,1,2,9,7,0,0,3,0,0,0,0,2,3,1,1,0,4,34,6,3,40,3,65,1,1,0,0,49,1,0,0,0,1,0,0,0,0,0,0,0,0,49,,,49,0,0,1,1,0,0,1,0,0,0,0,0
2019,16,SEA,REG,ARI,16,31,169,1,0,5,-36,5,0,317,110,8,-4.79253256099189,-11.023914762612,0,20,91,0,20,0,4,-4.1068312672985,0,16,29,169,1,16,1,317,110,8,-3.09007109351813,0,0,36,3,47,2,2,0,2,8,3,0,0,7,0,0,0,46,1,1,0,0,0,7,55,4,2,23,2,33,2,2,0,0,51,1,0,0,1,0,1,0,0,0,0,0,0,0,30;51,,,81,0,0,1,1,0,0,1,0,0,0,0,0
2019,16,SF,REG,LA,16,27,248,1,2,6,-33,6,0,207,118,12,-7.01121269499193,-5.86849417951372,0,23,119,2,23,0,6,3.04911610249677,0,16,27,248,1,16,0,207,118,12,1.16532597090342,0,0,41,6,16,2,2,1,0,0,3,1,46,4,1,0,0,0,2,3,0,0,0,3,26,3,0,0,1,81,2,2,0,0,33,1,0,1,1,0,0,0,0,0,0,0,0,0,26;33,,,59,0,0,4,4,0,0,1,1,1,0,0,33
2019,16,TB,REG,HOU,25,48,335,1,4,3,-6,3,0,623,83,15,-5.34995557236112,-4.61254145236726,0,21,106,1,21,1,5,-9.38620546813341,0,25,47,335,1,25,0,623,83,15,-1.79293737626726,0,0,44,0,16,5,19,2,5,23,6,1,31,6,0,0,0,0,0,0,1,1,0,6,45,6,2,3,5,74,2,3,0,1,50,0.666666666666667,0,0,0,1,1,0,0,0,0,0,0,0,50;41,,54,91,0,54,2,2,0,0,1,0,0,0,0,0
2019,16,TEN,REG,NO,17,27,272,3,0,5,-24,5,0,241,132,11,7.58437477069674,1.81330460309982,0,26,149,1,26,0,4,2.26550197595498,0,17,25,272,3,17,1,241,132,11,8.46033858513692,0,0,47,5,11,7,30,0,3,24,3,0,0,5,0,0,0,0,0,0,0,0,0,6,56,3,3,37,4,83,0,0,0,0,,,0,0,0,0,0,0,0,0,0,0,0,0,,,,0,0,0,4,4,0,0,1,0,0,0,0,0
2019,16,WAS,REG,NYG,29,38,302,3,0,3,-21,0,0,309,107,16,14.1421652388235,16.4342900385728,0,26,80,2,0,0,7,-4.13055484878714,0,29,37,302,3,0,0,309,107,16,19.4976953298028,0,0,49,2,12,4,8,1,1,6,7,0,0,5,0,0,0,0,0,0,0,0,0,6,51,4,0,0,1,25,0,0,0,0,,,0,0,0,0,0,0,0,0,0,0,0,0,,,,0,0,0,5,5,0,0,1,0,0,0,0,0
2019,17,ARI,REG,LA,27,43,325,2,2,1,-3,1,0,393,148,13,7.61746468052736,5.21378715833028,0,17,71,1,17,2,7,-8.82408265542472,0,27,39,325,2,27,1,393,148,13,10.3642363723018,0,0,41,12,36,5,16,0,1,8,6,0,0,7,0,0,0,0,0,2,0,0,0,8,63,3,0,0,3,68,1,1,0,0,31,1,0,0,1,0,0,0,0,0,0,0,0,0,31,,,31,0,0,3,3,0,0,1,0,0,0,0,0
2019,17,ATL,REG,TB,30,51,313,1,0,6,-27,6,1,311,120,20,-6.2567741641083,-2.12459433823824,0,30,87,0,30,0,7,-8.67988723089239,0,30,48,313,1,30,0,311,120,20,13.3515848369687,0,0,29,1,13,5,14,3,1,8,1,2,54,6,1,0,0,0,0,0,1,1,0,5,53,3,2,3,1,17,5,5,0,0,45,1,0,1,2,2,0,0,0,0,0,0,0,0,27;33;45;43;33,,,181,0,0,1,1,0,0,1,0,0,0,0,0
2019,17,BAL,REG,PIT,11,21,96,0,1,3,-15,3,0,135,50,3,-7.27212847830684,-9.68935281038284,0,44,223,1,44,1,15,-0.0940031519590758,0,11,20,96,0,11,0,135,50,3,-2.91333740333457,0,0,26,5,19,4,18,2,2,18,6,0,0,0,0,0,1,0,0,0,2,2,1,6,35,5,2,2,2,50,4,4,0,0,47,1,0,1,0,3,0,0,0,0,0,0,0,0,45;22;42;47,,,156,0,0,2,2,0,0,1,0,0,0,0,0
2019,17,BUF,REG,NYJ,21,40,237,0,2,1,-1,1,1,306,119,10,-12.3760435737485,-14.24572123931,0,20,73,0,20,0,7,-3.66952864447376,0,21,39,237,0,21,0,306,119,10,-7.93217257020503,0,0,42,4,18,6,21,0,2,14,2,1,2,4,0,0,0,0,1,2,0,0,0,5,40,4,1,4,3,65,2,2,0,0,29,1,0,2,0,0,0,0,0,0,0,0,0,0,28;29,,,57,0,0,0,0,0,0,,0,0,0,0,0
2019,17,CAR,REG,NO,26,49,299,0,2,2,-11,2,0,373,160,13,-12.0975381940256,-12.3621919933631,0,18,41,1,18,1,3,-11.4024449215503,0,26,49,299,0,26,0,373,160,13,-8.79043153381226,0,0,36,5,23,4,8,0,1,3,4,0,0,6,0,0,0,0,0,1,0,0,0,5,54,2,2,4,1,25,1,1,0,0,23,1,0,1,0,0,0,0,0,0,0,0,0,0,23,,,23,0,0,1,1,0,0,1,0,0,0,0,0
2019,17,CHI,REG,MIN,26,37,207,0,0,4,-28,4,1,214,103,13,-1.79123169957707,2.75840265410287,0,34,158,1,34,0,10,-0.453917346672681,0,26,35,207,0,26,0,214,103,13,7.82745677655178,0,0,27,2,18,2,3,0,0,0,3,2,16,4,0,0,1,0,1,1,1,1,0,3,34,3,0,0,2,44,4,4,0,0,34,1,0,2,2,0,0,0,0,0,0,0,0,0,26;33;34;22,,,115,0,0,1,1,0,0,1,1,1,0,0,22
2019,17,CIN,REG,CLE,16,28,190,1,1,1,-8,1,0,241,82,12,6.08642541730997,-9.33524855860957,0,39,179,3,39,0,10,3.23543012506875,0,16,27,190,1,16,0,241,82,12,7.51252323759009,0,0,31,0,14,7,38,1,6,40,8,3,56,5,0,0,0,0,1,2,0,0,0,3,20,2,2,1,3,62,2,2,0,0,47,1,0,0,0,2,0,0,0,0,0,0,0,0,47;46,,,93,0,0,3,4,1,0,0.75,0,0,0,0,0
2019,17,CLE,REG,CIN,12,27,279,3,3,6,-40,6,0,422,63,11,2.17726673295453,-0.917542477448782,0,20,74,0,20,0,3,-0.931382312672213,0,12,24,279,3,12,0,422,63,11,13.5813901494257,0,0,39,0,34,6,23,0,1,8,2,1,0,6,0,0,0,0,1,1,0,0,0,4,33,5,1,9,3,95,1,1,0,0,42,1,0,0,0,1,0,0,0,0,0,0,0,0,42,,,42,0,0,2,3,1,0,0.666666666666667,0,0,0,0,0
2019,17,DAL,REG,WAS,23,33,303,4,0,3,-9,3,1,206,142,13,8.37396513681055,1.53408292680979,0,36,223,1,36,0,11,5.93383829747948,0,23,32,303,4,23,0,206,142,13,17.6426756420979,0,0,29,0,26,7,45,1,2,23,5,1,0,7,0,0,0,0,0,0,1,1,0,10,81,3,3,6,2,57,4,4,0,0,48,1,0,1,0,3,0,0,0,0,0,0,0,0,28;47;48;40,,,163,0,0,5,5,0,0,1,0,0,0,0,0
2019,17,DEN,REG,LV,17,28,177,1,0,2,-9,2,0,229,69,10,4.85797534761963,-1.96660378804574,0,27,70,0,27,1,3,-11.8816360453138,0,17,26,177,1,17,0,229,69,10,8.77941212286254,0,0,38,4,28,4,15,1,2,11,4,0,0,6,0,0,0,0,2,2,1,1,0,9,61,5,1,4,3,28,3,4,1,0,51,0.75,0,0,0,2,1,0,0,0,0,0,1,0,43;49;51,57,,143,57,0,1,1,0,0,1,0,0,0,0,0
2019,17,DET,REG,GB,13,30,141,1,1,1,-7,0,0,278,43,5,-13.5723557418511,-23.5916637141129,0,25,171,1,0,0,9,5.45965453924957,0,13,29,141,1,0,0,278,43,5,-10.4386868649162,0,0,47,1,21,1,11,1,1,11,6,1,0,6,0,0,0,0,0,0,0,0,0,4,50,4,1,11,0,0,2,2,0,0,56,1,0,0,0,1,1,0,0,0,0,0,0,0,42;56,,,98,0,0,2,2,0,0,1,0,0,0,0,0
2019,17,GB,REG,DET,27,55,323,2,1,1,-11,1,0,770,135,19,7.57817595617948,-8.5296423346908,0,30,120,0,30,0,6,-2.10077193962072,0,27,54,323,2,27,0,770,135,19,10.8217786914027,0,0,35,0,8,5,15,0,1,7,3,1,22,5,0,0,0,0,0,0,0,0,0,9,97,4,2,17,4,89,3,4,1,0,40,0.75,0,0,2,1,0,0,0,0,0,0,1,0,32;40;33,51,,105,51,0,2,2,0,0,1,1,1,0,0,33
2019,17,HOU,REG,TEN,21,36,225,0,1,4,-33,0,0,308,130,11,-3.6366681244981,-4.19359523802996,0,25,109,2,0,0,9,1.38701210627914,0,21,32,225,0,0,0,308,130,11,5.92415306318435,0,0,32,0,36,0,0,0,0,0,2,0,0,2,0,0,0,0,0,0,0,0,0,5,35,4,2,25,0,0,0,0,0,0,,,0,0,0,0,0,0,0,0,0,0,0,0,,,,0,0,0,2,2,0,0,1,0,0,0,0,0
2019,17,IND,REG,JAX,12,25,162,0,0,3,-19,3,1,197,99,7,-6.35299356328302,-16.578228585422,0,27,132,2,27,1,9,-1.35141419236497,0,12,24,162,0,12,0,197,99,7,2.46536963648417,0,0,44,0,20,3,10,1,3,9,3,1,0,2,0,0,0,0,0,0,0,0,0,4,36,2,2,20,4,114,2,2,0,0,50,1,0,1,0,0,1,0,0,0,0,0,0,0,20;50,,,70,0,0,2,2,0,0,1,0,0,0,0,0
2019,17,JAX,REG,IND,27,39,295,3,1,3,-9,3,0,232,128,15,10.1255025108594,-0.623202171081155,1,24,67,0,24,0,6,-5.8248979163605,0,27,39,295,3,27,0,232,128,15,10.7676391675386,1,0,41,1,11,5,18,2,3,19,7,0,0,5,0,0,0,0,1,1,2,2,1,3,27,3,1,5,3,110,3,3,0,0,56,1,0,1,0,0,2,0,0,0,0,0,0,0,20;53;56,,,129,0,0,3,3,0,0,1,0,0,0,0,0
2019,17,KC,REG,LAC,16,25,174,1,1,0,0,0,0,142,71,5,-2.14062393860152,-5.23466169834137,0,23,162,2,0,0,9,10.2269739581388,0,16,25,174,1,0,0,142,71,5,-2.14062393860152,0,1,49,0,26,6,35,0,3,23,8,2,6,5,0,0,0,0,0,0,0,0,0,5,39,0,3,21,2,117,1,1,0,0,40,1,0,0,0,1,0,0,0,0,0,0,0,0,40,,,40,0,0,4,4,0,0,1,0,0,0,0,0
2019,17,LA,REG,ARI,29,45,319,3,0,1,-8,0,0,352,123,17,14.8376841632666,0.514428588477051,0,33,113,1,0,0,4,-7.38264634314692,0,29,44,319,3,0,0,352,123,17,16.5969952792761,0,0,30,4,18,2,5,1,1,3,1,2,23,8,0,0,0,0,0,0,3,3,0,10,91,5,2,18,1,30,1,2,1,0,47,0.5,0,0,0,1,0,0,0,0,0,1,0,0,47,47,,47,47,0,4,4,0,0,1,0,0,0,0,0
2019,17,LAC,REG,KC,31,46,281,2,2,3,-23,0,0,314,170,14,8.98042707925197,4.40160171552138,0,25,108,1,0,0,8,0.582986167748459,0,31,44,281,2,0,0,314,170,14,15.0762197773438,0,0,34,0,10,1,1,0,0,0,2,1,15,4,0,0,0,0,0,0,0,0,0,8,40,4,0,0,5,99,0,0,0,0,,,0,0,0,0,0,0,0,0,0,0,0,0,,,,0,0,0,3,3,0,0,1,0,0,0,0,0
2019,17,LV,REG,DEN,29,46,391,1,0,2,-11,2,0,305,207,13,9.41438423510906,5.59993066438814,0,22,97,0,22,0,4,-6.25010729202768,0,29,41,391,1,29,1,305,207,13,11.9962313118599,0,0,42,1,13,5,18,3,2,9,5,0,0,3,0,1,0,0,2,3,1,1,0,10,107,6,2,5,1,12,3,4,1,0,33,0.75,0,2,1,0,0,0,0,0,1,0,0,0,23;33;28,39,,84,39,0,0,0,0,0,,0,0,0,0,0
2019,17,MIA,REG,NE,29,44,340,1,0,2,-14,2,0,426,140,19,10.1985061024776,3.33508578213779,0,22,63,1,22,0,6,-0.69766850565793,0,29,44,340,1,29,0,426,140,19,14.604503240366,0,0,29,13,15,5,11,1,1,4,3,1,35,4,1,1,0,0,2,3,1,1,0,4,35,2,2,7,1,18,2,2,0,0,32,1,0,1,1,0,0,0,0,0,0,0,0,0,27;32,,,59,0,0,3,3,0,0,1,0,0,0,0,0
2019,17,MIN,REG,CHI,12,21,126,0,2,0,0,0,0,132,66,6,-4.06089604231895,-13.5623654723167,0,26,174,1,26,1,8,-2.37506716576172,0,12,20,126,0,12,0,132,66,6,-3.99496001446753,0,0,53,2,30,7,30,2,4,28,5,0,0,2,0,0,0,0,0,1,1,1,0,3,40,6,1,8,1,28,4,4,0,0,39,1,0,0,4,0,0,0,0,0,0,0,0,0,37;38;39;34,,,148,0,0,1,1,0,0,1,0,0,0,0,0
2019,17,NE,REG,MIA,16,29,221,2,1,1,-4,1,0,308,84,8,0.155501992688261,-7.28928148746491,0,27,135,1,27,0,8,1.93397845519939,0,16,29,221,2,16,0,308,84,8,1.27354094858955,0,0,40,14,14,3,16,0,2,14,5,0,0,3,0,0,0,0,1,6,0,0,0,6,54,2,1,7,1,38,1,1,0,0,25,1,0,1,0,0,0,0,0,0,0,0,0,0,25,,,25,0,0,3,3,0,0,1,0,0,0,0,0
2019,17,NO,REG,CAR,20,31,267,3,0,1,-3,0,0,207,175,16,19.5205670034629,4.07693529951162,0,35,115,2,0,0,6,-2.87996829676558,0,20,29,267,3,0,0,207,175,16,22.2258829433122,0,0,39,1,13,2,11,0,2,11,5,2,14,10,1,0,0,0,0,0,1,1,0,3,44,2,2,19,0,0,0,0,0,0,,,0,0,0,0,0,0,0,0,0,0,0,0,,,,0,0,0,6,6,0,0,1,0,0,0,0,0
2019,17,NYG,REG,PHI,28,47,301,1,1,4,-26,4,0,521,69,13,-8.73405441858762,-3.11266519921891,0,21,122,1,21,1,5,-9.17157207580749,0,28,47,301,1,28,0,521,69,13,-2.85859245139131,0,0,35,13,25,4,17,0,1,10,5,0,0,6,0,0,0,0,2,3,0,0,0,4,48,5,4,22,5,115,1,1,0,0,37,1,0,0,1,0,0,0,0,0,0,0,0,0,37,,,37,0,0,2,2,0,0,1,0,0,0,0,0
2019,17,NYJ,REG,BUF,23,36,199,1,1,2,-14,2,0,238,86,10,1.82687002882753,0.511288371953095,0,27,86,0,27,0,8,-10.2499245562793,0,23,33,199,1,23,0,238,86,10,5.61446904471019,0,0,42,1,9,9,28,1,1,1,2,2,15,7,0,0,0,0,1,2,1,1,0,2,13,5,1,9,1,16,2,4,2,0,47,0.5,0,0,1,1,0,0,0,0,1,0,1,0,30;47,51;34,,77,85,0,1,1,0,0,1,0,0,0,0,0
2019,17,PHI,REG,NYG,23,40,289,1,0,1,-10,1,0,301,135,14,5.756273107239,-9.13757108151913,0,31,121,3,31,0,10,-0.896634672681103,0,23,40,289,1,23,0,301,135,14,7.45342354812561,0,0,44,10,20,9,41,2,4,26,10,1,3,11,0,0,0,0,1,1,1,1,0,7,55,2,2,3,1,4,2,2,0,0,50,1,0,0,1,0,1,0,0,0,0,0,0,0,31;50,,,81,0,0,4,4,0,0,1,0,0,0,0,0
2019,17,PIT,REG,BAL,9,25,95,0,0,2,-18,2,1,132,75,5,-13.8919100773166,-18.7485215067863,0,23,91,1,23,1,5,-6.79411856265506,0,9,20,95,0,9,0,132,75,5,-1.616931453824,0,0,51,7,15,3,10,1,3,15,8,1,0,5,0,0,0,0,1,2,1,1,0,6,47,2,2,24,3,32,1,1,0,0,26,1,0,1,0,0,0,0,0,0,0,0,0,0,26,,,26,0,0,1,1,0,0,1,0,0,0,0,0
2019,17,SEA,REG,SF,25,40,233,2,0,1,-10,1,0,267,85,17,10.7775377493817,6.85746465858661,0,30,125,1,30,0,6,-3.85826010568417,0,25,38,233,2,25,0,267,85,17,14.6078271778533,0,0,34,0,18,6,22,1,2,15,2,0,0,1,0,0,0,0,0,0,0,0,0,5,29,4,1,16,1,17,0,0,0,0,,,0,0,0,0,0,0,0,0,0,0,0,0,,,,0,0,0,3,3,0,0,1,0,0,0,0,0
2019,17,SF,REG,SEA,18,22,285,0,0,2,-15,2,0,147,149,12,14.2766206202881,10.2054216644981,0,24,128,3,24,0,7,4.09766262053745,0,18,22,285,0,18,0,147,149,12,18.1027491488579,0,0,45,3,17,1,10,1,1,10,9,0,0,4,0,0,0,0,1,1,0,0,0,8,57,3,2,6,1,0,2,2,0,0,47,1,0,0,1,1,0,0,0,0,0,0,0,0,47;30,,,77,0,0,2,2,0,0,1,0,0,0,0,0
2019,17,TB,REG,ATL,13,24,201,2,2,1,-8,1,0,253,65,8,-6.64932761927579,-4.84974591628365,0,21,136,0,21,1,6,-2.80025555921726,1,13,23,201,2,13,0,253,65,8,-3.78561500155578,0,0,57,1,17,9,31,1,6,27,14,0,0,6,0,0,0,0,1,1,1,1,1,12,97,4,0,0,3,61,0,3,3,0,,0,0,0,0,0,0,0,0,0,1,2,0,0,,49;44;34,,0,127,0,2,2,0,0,1,0,0,0,0,0
2019,17,TEN,REG,HOU,14,21,222,2,0,0,0,0,0,284,81,11,15.5600863313593,5.97680920646304,0,39,245,3,0,0,13,13.0248464410834,0,14,21,222,2,0,0,284,81,11,15.5600863313593,0,0,38,2,18,5,34,0,4,33,6,1,0,4,0,0,0,0,0,0,0,0,0,5,37,1,2,9,2,49,0,0,0,0,,,0,0,0,0,0,0,0,0,0,0,0,0,,,,0,0,0,5,5,0,0,1,0,0,0,0,0
2019,17,WAS,REG,DAL,18,37,206,1,1,2,-23,2,0,241,105,8,-18.7844861865618,-15.7570227554866,0,20,88,0,20,0,4,-2.70566454139771,0,18,35,206,1,18,1,241,105,8,-17.7037051630549,0,0,55,0,16,5,19,1,3,9,6,0,0,4,0,0,0,0,0,0,1,1,0,2,10,2,0,0,2,34,3,3,0,0,42,1,0,1,1,1,0,0,0,0,0,0,0,0,31;42;28,,,101,0,0,1,1,0,0,1,0,0,0,0,0
2019,18,BUF,POST,HOU,25,48,280,1,0,3,-27,3,1,424,163,14,-0.263007347127061,-7.79144611469535,0,30,172,0,30,0,10,1.44986468006391,0,25,43,280,1,25,0,424,163,14,12.3895132762831,0,0,42,7,27,7,32,1,7,28,12,0,0,2,0,0,0,0,0,0,1,1,0,7,64,7,1,8,0,0,4,4,0,0,47,1,0,0,1,3,0,0,0,0,0,0,0,0,40;40;38;47,,,165,0,0,1,1,0,0,1,0,0,0,0,0
2019,18,HOU,POST,BUF,20,25,247,1,0,7,-28,7,0,216,97,13,6.05186282904631,13.9055763483048,1,33,141,1,33,0,6,-4.34964211865724,1,20,25,247,1,20,1,216,97,13,12.2216561350682,1,0,40,9,25,3,29,2,3,27,11,0,0,6,0,0,0,0,1,2,1,1,0,4,20,5,1,11,2,15,2,2,0,0,41,1,0,1,0,1,0,0,0,0,0,0,0,0,41;28,,,69,0,0,0,0,0,0,,1,1,0,0,28
2019,18,MIN,POST,NO,19,31,242,1,0,3,-16,3,0,260,91,11,10.9795542022457,-5.38541914955262,0,40,136,2,40,0,9,-4.01665062952775,0,19,31,242,1,19,1,260,91,11,9.44377487776908,0,0,41,0,26,3,17,1,3,31,7,1,30,4,0,0,0,0,0,0,1,1,0,4,26,4,2,17,1,3,2,2,0,0,43,1,0,1,0,1,0,0,0,0,0,0,0,0,43;21,,,64,0,0,2,2,0,0,1,0,0,0,0,0
2019,18,NE,POST,TEN,20,37,209,0,1,0,0,0,0,329,134,11,-3.11487812500026,-9.72708152873175,0,22,98,1,22,0,6,-2.69498841944954,0,20,35,209,0,20,0,329,134,11,-2.2582764823227,0,0,38,11,17,3,10,1,1,5,5,1,0,4,0,0,0,0,1,1,0,0,0,3,28,6,1,23,1,10,2,2,0,0,36,1,0,1,1,0,0,0,0,0,0,0,0,0,36;21,,,57,0,0,1,1,0,0,1,0,0,0,0,0
2019,18,NO,POST,MIN,27,34,258,1,1,3,-31,3,1,250,87,12,-11.0037843304864,9.59595983678644,0,17,97,1,17,0,6,4.33614023326663,0,27,33,258,1,27,0,250,87,12,-0.45394081912664,0,0,47,1,29,7,26,1,3,16,5,0,0,7,0,0,0,0,0,0,1,1,0,6,52,4,4,44,5,148,2,3,1,0,49,0.666666666666667,0,1,0,1,0,0,0,0,0,1,0,0,29;49,43,,78,43,0,2,2,0,0,1,0,0,0,0,0
2019,18,PHI,POST,SEA,19,28,177,0,0,7,-15,7,0,170,83,9,-9.3915859594781,4.41520380973816,0,26,120,0,26,0,8,-0.805875314117286,0,19,25,177,0,19,0,170,83,9,0.559604565270901,0,0,34,2,16,5,14,1,1,7,11,0,0,2,0,0,0,0,3,3,0,0,0,7,45,6,0,0,1,24,3,3,0,0,46,1,0,1,1,1,0,0,0,0,0,0,0,0,46;26;38,,,110,0,0,0,0,0,0,,0,0,0,0,0
2019,18,SEA,POST,PHI,18,30,325,1,0,1,-7,1,0,349,133,10,14.673623143744,3.53103357142415,0,26,64,1,26,0,5,-3.12828333489597,0,18,29,325,1,18,0,349,133,10,17.444201435244,0,0,46,1,11,10,27,0,7,15,9,0,0,2,0,0,0,0,2,3,0,0,0,11,114,2,1,5,3,60,1,2,0,1,49,0.5,0,0,0,1,0,0,0,0,0,0,0,0,49,,35,49,0,35,2,2,0,0,1,0,0,0,0,0
2019,18,TEN,POST,NE,9,16,76,1,1,1,-5,1,0,134,46,5,-1.64870855177287,1.53289477030436,0,40,201,1,40,0,14,2.03058883662755,0,9,15,76,1,9,0,134,46,5,0.611555530223995,0,0,31,8,14,5,9,1,0,0,4,1,9,7,1,0,0,0,2,3,1,1,0,5,25,5,0,0,2,40,0,0,0,0,,,0,0,0,0,0,0,0,0,0,0,0,0,,,,0,0,0,2,2,0,0,1,0,0,0,0,0
2019,19,BAL,POST,TEN,31,59,365,1,2,4,-20,4,1,663,92,18,-12.5123583710559,-4.94698853987568,0,29,185,0,29,0,11,-1.50466921838233,0,31,53,365,1,31,0,663,92,18,-0.129306707107746,0,0,37,0,16,3,13,0,1,8,4,0,0,4,0,0,0,0,0,0,0,0,0,7,56,6,0,0,3,71,2,2,0,0,49,1,0,1,0,1,0,0,0,0,0,0,0,0,49;22,,,71,0,0,0,0,0,0,,0,0,0,0,0
2019,19,GB,POST,SEA,16,27,243,2,0,2,-8,0,0,223,94,12,12.9532563993416,4.92136126214808,0,30,109,2,0,0,7,0.696338125184411,0,16,22,243,2,0,0,223,94,12,19.3153543761,0,0,44,0,18,3,12,0,5,12,10,0,0,2,0,0,0,0,0,0,0,0,0,4,30,4,1,6,2,22,0,0,0,0,,,0,0,0,0,0,0,0,0,0,0,0,0,,,,0,0,0,4,4,0,0,1,0,0,0,0,0
2019,19,HOU,POST,KC,31,52,388,2,0,5,-40,5,0,465,156,18,2.68774408889546,-2.58324635028839,0,21,94,1,21,0,4,-0.911458387142318,0,31,50,388,2,31,0,465,153,18,12.2899008722914,0,1,40,0,4,3,10,0,1,5,3,0,0,4,0,0,0,10,1,1,1,1,0,7,87,6,1,11,3,51,1,2,1,0,31,0.5,0,0,1,0,0,0,0,0,0,0,1,0,31,51,,31,51,0,4,4,0,0,1,0,0,0,0,0
2019,19,KC,POST,HOU,23,35,321,5,0,1,-5,1,0,228,176,16,18.2145201146727,1.10002968992505,0,21,118,2,21,0,9,2.56862684316002,0,23,35,321,5,23,0,228,176,16,19.0848618237891,0,0,47,0,18,6,41,1,5,40,8,0,0,5,0,1,0,0,0,0,1,1,0,4,37,1,2,1,6,142,1,1,0,0,24,1,0,1,0,0,0,0,0,0,0,0,0,0,24,,,24,0,0,6,7,1,0,0.857142857142857,0,0,0,0,0
2019,19,MIN,POST,SF,21,29,172,1,1,6,-46,6,0,178,85,6,-15.2757114188401,4.63930676723349,0,10,21,0,10,0,0,-4.8981084068073,0,21,29,172,1,21,0,178,85,6,-6.52083258278435,0,0,47,3,25,1,9,1,2,9,3,1,4,4,0,2,0,0,3,3,1,1,0,1,15,4,2,0,5,148,1,1,0,0,39,1,0,0,1,0,0,0,0,0,0,0,0,0,39,,,39,0,0,1,1,0,0,1,0,0,0,0,0
2019,19,SEA,POST,GB,21,31,277,1,0,5,-12,0,0,358,90,15,10.5159210019695,13.0375162831375,0,24,110,2,0,0,8,2.35875757294707,0,21,28,277,1,0,0,358,90,15,17.3316612355622,0,0,34,0,20,3,14,0,2,8,6,0,0,3,0,0,0,0,0,0,0,0,0,6,47,6,1,10,5,97,1,2,1,0,45,0.5,0,0,0,1,0,0,0,0,0,0,1,0,45,50,,45,50,0,2,2,0,0,1,0,0,0,0,0
2019,19,SF,POST,MIN,11,19,131,1,1,2,-9,2,0,169,36,9,-0.707712820485454,-4.01058677170012,0,47,186,2,47,1,12,0.0352677965711337,0,11,18,131,1,11,0,169,36,9,3.92280620830169,0,0,41,2,6,8,42,2,6,46,9,1,13,4,0,0,0,0,0,0,1,1,0,5,38,3,3,23,1,22,2,2,0,0,35,1,0,1,1,0,0,0,0,0,0,0,0,0,35;21,,,56,0,0,3,3,0,0,1,0,0,0,0,0
2019,19,TEN,POST,BAL,8,15,91,3,0,1,-8,0,0,180,32,5,2.30480595427798,-0.883980989456177,0,37,217,1,0,0,9,9.07196673355065,0,8,15,91,3,0,0,180,32,5,4.28664928145008,0,0,57,0,18,4,17,1,4,20,7,2,34,8,0,0,0,0,0,0,1,1,0,5,20,2,0,0,2,27,0,0,0,0,,,0,0,0,0,0,0,0,0,0,0,0,0,,,,0,0,0,4,4,0,0,1,0,0,0,0,0
2019,20,GB,POST,SF,31,39,326,2,2,3,-30,3,0,332,180,16,9.82399609313882,15.2879248197014,0,16,62,1,16,1,5,-3.8849322499882,0,31,37,326,2,31,0,332,180,16,16.3015489648534,0,0,38,4,14,4,14,0,1,8,1,0,0,2,0,0,0,0,2,2,0,0,0,6,46,5,0,0,2,29,0,0,0,0,,,0,0,0,0,0,0,0,0,0,0,0,0,,,,0,0,0,2,2,0,0,1,0,0,0,0,0
2019,20,KC,POST,TEN,23,35,294,3,0,2,-2,2,0,299,111,14,15.7003531181254,6.07173787429929,0,27,112,2,27,0,10,1.7257702536881,0,23,32,294,3,23,0,299,111,14,18.4702910677297,0,0,39,0,20,6,37,0,3,27,4,0,0,5,0,0,0,0,1,1,0,0,0,9,61,1,2,7,5,105,0,0,0,0,,,0,0,0,0,0,0,0,0,0,0,0,0,,,,0,0,0,5,5,0,0,1,0,0,0,0,0
2019,20,SF,POST,GB,6,8,77,0,0,1,-8,0,0,27,62,3,-0.344527705232872,-3.34884598851204,0,42,285,4,0,0,13,15.1749330100293,0,6,8,77,0,0,0,27,62,3,2.26148425347948,0,0,38,5,15,4,23,2,3,30,2,2,12,3,0,0,0,0,0,0,1,1,0,2,10,5,1,26,2,29,3,3,0,0,54,1,0,1,0,1,1,0,0,0,0,0,0,0,54;27;42,,,123,0,0,4,4,0,0,1,0,0,0,0,0
2019,20,TEN,POST,KC,22,32,237,2,0,3,-27,0,0,269,111,13,7.43315213911966,3.48248155787587,0,23,85,1,0,0,4,0.109558266325621,0,22,32,237,2,0,0,269,111,13,14.5011612681466,0,0,42,0,16,4,8,0,2,2,7,0,0,1,0,0,0,0,0,0,0,0,0,8,85,2,1,9,4,61,1,1,0,0,30,1,0,0,1,0,0,0,0,0,0,0,0,0,30,,,30,0,0,3,3,0,0,1,0,0,0,0,0
2019,21,KC,POST,SF,26,42,286,2,2,4,-18,4,0,348,99,13,1.76160787240134,-2.31240361164778,0,29,129,2,29,0,12,13.237749856984,0,26,39,286,2,26,0,348,99,13,8.45910847075631,0,0,36,2,20,3,12,0,1,9,6,2,1,6,0,0,0,0,1,1,0,0,0,4,24,2,0,0,3,58,1,1,0,0,31,1,0,0,1,0,0,0,0,0,0,0,0,0,31,,,31,0,0,4,4,0,0,1,0,0,0,0,0
2019,21,SF,POST,KC,20,31,219,1,2,1,-9,1,0,248,115,13,1.39360804471919,-2.21388811065305,0,22,141,1,22,0,8,4.91119951548171,0,20,31,219,1,20,0,248,115,13,4.41504891612833,0,0,45,0,22,4,23,3,4,18,8,2,10,6,0,1,0,0,1,1,0,0,0,5,45,4,1,0,4,61,2,2,0,0,42,1,0,0,1,1,0,0,0,0,0,0,0,0,38;42,,,80,0,0,2,2,0,0,1,0,0,0,0,0
